{
  "steps": [
  {
      "id": "step_informations_sur_lassemble",
      "title": "Informations sur l'assemblée",
      "description": "",
      "blocs": ["bloc_details_assemblé",
	   "bloc_autres_personnes",
	            "bloc_autre_personne_1",
				"bloc_autre_personne_2",
				"bloc_autre_personne_3",
				"bloc_autre_personne_4",
				"bloc_autre_personne_5"],
      "visibility": true
    },
	
	
	{
      "id": "step_question_10_11_12_13_14_15_16",
      "title": "Information sur l’augmentation du capital en numéraire",
      "description": "",
      "blocs": ["bloc_10_11_12_13_14_15_16"],
      "visibility": true
    },
	
	{
      "id": "step_question_17_18_19",
      "title": "Informations sur les statuts de la société",
      "description": "",
      "blocs": ["bloc_17_18_19"],
      "visibility": true
    }
	
  

	 
  ],
  "blocs": [
  

  
 
  
  {
      "id": "bloc_details_assemblé",
      "title": "",
      "description": "",
      "inputs": [
	    "input_denomination_sociale",
		"input_siege_social",
		"input_capital_sociale_en_dinars",
		"input_identifiant_unique",
		"input_date_reunion_de_lassemble",
		"input_heure_debut_reuiion_lassemble",
		"input_heure_fin_reuiion_lassemble",
		"input_questionn_8"],
      "visibility": true
    },
	
  {
      "id": "bloc_autres_personnes",
      "title": "9- Autre(s) personne(s) présente(s) :",
      "description": "",
      "inputs": [
        "input_nombre_autres_personnes"
      ],
      "visibility": true
    },
	
	{"id": "bloc_autre_personne_1","title": "Autre personne présente 1","description": "","inputs": ["input_qualité_autres_personnes_1","input_nom_prénom_autres_personnes_1"],"visibility": false},
    {"id": "bloc_autre_personne_2","title": "Autre personne présente 2","description": "","inputs": ["input_qualité_autres_personnes_2","input_nom_prénom_autres_personnes_2"],"visibility": false},
    {"id": "bloc_autre_personne_3","title": "Autre personne présente 3","description": "","inputs": ["input_qualité_autres_personnes_3","input_nom_prénom_autres_personnes_3"],"visibility": false},
    {"id": "bloc_autre_personne_4","title": "Autre personne présente 4","description": "","inputs": ["input_qualité_autres_personnes_4","input_nom_prénom_autres_personnes_4"],"visibility": false},
    {"id": "bloc_autre_personne_5","title": "Autre personne présente 5","description": "","inputs": ["input_qualité_autres_personnes_5","input_nom_prénom_autres_personnes_5"],"visibility": false},

 
 
 
	{
      "id": "bloc_10_11_12_13_14_15_16",
      "title": "",
      "description": "",
      "inputs": [
	    "input_question_10",
	    "input_question_11",
		"input_question_12",
		"input_question_13",
		"input_question_14",
		"input_question_15",
		"input_question_16"

		
		],
      "visibility": true
    },
	
	{
      "id": "bloc_17_18_19",
      "title": "",
      "description": "",
      "inputs": [
	    "input_question_17",
	    "input_question_18",
		"input_question_19"

		
		],
      "visibility": true
    }
 
 
  
  ],
  "inputs": [ 
  
 
{
      "id": "input_nombre_autres_personnes",
      "type": "select_input_generator",
      "description": "",
      "name": "input_nombre_autres_personnes",
      "label": "Nombre d'autres personnes présentes :",
      "placeHolder": "--Autres personnes présentes--",
      "help": " --- Il peut s’agir du nouveau gérant ---",
      "options": ["0","1", "2", "3", "4", "5"],
      "value": "0",
      "bookmarkIdPerValue": {
		"0": ["Autre_personnes_non", "Autre_personnes_non_2"],
        "1": ["Autre_personnes"],
        "2": ["Autre_personnes"],
        "3": ["Autre_personnes"],
        "4": ["Autre_personnes"],
        "5": ["Autre_personnes"]
      },
      "visibility": true
    },
    {"id": "input_qualité_autres_personnes_1","type": "text","description": "","name": "input_qualité_autres_personnes_1","label": "Qualité :","placeHolder": "","help": "","options": [],"value": "","bookmarkIdPerValue": {},"visibility": true},
    {"id": "input_qualité_autres_personnes_2","type": "text","description": "","name": "input_qualité_autres_personnes_2","label": "Qualité :","placeHolder": "","help": "","options": [],"value": "","bookmarkIdPerValue": {},"visibility": true},
    {"id": "input_qualité_autres_personnes_3","type": "text","description": "","name": "input_qualité_autres_personnes_3","label": "Qualité :","placeHolder": "","help": "","options": [],"value": "","bookmarkIdPerValue": {},"visibility": true},
    {"id": "input_qualité_autres_personnes_4","type": "text","description": "","name": "input_qualité_autres_personnes_4","label": "Qualité :","placeHolder": "","help": "","options": [],"value": "","bookmarkIdPerValue": {},"visibility": true},
    {"id": "input_qualité_autres_personnes_5","type": "text","description": "","name": "input_qualité_autres_personnes_5","label": "Qualité :","placeHolder": "","help": "","options": [],"value": "","bookmarkIdPerValue": {},"visibility": true},

    {"id": "input_nom_prénom_autres_personnes_1","type": "text","description": "","name": "input_nom_prénom_autres_personnes_1","label": "Nom et prénom :","placeHolder": "","help": "","options": [],"value": "","bookmarkIdPerValue": {},"visibility": true},
    {"id": "input_nom_prénom_autres_personnes_2","type": "text","description": "","name": "input_nom_prénom_autres_personnes_2","label": "Nom et prénom :","placeHolder": "","help": "","options": [],"value": "","bookmarkIdPerValue": {},"visibility": true},
    {"id": "input_nom_prénom_autres_personnes_3","type": "text","description": "","name": "input_nom_prénom_autres_personnes_3","label": "Nom et prénom :","placeHolder": "","help": "","options": [],"value": "","bookmarkIdPerValue": {},"visibility": true},
    {"id": "input_nom_prénom_autres_personnes_4","type": "text","description": "","name": "input_nom_prénom_autres_personnes_4","label": "Nom et prénom :","placeHolder": "","help": "","options": [],"value": "","bookmarkIdPerValue": {},"visibility": true},
    {"id": "input_nom_prénom_autres_personnes_5","type": "text","description": "","name": "input_nom_prénom_autres_personnes_5","label": "Nom et prénom :","placeHolder": "","help": "","options": [],"value": "","bookmarkIdPerValue": {},"visibility": true},
	   


 
  
  
  
  
  
  
  
  
    {"id": "input_denomination_sociale","type": "text","description": "","name": "input_denomination_sociale","label": "1- Dénomination Sociale","placeHolder": "","help": "","options": [],"value": "","bookmarkIdPerValue": { "text": ["denomination_sociale","denomination_sociale_1"]},"visibility": true},
	{"id": "input_capital_sociale_en_dinars", "type": "text", "description": "", "name": "input_capital_sociale_en_dinars", "label": "3- Capital social en Dinars", "placeHolder": "","help": "","options": [],"value": "","bookmarkIdPerValue": {  "text": ["capital_sociale_en_dinars","capital_sociale_en_dinars_1","capital_sociale_en_dinars_2"]},"visibility": true},
	{"id": "input_siege_social","type": "text","description": "","name": "input_siege_social","label": "2- Siège Social","placeHolder": "","help": "","options": [],"value": "","bookmarkIdPerValue": { "text": ["siege_social"] }, "visibility": true},
	{"id": "input_identifiant_unique","type": "text","description": "","name": "input_identifiant_unique","label": "4- Identifiant Unique","placeHolder": "","help": "","options": [],"value": "","bookmarkIdPerValue": {"text": ["identifiant_unique"]}, "visibility": true},
	{"id": "input_date_reunion_de_lassemble","type": "date", "description": "","name": "input_date_reunion_de_lassemble", "label": "5- Date de réunion de l'assemblée", "placeHolder": "", "help": "","options": [],"value": "","bookmarkIdPerValue": { "text": ["date_reunion_lassemble","date_reunion_lassemble_1"]}, "visibility": true},
	{"id": "input_heure_debut_reuiion_lassemble","type": "time","description": "","name": "input_heure_debut_reuiion_lassemble","label": "6- Heure de début de la réunion de l'assemblée","placeHolder": "","help": "", "options": [], "value": "","bookmarkIdPerValue": {  "text": ["heure_debut_reuiion"]},"visibility": true},
	{"id": "input_heure_fin_reuiion_lassemble","type": "time","description": "","name": "input_heure_fin_reuiion_lassemble","label": "7- Heure de fin de la réunion de l'assemblée","placeHolder": "","help": "","options": [],"value": "","bookmarkIdPerValue": {"text": ["heure_fin_reuiion"] }, "visibility": true},
  	{"id": "input_questionn_8","type": "text","description": "","name": "input_questionn_8","label": "8- Quel est le nom et le prénom de l’associé unique ?","placeHolder": "","help": "","options": [],"value": "","bookmarkIdPerValue": {"text": ["question_8","question_8_1","question_8_2","question_8_3"] }, "visibility": true},
    {"id": "input_question_10","type": "number","description": "","name": "input_question_10","label": "10- Montant de l’augmentation du capital","placeHolder": "","help": "","options": [],"value": "","bookmarkIdPerValue": { "text": ["bookmark_question_10"]},"visibility": true},
    {"id": "input_question_11","type": "number","description": "","name": "input_question_11","label": "11- Montant du capital social après l’augmentation","placeHolder": "","help": "","options": [],"value": "","bookmarkIdPerValue": { "text": ["bookmark_question_11","bookmark_question_11_1","bookmark_question_11_2"]},"visibility": true},
    {"id": "input_question_12","type": "number","description": "","name": "input_question_12","label": "12- Nombre de parts nouvelles","placeHolder": "","help": "","options": [],"value": "","bookmarkIdPerValue": { "text": ["bookmark_question_12"]},"visibility": true},
    {"id": "input_question_13","type": "number","description": "","name": "input_question_13","label": "13- Valeur nominale du part sociale","placeHolder": "","help": "","options": [],"value": "","bookmarkIdPerValue": { "text": ["bookmark_question_13","bookmark_question_13_1"]},"visibility": true},
    {"id": "input_question_14","type": "text","description": "","name": "input_question_14","label": "14- Nom de la banque","placeHolder": "","help": "","options": [],"value": "","bookmarkIdPerValue": { "text": ["bookmark_question_14"]},"visibility": true},
    {"id": "input_question_15","type": "text","description": "","name": "input_question_15","label": "15- Nom de l'agence","placeHolder": "","help": "","options": [],"value": "","bookmarkIdPerValue": { "text": ["bookmark_question_15"]},"visibility": true},
	{"id": "input_question_16","type": "number","description": "","name": "input_question_16","label": "16- Numéro de compte","placeHolder": "","help": "","options": [],"value": "","bookmarkIdPerValue": { "text": ["bookmark_question_16"]},"visibility": true},
	{"id": "input_question_17","type": "number","description": "","name": "input_question_17","label": "17- Le numéro de l’article sur les apports","placeHolder": "","help": "","options": [],"value": "","bookmarkIdPerValue": { "text": ["bookmark_question_17","bookmark_question_17_1"]},"visibility": true},
	{"id": "input_question_18","type": "number","description": "","name": "input_question_18","label": "18- Le numéro de l’article sur le capital social","placeHolder": "","help": "","options": [],"value": "","bookmarkIdPerValue": { "text": ["bookmark_question_18","bookmark_question_18_1","bookmark_question_18_2"]},"visibility": true},
	{"id": "input_question_19","type": "number","description": "","name": "input_question_19","label": "19- Nombre total des parts","placeHolder": "","help": "","options": [],"value": "","bookmarkIdPerValue": { "text": ["bookmark_question_19","bookmark_question_19_1"]},"visibility": true}


  
 
  
   ],
  "bookmarks": [
  
 



  
  {"bookmarkId": "denomination_sociale","value": "","fontFamily": "Times New Roman","color": null,"bold": true,"underline": "single","italic": false,"capitalized": false,"type": "USER_INPUT","fontSize": 12},
  {"bookmarkId": "denomination_sociale_1","value": "","fontFamily": "Times New Roman","color": null,"bold": false,"italic": false,"capitalized": false,"type": "USER_INPUT","fontSize": 12},
  {"bookmarkId": "capital_sociale_en_dinars","value": "","fontFamily": "Times New Roman","color": null,"bold": true,"underline": "single","italic": false,"capitalized": false,"type": "USER_INPUT","fontSize": 12},
  {"bookmarkId": "capital_sociale_en_dinars_1","value": "","fontFamily": "Times New Roman","color": null,"bold": false,"italic": false,"capitalized": false,"type": "USER_INPUT","fontSize": 12},
  {"bookmarkId": "capital_sociale_en_dinars_2","value": "","fontFamily": "Times New Roman","color": null,"bold": false,"italic": false,"capitalized": false,"type": "USER_INPUT","fontSize": 12},
  {"bookmarkId": "siege_social","value": "","fontFamily": "Times New Roman","color": null,"bold": true,"italic": false,"underline": "single","capitalized": false,"type": "USER_INPUT","fontSize": 12},
  {"bookmarkId": "identifiant_unique","value": "","fontFamily": "Times New Roman","color": null,"bold": true,"italic": false,"underline": "single","capitalized": false,"type": "USER_INPUT","fontSize": 12},
  {"bookmarkId": "date_reunion_lassemble","value": "","fontFamily": "Times New Roman","color": null,"bold": true,"italic": false,"underline": "single","capitalized": false,"type": "USER_INPUT","fontSize": 12},
  {"bookmarkId": "date_reunion_lassemble_1","value": "","fontFamily": "Times New Roman","color": null,"bold": false,"italic": false,"capitalized": false,"type": "USER_INPUT","fontSize": 12},
  {"bookmarkId": "heure_debut_reuiion","value": "","fontFamily": "Times New Roman","color": null,"bold": false,"italic": false,"capitalized": false,"type": "USER_INPUT","fontSize": 12},
  {"bookmarkId": "heure_fin_reuiion","value": "","fontFamily": "Times New Roman","color": null,"bold": false,"italic": false,"capitalized": false,"type": "USER_INPUT","fontSize": 12},
  {"bookmarkId": "question_8","value": "","fontFamily": "Times New Roman","color": null,"bold": false,"italic": false,"capitalized": false,"type": "USER_INPUT","fontSize": 12},
  {"bookmarkId": "question_8_1","value": "","fontFamily": "Times New Roman","color": null,"bold": true,"italic": false,"capitalized": false,"type": "USER_INPUT","fontSize": 12},
  {"bookmarkId": "question_8_2","value": "","fontFamily": "Times New Roman","color": null,"bold": false,"italic": false,"capitalized": false,"type": "USER_INPUT","fontSize": 12},
  {"bookmarkId": "question_8_3","value": "","fontFamily": "Times New Roman","color": null,"bold": false,"italic": false,"capitalized": false,"type": "USER_INPUT","fontSize": 12},

  
 {
      "bookmarkId": "Autre_personnes_non",
      "value": "",
      "fontFamily": "Times New Roman",
      "color": null,
      "bold": false,
      "italic": false,
      "capitalized": false,
      "type": "PARAGRAPH_WITH_BOOKMARKS",
      "fontSize": 12
    },
    {
      "bookmarkId": "Autre_personnes_non_2",
      "value": "",
      "fontFamily": "Times New Roman",
      "color": null,
      "bold": false,
      "italic": false,
      "capitalized": false,
      "type": "INPUT_GENERATOR",
      "fontSize": 12
    },
    {
      "bookmarkId": "Autre_personnes",
      "value": "input_qualité_autres_personnes_ input_nom_prénom_autres_personnes_",
      "fontFamily": "Times New Roman",
      "color": null,
      "bold": false,
      "italic": false,
      "capitalized": false,
      "type": "INPUT_GENERATOR",
      "fontSize": 12
	},
	
	{
      "bookmarkId": "bookmark_question_10",
      "value": "",
      "fontFamily": "Times New Roman",
      "color": null,
      "bold": false,
      "italic": false,
      "capitalized": false,
      "type": "USER_INPUT",
      "fontSize": 12
    },
	{
      "bookmarkId": "bookmark_question_11",
      "value": "",
      "fontFamily": "Times New Roman",
      "color": null,
      "bold": false,
      "italic": false,
      "capitalized": false,
      "type": "USER_INPUT",
      "fontSize": 12
    },
	{
      "bookmarkId": "bookmark_question_11_1",
      "value": "",
      "fontFamily": "Times New Roman",
      "color": null,
      "bold": false,
      "italic": false,
      "capitalized": false,
      "type": "USER_INPUT",
      "fontSize": 12
    },
	{
      "bookmarkId": "bookmark_question_11_2",
      "value": "",
      "fontFamily": "Times New Roman",
      "color": null,
      "bold": false,
      "italic": false,
      "capitalized": false,
      "type": "USER_INPUT",
      "fontSize": 12
    },
	{
      "bookmarkId": "bookmark_question_12",
      "value": "",
      "fontFamily": "Times New Roman",
      "color": null,
      "bold": false,
      "italic": false,
      "capitalized": false,
      "type": "USER_INPUT",
      "fontSize": 12
    },
	
	{
      "bookmarkId": "bookmark_question_13",
      "value": "",
      "fontFamily": "Times New Roman",
      "color": null,
      "bold": false,
      "italic": false,
      "capitalized": false,
      "type": "USER_INPUT",
      "fontSize": 12
    },
	{
      "bookmarkId": "bookmark_question_13_1",
      "value": "",
      "fontFamily": "Times New Roman",
      "color": null,
      "bold": false,
      "italic": false,
      "capitalized": false,
      "type": "USER_INPUT",
      "fontSize": 12
    },
	{
      "bookmarkId": "bookmark_question_14",
      "value": "",
      "fontFamily": "Times New Roman",
      "color": null,
      "bold": false,
      "italic": false,
      "capitalized": false,
      "type": "USER_INPUT",
      "fontSize": 12
    },
	{
      "bookmarkId": "bookmark_question_15",
      "value": "",
      "fontFamily": "Times New Roman",
      "color": null,
      "bold": false,
      "italic": false,
      "capitalized": false,
      "type": "USER_INPUT",
      "fontSize": 12
    },
	
	{
      "bookmarkId": "bookmark_question_16",
      "value": "",
      "fontFamily": "Times New Roman",
      "color": null,
      "bold": false,
      "italic": false,
      "capitalized": false,
      "type": "USER_INPUT",
      "fontSize": 12
    },
	{
      "bookmarkId": "bookmark_question_17",
      "value": "",
      "fontFamily": "Times New Roman",
      "color": null,
      "bold": false,
      "italic": false,
      "capitalized": false,
      "type": "USER_INPUT",
      "fontSize": 12
    },
	{
      "bookmarkId": "bookmark_question_17_1",
      "value": "",
      "fontFamily": "Times New Roman",
      "color": null,
      "bold": true,
	  "underline":"single",
      "italic": false,
      "capitalized": false,
      "type": "USER_INPUT",
      "fontSize": 12
    },
	
	{
      "bookmarkId": "bookmark_question_18",
      "value": "",
      "fontFamily": "Times New Roman",
      "color": null,
      "bold": false,
      "italic": false,
      "capitalized": false,
      "type": "USER_INPUT",
      "fontSize": 12
    },
	{
      "bookmarkId": "bookmark_question_18_1",
      "value": "",
      "fontFamily": "Times New Roman",
      "color": null,
      "bold": true,
	  "underline":"single",
      "italic": false,
      "capitalized": false,
      "type": "USER_INPUT",
      "fontSize": 12
    },
	{
      "bookmarkId": "bookmark_question_18_2",
      "value": "",
      "fontFamily": "Times New Roman",
      "color": null,
      "bold": false,
      "italic": false,
      "capitalized": false,
      "type": "USER_INPUT",
      "fontSize": 12
    },
	
	
	{
      "bookmarkId": "bookmark_question_19",
      "value": "",
      "fontFamily": "Times New Roman",
      "color": null,
      "bold": false,
      "italic": false,
      "capitalized": false,
      "type": "USER_INPUT",
      "fontSize": 12
    },
	{
      "bookmarkId": "bookmark_question_19_1",
      "value": "",
      "fontFamily": "Times New Roman",
      "color": null,
      "bold": false,
      "italic": false,
      "capitalized": false,
      "type": "USER_INPUT",
      "fontSize": 12
    }

 

  ]
}