{
  "steps": [
   {
      "id": "step_nature_peronne_caution",
      "title": "L’Employeur",
      "description": "Est-ce que l'employeur est une personne morale ou physique ?",
      "blocs": ["bloc_nature_peronne_caution"],
      "visibility": true
    },
	 {
      "id": "step_caution",
      "title": "L’Employeur",
      "description": "",
      "blocs": [
        "bloc_personne_physique_tunisienne_caution",
        "bloc_personne_physique_etrangere_caution",
		"bloc_personne_morale_tunisienne_caution"],
      "visibility": true
    },
	 {
      "id": "step_nature_employeur",
      "title": "L’Employé",
      "description": "Est-ce que l'employé est de nationalité tunisienne ou étrangère ?",
      "blocs": ["bloc_nature_employeur"],
      "visibility": true
    },
	{
      "id": "step_lemployeur",
      "title": "L’Employé",
      "description": "",
      "blocs": [
        "bloc_lemployeur_physique",
        "bloc_lemployeur_morale"
      ],
      "visibility": true
    },
	{
      "id": "step_question3_4_5_6_7",
      "title": "Contrat à durée déterminée",
      "description": "Si vous ne disposez pas de ces informations, vous pouvez passer cette étape et la compléter au niveau du document que vous allez télécharger",
      "blocs": [
        "bloc_question_3",
        "bloc_question_4",
		"bloc_question_5",
		"bloc_question_6",
		"bloc_question_7"
      ],
      "visibility": true
    },
	{
      "id": "step_question_8_9_10_11_12",
      "title": "",
      "description": "",
      "blocs": [
        "bloc_question_8",
        "bloc_question_9",
		"bloc_question_10",
		"bloc_question_11",
		"bloc_question_12"
      ],
      "visibility": true
    },
	{
      "id": "step_question_13_14_15_16_17",
      "title": "",
      "description": "",
      "blocs": [
        "bloc_question_13",
		"bloc_question_14",
		"bloc_question_15",
		"bloc_question_16",
		"bloc_question_17"
      ],
      "visibility": true
    }
	
  ],
  "blocs": [
   {
      "id": "bloc_nature_peronne_caution",
      "title": "",
      "description": "",
      "inputs": [
        "input_nature_personne_physique_tunisienne_caution",
        "input_nature_personne_physique_etrangere_caution",
		"input_nature_personne_morale_tunisienne_caution"],
      "visibility": true
    },
	{
      "id": "bloc_personne_physique_tunisienne_caution",
      "title": "Personne physique tunisienne",
      "description": "",
      "inputs": [
        "input_nom_personne_physique_tunisienne_caution",
		"input_prenom_personne_physique_tunisienne_caution",
		"input_date_naissance_personne_physique_tunisienne_caution",
		"input_lieu_naissance_personne_physique_tunisienne_caution",
		"input_numero_cin_personne_physique_tunisienne_caution",
		"input_adresse_personne_physique_tunisienne_caution"],
      "visibility": true
    },
	{
      "id": "bloc_personne_physique_etrangere_caution",
      "title": "Personne physique étrangère",
      "description": "",
      "inputs": [
        "input_nom_personne_physique_etrangere_caution",
		"input_prenom_personne_physique_etrangere_caution",
		"input_nationalité_personne_physique_etrangere_caution",
		"input_pays_emmetteur_passeport_personne_physique_etrangere_caution",
		"input_numero_passeport_personne_physique_etrangere_caution",
		"input_date_delivrance_passeport_personne_physique_etrangere_caution",
		"input_adresse_personne_physique_etrangere_caution"],
      "visibility": false
    },
	{
      "id": "bloc_personne_morale_tunisienne_caution",
      "title": "Personne morale",
      "description": "",
      "inputs": [
        "input_denomination_personne_morale_tunisienne_caution",
		"input_forme_personne_morale_tunisienne_caution",
		"input_champ_libre",
		"input_capital_personne_morale_tunisienne_caution",
		"input_adresse_siege_personne_morale_tunisienne_caution",
		"input_identifiant_unique_personne_morale_tunisienne_caution",
		"input_nom_personne_morale_tunisienne_caution",
		"input_prenom_personne_morale_tunisienne_caution"],
      "visibility": false
    },
	{
      "id": "bloc_nature_employeur",
      "title": "",
      "description": "",
      "inputs": ["input_nature_employeur_physique",
        "input_nature_employeur_morale"
        
      ],
      "visibility": true
    },
	{
      "id": "bloc_lemployeur_physique",
      "title": "De nationalité tunisienne",
      "description": "",
      "inputs": [
        "input_nom_personne_physique_tunisienne",
		"input_prenom_personne_physique_tunisienne",
		"input_date_naissance_personne_physique_tunisienne",
		"input_lieu_naissance_personne_physique_tunisienne",
		"input_numero_cin_personne_physique_tunisienne",
		"input_adresse_personne_physique_tunisienne"],
      "visibility": true
    },
	{
      "id": "bloc_lemployeur_morale",
      "title": "De nationalité étrangère",
      "description": "",
      "inputs": [
        "input_nom_personne_physique_tunisienne_1",
		"input_prenom_personne_physique_tunisienne_1",
		"input_date_naissance_personne_physique_tunisienne_1",
		"input_lieu_naissance_personne_physique_tunisienne_1",
		"input_nationaliteee_personne_physique_tunisienne_1",
		"input_numero_cin_personne_physique_tunisienne_1",
		"input_validite_passport_personne_physique_tunisienne_1",
		"input_adresse_personne_physique_tunisienne_1"],
      "visibility": false
    },
	{
      "id": "bloc_question_3",
      "title": "",
      "description": "",
      "inputs": [
        "input_question_3"],
      "visibility": true
    },
	{
      "id": "bloc_question_4",
      "title": "",
      "description": "",
      "inputs": [
        "input_question_4"],
      "visibility": true
    },
	{
      "id": "bloc_question_5",
      "title": "Durée du contrat de travail",
      "description": "",
      "inputs": [
        "input_annee_question_5",
		"input_inserez_annee_question_5",
		"input_mois_question_5",
		"input_inserez_mois_question_5",
		"input_jours_question_5",
		"input_inserez_jours_question_5"],
      "visibility": true
    },
	{
      "id": "bloc_question_6",
      "title": "",
      "description": "",
      "inputs": [
        "input_question_6"],
      "visibility": true
    },
	{
      "id": "bloc_question_7",
      "title": "",
      "description": "",
      "inputs": [
        "input_question_7"],
      "visibility": true
    },
	{
      "id": "bloc_question_8",
      "title": "",
      "description": "",
      "inputs": [
        "input_question_oui_8",
		"input_question_date_essai_8",
		"input_question_non_8"],
      "visibility": true
    },
	{
      "id": "bloc_question_9",
      "title": "",
      "description": "",
      "inputs": [
        "input_question_9"],
      "visibility": true
    },
	{
      "id": "bloc_question_10",
      "title": "",
      "description": "",
      "inputs": [
        "input_question_10"],
      "visibility": true
    },
	{
      "id": "bloc_question_11",
      "title": "",
      "description": "",
      "inputs": [
        "input_question_oui_11",
		"input_question_non_11"],
      "visibility": true
    },
	{
      "id": "bloc_question_12",
      "title": "Durée hebdomadaire de travail",
      "description": "",
      "inputs": [
        "input_temps_complet_question_12",
		"input_duree_normal_travail_question_12_1",
		"input_temps_partiel_question_12",
		"input_duree_normal_travail_question_12_2",
		"input_duree_hebdomadaire_question_12_3"],
      "visibility": true
    },
	{
      "id": "bloc_question_13",
      "title": "",
      "description": "",
      "inputs": [
        "input_question_13"],
      "visibility": true
    },
	{
      "id": "bloc_question_14",
      "title": "",
      "description": "",
      "inputs": [
        "input_question_oui_14",
		"input_question_non_14"],
      "visibility": true
    },
	{
      "id": "bloc_question_15",
      "title": "",
      "description": "",
      "inputs": [
        "input_question_oui_15",
		"input_question_non_15"],
      "visibility": true
    },
	{
      "id": "bloc_question_16",
      "title": "",
      "description": "",
      "inputs": [
        "input_question_oui_16",
		"input_question_non_16"],
      "visibility": true
    },
	{
      "id": "bloc_question_17",
      "title": "",
      "description": "",
      "inputs": [
        "input_question_oui_17",
		"input_obligation_question_oui_17",
		"input_perimetre_question_oui_17",
		"input_question_non_17"],
      "visibility": true
    }
	
	
	
	
  ],
  "inputs": [
   {
      "id": "input_perimetre_question_oui_17",
      "type": "number",
      "description": "",
      "name": "input_perimetre_question_oui_17",
      "label": "Quelle est le périmètre géographique de la clause en kilomètres ?",
      "placeHolder": "",
      "help": "",
      "options": [],
      "value": "",
      "bookmarkIdPerValue": {
        "text": ["perimetre_question_oui_17"]
        
      },
      "visibility": false
    },
  {
      "id": "input_obligation_question_oui_17",
      "type": "number",
      "description": "",
      "name": "input_obligation_question_oui_17",
      "label": "Quelle est la durée de l’obligation de non-concurrence en mois ?",
      "placeHolder": "",
      "help": "",
      "options": [],
      "value": "",
      "bookmarkIdPerValue": {
        "text": ["obligation_question_oui_17"]
        
      },
      "visibility": false
    },
   {
      "id": "input_question_non_17",
      "type": "checkbox",
      "description": "",
      "name": "",
      "label": "Non",
      "placeHolder": "",
      "help": "",
      "options": [],
      "value": "",
      "bookmarkIdPerValue": {
        "false": ["question_non_17"],
        "true": []
      },
      "visibility": false
	   },
  {
      "id": "input_question_oui_17",
      "type": "checkbox",
      "description": "",
      "name": "",
      "label": "Non concurrence",
      "placeHolder": "",
      "help": "Est-ce que l’employeur souhaite introduire une clause de non-concurrence ",
      "options": [],
      "value": "",
      "bookmarkIdPerValue": {
        "false": ["question_oui_17","question_oui_17_1","question_oui_17_2","question_oui_17_3","question_oui_17_4"],
        "true": []
      },
      "visibility": true
	   },
  {
      "id": "input_question_non_16",
      "type": "checkbox",
      "description": "",
      "name": "",
      "label": "Non",
      "placeHolder": "",
      "help": "",
      "options": [],
      "value": "",
      "bookmarkIdPerValue": {
        "false": ["question_non_16"],
        "true": []
      },
      "visibility": false
	   },
  {
      "id": "input_question_oui_16",
      "type": "checkbox",
      "description": "",
      "name": "",
      "label": "Propriété des travaux",
      "placeHolder": "",
      "help": "C’est une clause qui a pour objectif La reconnaissance que les travaux réalisés par l'employé dans le cadre de l'exécution du contrat demeurent la propriété de l'employeur. Si vous souhaitez inclure cette clause au niveau de votre contrat cochez oui",
      "options": [],
      "value": "",
      "bookmarkIdPerValue": {
        "false": ["question_oui_16","question_oui_16_1","question_oui_16_2","question_oui_16_3"],
        "true": []
      },
      "visibility": true
	   },
  {
      "id": "input_question_non_15",
      "type": "checkbox",
      "description": "",
      "name": "",
      "label": "Non",
      "placeHolder": "",
      "help": "",
      "options": [],
      "value": "",
      "bookmarkIdPerValue": {
        "false": ["question_non_15"],
        "true": []
      },
      "visibility": false
	   },
  {
      "id": "input_question_oui_15",
      "type": "checkbox",
      "description": "",
      "name": "",
      "label": "Clause de confidentialité",
      "placeHolder": "",
      "help": "C’est une clause qui a pour objectif d'imposer une obligation de discrétion sur les informations précisément visées par le secret. Si vous souhaitez inclure cette clause au niveau de votre contrat cochez oui",
      "options": [],
      "value": "",
      "bookmarkIdPerValue": {
        "false": ["question_oui_15","question_oui_15_1","question_oui_15_2"],
        "true": []
      },
      "visibility": true
	   },
 
  {
      "id": "input_question_non_14",
      "type": "checkbox",
      "description": "",
      "name": "",
      "label": "Non",
      "placeHolder": "",
      "help": "",
      "options": [],
      "value": "",
      "bookmarkIdPerValue": {
        "false": ["question_non_14"],
        "true": []
      },
      "visibility": false
	   },
  {
      "id": "input_question_oui_14",
      "type": "checkbox",
      "description": "",
      "name": "",
      "label": "Clause d'exclusivité",
      "placeHolder": "",
      "help": "c’est une clause prévoyant que l'employé n'apportera pas son aide/services à un autre employeur durant la durée de validité du contrat et demeure uniquement au service de son employeur. Si vous souhaitez inclure cette clause au niveau de votre contrat cochez oui",
      "options": [],
      "value": "",
      "bookmarkIdPerValue": {
        "false": ["question_oui_14","question_oui_14_1","question_oui_14_2","question_oui_14_3"],
        "true": []
      },
      "visibility": true
	   },
 
  
  {
      "id": "input_question_13",
      "type": "number",
      "description": "",
      "name": "input_question_13",
      "label": "Congés payés",
      "placeHolder": "",
      "help": "Quel est le nombre de jours de congés payés accordé à l’employé ?",
      "options": [],
      "value": "",
      "bookmarkIdPerValue": {
        "text": ["question_13"]
        
      },
      "visibility": true
    },
  {
      "id": "input_duree_hebdomadaire_question_12_3",
      "type": "number",
      "description": "",
      "name": "input_duree_hebdomadaire_question_12_3",
      "label": "Quelle est la durée de travail hebdomadaire à laquelle l’employé sera soumis ?",
      "placeHolder": "",
      "help": "",
      "options": [],
      "value": "",
      "bookmarkIdPerValue": {
        "text": ["question_12_3"]
        
      },
      "visibility": false
    },
  {
      "id": "input_duree_normal_travail_question_12_2",
      "type": "number",
      "description": "",
      "name": "input_duree_normal_travail_question_12_2",
      "label": "Quelle est la durée normale de travail ?",
      "placeHolder": "",
      "help": "",
      "options": [],
      "value": "",
      "bookmarkIdPerValue": {
        "text": ["question_12_2"]
        
      },
      "visibility": false
    },
  {
      "id": "input_duree_normal_travail_question_12_1",
      "type": "number",
      "description": "",
      "name": "input_duree_normal_travail_question_12_1",
      "label": "Quelle est la durée normale de travail ?",
      "placeHolder": "",
      "help": "",
      "options": [],
      "value": "",
      "bookmarkIdPerValue": {
        "text": ["question_12_1"]
        
      },
      "visibility": false
    },
  {
      "id": "input_temps_partiel_question_12",
      "type": "checkbox",
      "description": "",
      "name": "",
      "label": "Temps partiel",
      "placeHolder": "",
      "help": "Le salarié est-il à temps complet ou à temps partiel ?",
      "options": [],
      "value": "",
      "bookmarkIdPerValue": {
        "false": ["temps_partiel_question_12"],
        "true": []
      },
      "visibility": true
	   },
   {
      "id": "input_temps_complet_question_12",
      "type": "checkbox",
      "description": "",
      "name": "",
      "label": "Temps complet",
      "placeHolder": "",
      "help": "Le salarié est-il à temps complet ou à temps partiel ?",
      "options": [],
      "value": "",
      "bookmarkIdPerValue": {
        "false": ["temps_complet_question_12"],
        "true": []
      },
      "visibility": true
	   },
  {
      "id": "input_question_non_11",
      "type": "checkbox",
      "description": "",
      "name": "",
      "label": "Non",
      "placeHolder": "",
      "help": "",
      "options": [],
      "value": "",
      "bookmarkIdPerValue": {
        "false": ["question_non_11"],
        "true": []
      },
      "visibility": false
	   },
  {
      "id": "input_question_oui_11",
      "type": "checkbox",
      "description": "",
      "name": "",
      "label": "Clause de mobilité",
      "placeHolder": "",
      "help": "Le salarié pourra-t-il être muté sans avoir la possibilité de s'y opposer ?",
      "options": [],
      "value": "",
      "bookmarkIdPerValue": {
        "false": ["question_oui_11"],
        "true": []
      },
      "visibility": true
	   },
  {
      "id": "input_question_10",
      "type": "text",
      "description": "",
      "name": "input_question_9",
      "label": "Lieu de travail ",
      "placeHolder": "",
      "help": "Quel sera le lieu de travail du salarié ?",
      "options": [],
      "value": "",
      "bookmarkIdPerValue": {
        "text": ["question_10"] 
      },
      "visibility": true
    },
  {
      "id": "input_question_9",
      "type": "number",
      "description": "",
      "name": "input_question_9",
      "label": "Rémunération ",
      "placeHolder": "",
      "help": "Quelle est le montant de la rémunération brute mensuelle ?",
      "options": [],
      "value": "",
      "bookmarkIdPerValue": {
        "text": ["question_9"] 
      },
      "visibility": true
    },
  {
      "id": "input_question_date_essai_8",
      "type": "Date",
      "description": "",
      "name": "input_question_date_essai_8",
      "label": "Quelle est la période d’essai applicable ?",
      "placeHolder": "",
      "help": "",
      "options": [],
      "value": "",
      "bookmarkIdPerValue": {
        "text": ["question_date_essai_8"] 
      },
      "visibility": false
    },
  {
      "id": "input_question_non_8",
      "type": "checkbox",
      "description": "",
      "name": "",
      "label": "Non",
      "placeHolder": "",
      "help": "",
      "options": [],
      "value": "",
      "bookmarkIdPerValue": {
        "false": ["question_non_8"],
        "true": []
      },
      "visibility": false
	   },
  {
      "id": "input_question_oui_8",
      "type": "checkbox",
      "description": "",
      "name": "",
      "label": "Période d'essai",
      "placeHolder": "",
      "help": "Le salarié est-il soumis à une période d'essai ?",
      "options": [],
      "value": "",
      "bookmarkIdPerValue": {
        "false": ["question_oui_8","question_oui_8_1","question_oui_8_2","question_oui_8_3"],
        "true": []
      },
      "visibility": true
	   },
  {
      "id": "input_question_7",
      "type": "Date",
      "description": "",
      "name": "input_question_7",
      "label": "Expiration",
      "placeHolder": "",
      "help": "Quelle est la date d’expiration du CDD ?",
      "options": [],
      "value": "",
      "bookmarkIdPerValue": {
        "text": ["question_7"] 
      },
      "visibility": true
    },
  {
      "id": "input_question_6",
      "type": "Date",
      "description": "",
      "name": "input_question_6",
      "label": "Prise d’effet",
      "placeHolder": "",
      "help": "Quelle est la date de commencement du CDD ?",
      "options": [],
      "value": "",
      "bookmarkIdPerValue": {
        "text": ["question_6"] 
      },
      "visibility": true
    },
  {
      "id": "input_inserez_jours_question_5",
      "type": "text",
      "description": "",
      "name": "input_inserez_jours_question_5",
      "label": "Insérer la durée du contrat",
      "placeHolder": "",
      "help": "",
      "options": [],
      "value": "",
      "bookmarkIdPerValue": {
        "text": ["inserez_jours_question_5"] 
      },
      "visibility": false
    },
   {
      "id": "input_inserez_mois_question_5",
      "type": "text",
      "description": "",
      "name": "input_inserez_mois_question_5",
      "label": "Insérer la durée du contrat",
      "placeHolder": "",
      "help": "",
      "options": [],
      "value": "",
      "bookmarkIdPerValue": {
        "text": ["inserez_mois_question_5"] 
      },
      "visibility": false
    },
  {
      "id": "input_inserez_annee_question_5",
      "type": "text",
      "description": "",
      "name": "input_inserez_annee_question_5",
      "label": "Insérer la durée du contrat",
      "placeHolder": "",
      "help": "Quelle est la durée du contrat ?",
      "options": [],
      "value": "",
      "bookmarkIdPerValue": {
        "text": ["inserez_annee_question_5"] 
      },
      "visibility": false
    },
  {
      "id": "input_jours_question_5",
      "type": "checkbox",
      "description": "",
      "name": "",
      "label": "Jours",
      "placeHolder": "",
      "help": "Quelle est la durée du contrat ?",
      "options": [],
      "value": "",
      "bookmarkIdPerValue": {
        "false": ["jours_question_5"],
        "true": []
      },
      "visibility": true
	   },
   {
      "id": "input_mois_question_5",
      "type": "checkbox",
      "description": "",
      "name": "",
      "label": "Mois",
      "placeHolder": "",
      "help": "Quelle est la durée du contrat ?",
      "options": [],
      "value": "",
      "bookmarkIdPerValue": {
        "false": ["mois_question_5"],
        "true": []
      },
      "visibility": true
	   },
   {
      "id": "input_annee_question_5",
      "type": "checkbox",
      "description": "",
      "name": "",
      "label": "Années",
      "placeHolder": "",
      "help": "Quelle est la durée du contrat ?",
      "options": [],
      "value": "",
      "bookmarkIdPerValue": {
        "false": ["annee_question_5"],
        "true": []
      },
      "visibility": true
	   },
  {
      "id": "input_question_4",
      "type": "text",
      "description": "",
      "name": "input_question_4",
      "label": "Motif du contrat de travail",
      "placeHolder": "",
      "help": "Pour quel motif le contrat de travail a-t-il été conclu ?",
      "options": [],
      "value": "",
      "bookmarkIdPerValue": {
        "text": ["question_4"]
        
      },
      "visibility": true
    },
  {
      "id": "input_question_3",
      "type": "text",
      "description": "",
      "name": "input_question_3",
      "label": "Poste et statut du salarié ",
      "placeHolder": "",
      "help": "Quelle est la fonction de l'employé ?",
      "options": [],
      "value": "",
      "bookmarkIdPerValue": {
        "text": ["question_3"]
        
      },
      "visibility": true
    },
  {
      "id": "input_validite_passport_personne_physique_tunisienne_1",
      "type": "Date",
      "description": "",
      "name": "input_validite_passport_personne_physique_tunisienne_1",
      "label": "Date d’expiration du passeport",
      "placeHolder": "",
      "help": "",
      "options": [],
      "value": "",
      "bookmarkIdPerValue": {
        "text": ["expiration_phy_tun_1"]
        
      },
      "visibility": true
    },
  {
      "id": "input_nationaliteee_personne_physique_tunisienne_1",
      "type": "select",
      "description": "",
      "name": "input_nationaliteee_personne_physique_tunisienne_1",
      "label": "Nationalité",
      "placeHolder": "",
      "help": "",
      "options": ["Afghan-e",
"Sud-Africain-e",
"Albanais-e",
"Algérien-ne",
"Allemand-e",
"Andorran-e",
"Angolais-e",
"Saoudien-ne",
"Argentin-e",
"Arménien-ne",
"Arubain-ne",
"Australien-ne",
"Autrichien-ne",
"Azerbaïdjanais-e",
"Bahamien-ne",
"Bahreïnien-ne",
"Bangladais-e, Bangladeshi-e",
"Barbadien-ne",
"Biélorusse",
"Birman-e",
"Belge",
"Bélizien-ne",
"Béninois-e",
"Bermudien-ne",
"Bhoutanais-e",
"Bolivien-ne",
"Bosniaque, Bosnien-ne",
"Botswanais-e, Botswanéen-ne",
"Brésilien-ne",
"Brunéien-ne",
"Bulgare",
"Burkinabé-e, Burkinais-e",
"Burundais-e",
"Camerounais-e",
"Canadien-ne",
"Cap-Verdien-ne",
"Centrafricain-e",
"Chilien-ne",
"Chinois-e",
"Chypriote, Cypriote",
"Colombien-ne",
"Comorien-ne",
"Congolais-e",
"Congolais-e",
"Nord-Coréen-ne",
"Sud-Coréen-ne",
"Costaricain-e, Costaricien-ne",
"Ivoirien-ne",
"Croate",
"Cubain-e",
"Danois-e",
"Djiboutien-ne",
"Dominiquais-e",
"Égyptien-ne",
"Émirien-ne",
"Équatorien-ne",
"Érythréen-ne",
"Espagnol-e",
"Estonien-ne",
"Américain-e",
"Éthiopien-ne",
"Fidjien-ne",
"Finlandais-e",
"Français-e",
"Gabonais-e",
"Gambien-ne",
"Géorgien-ne",
"Ghanéen-ne",
"Gibraltarien-ne",
"Grec - Grecque",
"Grenadien-ne",
"Guatémaltèque",
"Guinéen-ne",
"Bissau-Guinéen-ne",
"Équato-Guinéen-ne",
"Guyanais-e, Guyanien-ne",
"Haïtien-ne",
"Hondurien-ne",
"Hongrois-e",
"Indien-ne",
"Indonésien-ne",
"Iranien-ne",
"Irakien-ne, Iraquien-ne",
"Irlandais-e",
"Islandais-e",
"Israélien-ne",
"Italien-ne",
"Jamaïcain-e",
"Japonais-e",
"Jordanien-ne",
"Kazakh(-e)",
"Kenyan-e",
"Kirghiz",
"Kiribatien-ne",
"Koweïtien-ne",
"Kosovar-e",
"Laotien-ne",
"Lesothan-e",
"Letton-(n)e",
"Libanais-e",
"Libérien-ne",
"Libyen-ne",
"Liechtensteinois-e",
"Lituanien-ne",
"Luxembourgeois-e",
"Macédonien-ne",
"Malgache",
"Malaisien-ne",
"Malawite, Malawien-ne",
"Maldivien-ne",
"Malien-ne",
"Maltais-e",
"Marocain-e",
"Mauricien-ne",
"Mauritanien-ne",
"Mexicain-e",
"Monégasque",
"Mongol-e",
"Monténégrin-e",
"Mozambicain-e",
"Namibien-ne",
"Népalais-e",
"Nicaraguayen-ne",
"Nigérien-ne",
"Nigérian-e",
"Norvégien-ne",
"Néo-Zélandais-e",
"Omanais-e",
"Ougandais-e",
"Ouzbek",
"Pakistanais-e",
"Panaméen-ne",
"Papouasien-ne",
"Paraguayen-ne",
"Néerlandais-e",
"Péruvien-ne",
"Philippin-e",
"Polonais-e",
"Portoricain-e",
"Portugais-e",
"Qatari-e, Qatarien-ne",
"Dominicain-e",
"Tchèque",
"Roumain-e",
"Britannique",
"Russe",
"Rwandais-e",
"Saint-Vincentais-e, Grenadin-e",
"Salvadorien-ne",
"Sénégalais-e",
"Serbe",
"Sierra-Léonais-e",
"Singapourien-ne",
"Slovaque",
"Slovène",
"Somalien-ne",
"Soudanais-e",
"Sri-Lankais-e",
"Suédois-e",
"Suisse",
"Surinamien-ne",
"Swazi-e",
"Syrien-ne",
"Tadjik",
"Taïwanais-e",
"Tanzanien-ne",
"Tchadien-ne",
"Thaïlandais-e",
"Est-Timorais-e",
"Togolais-e",
"Tunisien-ne",
"Turkmène",
"Turc - Turque",
"Tuvaluan-e",
"Ukrainien-ne",
"Uruguayen-ne",
"Vénézuélien-ne",
"Vietnamien-ne",
"Yéménite",
"Zambien-ne",
"Zimbabwéen-ne"],
      "value": "",
      "bookmarkIdPerValue": {
        "Afghan-e": ["nationaliteee_phy_tun_1"],
"Sud-Africain-e": ["nationaliteee_phy_tun_1"],
"Albanais-e": ["nationaliteee_phy_tun_1"],
"Algérien-ne": ["nationaliteee_phy_tun_1"],
"Allemand-e": ["nationaliteee_phy_tun_1"],
"Andorran-e": ["nationaliteee_phy_tun_1"],
"Angolais-e": ["nationaliteee_phy_tun_1"],
"Saoudien-ne": ["nationaliteee_phy_tun_1"],
"Argentin-e": ["nationaliteee_phy_tun_1"],
"Arménien-ne": ["nationaliteee_phy_tun_1"],
"Arubain-ne": ["nationaliteee_phy_tun_1"],
"Australien-ne": ["nationaliteee_phy_tun_1"],
"Autrichien-ne": ["nationaliteee_phy_tun_1"],
"Azerbaïdjanais-e": ["nationaliteee_phy_tun_1"],
"Bahamien-ne": ["nationaliteee_phy_tun_1"],
"Bahreïnien-ne": ["nationaliteee_phy_tun_1"],
"Bangladais-e, Bangladeshi-e": ["nationaliteee_phy_tun_1"],
"Barbadien-ne": ["nationaliteee_phy_tun_1"],
"Biélorusse": ["nationaliteee_phy_tun_1"],
"Birman-e": ["nationaliteee_phy_tun_1"],
"Belge": ["nationaliteee_phy_tun_1"],
"Bélizien-ne": ["nationaliteee_phy_tun_1"],
"Béninois-e": ["nationaliteee_phy_tun_1"],
"Bermudien-ne": ["nationaliteee_phy_tun_1"],
"Bhoutanais-e": ["nationaliteee_phy_tun_1"],
"Bolivien-ne": ["nationaliteee_phy_tun_1"],
"Bosniaque, Bosnien-ne": ["nationaliteee_phy_tun_1"],
"Botswanais-e, Botswanéen-ne": ["nationaliteee_phy_tun_1"],
"Brésilien-ne": ["nationaliteee_phy_tun_1"],
"Brunéien-ne": ["nationaliteee_phy_tun_1"],
"Bulgare": ["nationaliteee_phy_tun_1"],
"Burkinabé-e, Burkinais-e": ["nationaliteee_phy_tun_1"],
"Burundais-e": ["nationaliteee_phy_tun_1"],
"Camerounais-e": ["nationaliteee_phy_tun_1"],
"Canadien-ne": ["nationaliteee_phy_tun_1"],
"Cap-Verdien-ne": ["nationaliteee_phy_tun_1"],
"Centrafricain-e": ["nationaliteee_phy_tun_1"],
"Chilien-ne": ["nationaliteee_phy_tun_1"],
"Chinois-e": ["nationaliteee_phy_tun_1"],
"Chypriote, Cypriote": ["nationaliteee_phy_tun_1"],
"Colombien-ne": ["nationaliteee_phy_tun_1"],
"Comorien-ne": ["nationaliteee_phy_tun_1"],
"Congolais-e": ["nationaliteee_phy_tun_1"],
"Congolais-e": ["nationaliteee_phy_tun_1"],
"Nord-Coréen-ne": ["nationaliteee_phy_tun_1"],
"Sud-Coréen-ne": ["nationaliteee_phy_tun_1"],
"Costaricain-e, Costaricien-ne": ["nationaliteee_phy_tun_1"],
"Ivoirien-ne": ["nationaliteee_phy_tun_1"],
"Croate": ["nationaliteee_phy_tun_1"],
"Cubain-e": ["nationaliteee_phy_tun_1"],
"Danois-e": ["nationaliteee_phy_tun_1"],
"Djiboutien-ne": ["nationaliteee_phy_tun_1"],
"Dominiquais-e": ["nationaliteee_phy_tun_1"],
"Égyptien-ne": ["nationaliteee_phy_tun_1"],
"Émirien-ne": ["nationaliteee_phy_tun_1"],
"Équatorien-ne": ["nationaliteee_phy_tun_1"],
"Érythréen-ne": ["nationaliteee_phy_tun_1"],
"Espagnol-e": ["nationaliteee_phy_tun_1"],
"Estonien-ne": ["nationaliteee_phy_tun_1"],
"Américain-e": ["nationaliteee_phy_tun_1"],
"Éthiopien-ne": ["nationaliteee_phy_tun_1"],
"Fidjien-ne": ["nationaliteee_phy_tun_1"],
"Finlandais-e": ["nationaliteee_phy_tun_1"],
"Français-e": ["nationaliteee_phy_tun_1"],
"Gabonais-e": ["nationaliteee_phy_tun_1"],
"Gambien-ne": ["nationaliteee_phy_tun_1"],
"Géorgien-ne": ["nationaliteee_phy_tun_1"],
"Ghanéen-ne": ["nationaliteee_phy_tun_1"],
"Gibraltarien-ne": ["nationaliteee_phy_tun_1"],
"Grec - Grecque": ["nationaliteee_phy_tun_1"],
"Grenadien-ne": ["nationaliteee_phy_tun_1"],
"Guatémaltèque": ["nationaliteee_phy_tun_1"],
"Guinéen-ne": ["nationaliteee_phy_tun_1"],
"Bissau-Guinéen-ne": ["nationaliteee_phy_tun_1"],
"Équato-Guinéen-ne": ["nationaliteee_phy_tun_1"],
"Guyanais-e, Guyanien-ne": ["nationaliteee_phy_tun_1"],
"Haïtien-ne": ["nationaliteee_phy_tun_1"],
"Hondurien-ne": ["nationaliteee_phy_tun_1"],
"Hongrois-e": ["nationaliteee_phy_tun_1"],
"Indien-ne": ["nationaliteee_phy_tun_1"],
"Indonésien-ne": ["nationaliteee_phy_tun_1"],
"Iranien-ne": ["nationaliteee_phy_tun_1"],
"Irakien-ne, Iraquien-ne": ["nationaliteee_phy_tun_1"],
"Irlandais-e": ["nationaliteee_phy_tun_1"],
"Islandais-e": ["nationaliteee_phy_tun_1"],
"Israélien-ne": ["nationaliteee_phy_tun_1"],
"Italien-ne": ["nationaliteee_phy_tun_1"],
"Jamaïcain-e": ["nationaliteee_phy_tun_1"],
"Japonais-e": ["nationaliteee_phy_tun_1"],
"Jordanien-ne": ["nationaliteee_phy_tun_1"],
"Kazakh(-e)": ["nationaliteee_phy_tun_1"],
"Kenyan-e": ["nationaliteee_phy_tun_1"],
"Kirghiz": ["nationaliteee_phy_tun_1"],
"Kiribatien-ne": ["nationaliteee_phy_tun_1"],
"Koweïtien-ne": ["nationaliteee_phy_tun_1"],
"Kosovar-e": ["nationaliteee_phy_tun_1"],
"Laotien-ne": ["nationaliteee_phy_tun_1"],
"Lesothan-e": ["nationaliteee_phy_tun_1"],
"Letton-(n)e": ["nationaliteee_phy_tun_1"],
"Libanais-e": ["nationaliteee_phy_tun_1"],
"Libérien-ne": ["nationaliteee_phy_tun_1"],
"Libyen-ne": ["nationaliteee_phy_tun_1"],
"Liechtensteinois-e": ["nationaliteee_phy_tun_1"],
"Lituanien-ne": ["nationaliteee_phy_tun_1"],
"Luxembourgeois-e": ["nationaliteee_phy_tun_1"],
"Macédonien-ne": ["nationaliteee_phy_tun_1"],
"Malgache": ["nationaliteee_phy_tun_1"],
"Malaisien-ne": ["nationaliteee_phy_tun_1"],
"Malawite, Malawien-ne": ["nationaliteee_phy_tun_1"],
"Maldivien-ne": ["nationaliteee_phy_tun_1"],
"Malien-ne": ["nationaliteee_phy_tun_1"],
"Maltais-e": ["nationaliteee_phy_tun_1"],
"Marocain-e": ["nationaliteee_phy_tun_1"],
"Mauritanien-ne": ["nationaliteee_phy_tun_1"],
"Mexicain-e": ["nationaliteee_phy_tun_1"],
"Monégasque": ["nationaliteee_phy_tun_1"],
"Mongol-e": ["nationaliteee_phy_tun_1"],
"Monténégrin-e": ["nationaliteee_phy_tun_1"],
"Mozambicain-e": ["nationaliteee_phy_tun_1"],
"Namibien-ne": ["nationaliteee_phy_tun_1"],
"Népalais-e": ["nationaliteee_phy_tun_1"],
"Nicaraguayen-ne": ["nationaliteee_phy_tun_1"],
"Nigérien-ne": ["nationaliteee_phy_tun_1"],
"Nigérian-e": ["nationaliteee_phy_tun_1"],
"Norvégien-ne": ["nationaliteee_phy_tun_1"],
"Néo-Zélandais-e": ["nationaliteee_phy_tun_1"],
"Omanais-e": ["nationaliteee_phy_tun_1"],
"Ougandais-e": ["nationaliteee_phy_tun_1"],
"Ouzbek": ["nationaliteee_phy_tun_1"],
"Pakistanais-e": ["nationaliteee_phy_tun_1"],
"Panaméen-ne": ["nationaliteee_phy_tun_1"],
"Papouasien-ne": ["nationaliteee_phy_tun_1"],
"Paraguayen-ne": ["nationaliteee_phy_tun_1"],
"Néerlandais-e": ["nationaliteee_phy_tun_1"],
"Péruvien-ne": ["nationaliteee_phy_tun_1"],
"Philippin-e": ["nationaliteee_phy_tun_1"],
"Polonais-e": ["nationaliteee_phy_tun_1"],
"Portoricain-e": ["nationaliteee_phy_tun_1"],
"Portugais-e": ["nationaliteee_phy_tun_1"],
"Qatari-e, Qatarien-ne": ["nationaliteee_phy_tun_1"],
"Dominicain-e": ["nationaliteee_phy_tun_1"],
"Tchèque": ["nationaliteee_phy_tun_1"],
"Roumain-e": ["nationaliteee_phy_tun_1"],
"Britannique": ["nationaliteee_phy_tun_1"],
"Russe": ["nationaliteee_phy_tun_1"],
"Rwandais-e": ["nationaliteee_phy_tun_1"],
"Saint-Vincentais-e, Grenadin-e": ["nationaliteee_phy_tun_1"],
"Salvadorien-ne": ["nationaliteee_phy_tun_1"],
"Sénégalais-e": ["nationaliteee_phy_tun_1"],
"Serbe": ["nationaliteee_phy_tun_1"],
"Sierra-Léonais-e": ["nationaliteee_phy_tun_1"],
"Singapourien-ne": ["nationaliteee_phy_tun_1"],
"Slovaque": ["nationaliteee_phy_tun_1"],
"Slovène": ["nationaliteee_phy_tun_1"],
"Somalien-ne": ["nationaliteee_phy_tun_1"],
"Soudanais-e": ["nationaliteee_phy_tun_1"],
"Sri-Lankais-e": ["nationaliteee_phy_tun_1"],
"Suédois-e": ["nationaliteee_phy_tun_1"],
"Suisse": ["nationaliteee_phy_tun_1"],
"Surinamien-ne": ["nationaliteee_phy_tun_1"],
"Swazi-e": ["nationaliteee_phy_tun_1"],
"Syrien-ne": ["nationaliteee_phy_tun_1"],
"Tadjik": ["nationaliteee_phy_tun_1"],
"Taïwanais-e": ["nationaliteee_phy_tun_1"],
"Tanzanien-ne": ["nationaliteee_phy_tun_1"],
"Tchadien-ne": ["nationaliteee_phy_tun_1"],
"Thaïlandais-e": ["nationaliteee_phy_tun_1"],
"Est-Timorais-e": ["nationaliteee_phy_tun_1"],
"Togolais-e": ["nationaliteee_phy_tun_1"],
"Tunisien-ne": ["nationaliteee_phy_tun_1"],
"Turkmène": ["nationaliteee_phy_tun_1"],
"Turc - Turque": ["nationaliteee_phy_tun_1"],
"Tuvaluan-e": ["nationaliteee_phy_tun_1"],
"Ukrainien-ne": ["nationaliteee_phy_tun_1"],
"Uruguayen-ne": ["nationaliteee_phy_tun_1"],
"Vénézuélien-ne": ["nationaliteee_phy_tun_1"],
"Vietnamien-ne": ["nationaliteee_phy_tun_1"],
"Yéménite": ["nationaliteee_phy_tun_1"],
"Zambien-ne": ["nationaliteee_phy_tun_1"],
"Zimbabwéen-ne": ["nationaliteee_phy_tun_1"]
        
      },
      "visibility": true
    },
   {
      "id": "input_adresse_personne_physique_tunisienne_1",
      "type": "text",
      "description": "",
      "name": "input_adresse_personne_physique_tunisienne_1",
      "label": "Adresse/Domiciliation",
      "placeHolder": "",
      "help": "",
      "options": [],
      "value": "",
      "bookmarkIdPerValue": {
        "text": ["adresse_phy_tun_1"]
        
      },
      "visibility": true
    },
  
   {
      "id": "input_adresse_personne_physique_tunisienne",
      "type": "text",
      "description": "",
      "name": "input_adresse_personne_physique_tunisienne",
      "label": "Adresse/Domiciliation",
      "placeHolder": "",
      "help": "",
      "options": [],
      "value": "",
      "bookmarkIdPerValue": {
        "text": ["adresse_phy_tun"]
        
      },
      "visibility": true
    },
  
   {
      "id": "input_numero_cin_personne_physique_tunisienne_1",
      "type": "text",
      "description": "",
      "name": "input_numero_cin_personne_physique_tunisienne_1",
      "label": "Numéro de passeport",
      "placeHolder": "",
      "help": "",
      "options": [],
      "value": "",
      "bookmarkIdPerValue": {
        "text": ["nume_cin_phy_tun_1"]
        
      },
      "visibility": true
    },
   {
      "id": "input_numero_cin_personne_physique_tunisienne",
      "type": "number",
      "description": "",
      "name": "input_numero_cin_personne_physique_tunisienne",
      "label": "Numéro de carte d'identité nationale",
      "placeHolder": "",
      "help": "",
      "options": [],
      "value": "",
      "bookmarkIdPerValue": {
        "text": ["nume_cin_phy_tun"]
        
      },
      "visibility": true
    },
   {
      "id": "input_lieu_naissance_personne_physique_tunisienne_1",
      "type": "text",
      "description": "",
      "name": "input_lieu_naissance_personne_physique_tunisienne_1",
      "label": "Lieu de naissance",
      "placeHolder": "",
      "help": "",
      "options": [],
      "value": "",
      "bookmarkIdPerValue": {
        "text": ["lieu_naiss_phy_tun_1"]
        
      },
      "visibility": true
    },
   {
      "id": "input_lieu_naissance_personne_physique_tunisienne",
      "type": "text",
      "description": "",
      "name": "input_lieu_naissance_personne_physique_tunisienne",
      "label": "Lieu de naissance",
      "placeHolder": "",
      "help": "",
      "options": [],
      "value": "",
      "bookmarkIdPerValue": {
        "text": ["lieu_naiss_phy_tun"]
        
      },
      "visibility": true
    },
   {
      "id": "input_date_naissance_personne_physique_tunisienne_1",
      "type": "Date",
      "description": "",
      "name": "input_date_naissance_personne_physique_tunisienne_1",
      "label": "Date de naissance",
      "placeHolder": "",
      "help": "",
      "options": [],
      "value": "",
      "bookmarkIdPerValue": {
        "text": ["date_naiss_phys_tun_1"]
        
      },
      "visibility": true
    },
   {
      "id": "input_date_naissance_personne_physique_tunisienne",
      "type": "Date",
      "description": "",
      "name": "input_date_naissance_personne_physique_tunisienne",
      "label": "Date de naissance",
      "placeHolder": "",
      "help": "",
      "options": [],
      "value": "",
      "bookmarkIdPerValue": {
        "text": ["date_naiss_phys_tun"]
        
      },
      "visibility": true
    },
  {
      "id": "input_prenom_personne_physique_tunisienne_1",
      "type": "text",
      "description": "",
      "name": "input_prenom_personne_physique_tunisienne_1",
      "label": "Prénom",
      "placeHolder": "",
      "help": "",
      "options": [],
      "value": "",
      "bookmarkIdPerValue": {
        "text": ["prenom_phys_tun_1"]
        
      },
      "visibility": true
    },
  {
      "id": "input_prenom_personne_physique_tunisienne",
      "type": "text",
      "description": "",
      "name": "input_prenom_personne_physique_tunisienne",
      "label": "Prénom",
      "placeHolder": "",
      "help": "",
      "options": [],
      "value": "",
      "bookmarkIdPerValue": {
        "text": ["prenom_phys_tun"]
        
      },
      "visibility": true
    },
 
  
  {
      "id": "input_nom_personne_physique_tunisienne",
      "type": "text",
      "description": "",
      "name": "input_nom_personne_physique_tunisienne",
      "label": "Nom",
      "placeHolder": "",
      "help": "",
      "options": [],
      "value": "",
      "bookmarkIdPerValue": {
        "text": ["nom_phys_tun"]
        
      },
      "visibility": true
    },
	{
      "id": "input_nom_personne_physique_tunisienne_1",
      "type": "text",
      "description": "",
      "name": "input_nom_personne_physique_tunisienne_1",
      "label": "Nom",
      "placeHolder": "",
      "help": "",
      "options": [],
      "value": "",
      "bookmarkIdPerValue": {
        "text": ["nom_phys_tun_1"]
        
      },
      "visibility": true
    },
  {
      "id": "input_nature_employeur_physique",
      "type": "radio",
      "description": "",
      "name": "nature_employeur",
      "label": "De nationalité tunisienne",
      "placeHolder": "",
      "help": "",
      "options": [],
      "value": "Personne physique",
      "bookmarkIdPerValue": {
        "Personne physique": ["Infos_employeur_moral","Infos_employeur_physique_1"]
      },
      "visibility": true
    },
  {
      "id": "input_nature_employeur_morale",
      "type": "radio",
      "description": "",
      "name": "nature_employeur",
      "label": "De nationalité étrangère",
      "placeHolder": "",
      "help": "",
      "options": [],
      "value": "Personne morale",
      "bookmarkIdPerValue": {
        "Personne morale": ["Infos_employeur_physique"]
      },
      "visibility": true
    },

 
  {
      "id": "input_prenom_personne_morale_tunisienne_caution",
      "type": "text",
      "description": "",
      "name": "input_prenom_personne_morale_tunisienne_caution",
      "label": "Prénom du représentant",
      "placeHolder": "",
      "help": "",
      "options": [],
      "value": "",
      "bookmarkIdPerValue": {
        "text": ["prenom_morale_tun_caution"]
        },
      "visibility": true
    },
  {
      "id": "input_nom_personne_morale_tunisienne_caution",
      "type": "text",
      "description": "",
      "name": "input_nom_personne_morale_tunisienne_caution",
      "label": "Nom du représentant signataire du document",
      "placeHolder": "",
      "help": "",
      "options": [],
      "value": "",
      "bookmarkIdPerValue": {
        "text": ["nom_morale_tun_caution"]
        },
      "visibility": true
    },
  {
      "id": "input_identifiant_unique_personne_morale_tunisienne_caution",
      "type": "text",
      "description": "",
      "name": "input_identifiant_unique_personne_morale_tunisienne_caution",
      "label": "Identifiant Unique",
      "placeHolder": "",
      "help": "",
      "options": [],
      "value": "",
      "bookmarkIdPerValue": {
        "text": ["identi_morale_tun_caution"]
        },
      "visibility": true
    },
  {
      "id": "input_adresse_siege_personne_morale_tunisienne_caution",
      "type": "text",
      "description": "",
      "name": "input_adresse_siege_personne_morale_tunisienne_caution",
      "label": "Adresse du siège social",
      "placeHolder": "",
      "help": "",
      "options": [],
      "value": "",
      "bookmarkIdPerValue": {
        "text": ["adresse_morale_tun_caution"]
        },
      "visibility": true
    },
  {
      "id": "input_capital_personne_morale_tunisienne_caution",
      "type": "text",
      "description": "",
      "name": "input_capital_personne_morale_tunisienne_caution",
      "label": "Capital social en Dinars",
      "placeHolder": "",
      "help": "",
      "options": [],
      "value": "",
      "bookmarkIdPerValue": {
        "text": ["capital_morale_tun_caution"]
        },
      "visibility": true
    },
   {
      "id": "input_forme_personne_morale_tunisienne_caution",
      "type": "select",
      "description": "",
      "name": "input_forme_personne_morale_tunisienne_caution",
      "label": "Forme",
      "placeHolder": "",
      "help": "",
      "options": ["SA","SARL","SUARL","LLP","GMBH","Autre"],
      "value": "",
      "bookmarkIdPerValue": {
	  "SA": ["forme_morale_tun_caution"],
		"SARL": ["forme_morale_tun_caution"],
		"SUARL": ["forme_morale_tun_caution"],
		"LLP": ["forme_morale_tun_caution"],
		"GMBH": ["forme_morale_tun_caution"],
        "Autre": ["forme_morale_tun_caution"]
        },
      "visibility": true
    },
	{
      "id": "input_champ_libre",
      "type": "text",
      "description": "",
      "name": "input_champ_libre",
      "label": "Préciser la forme",
      "placeHolder": "",
      "help": "",
      "options": [],
      "value": "",
      "bookmarkIdPerValue": {
        "text": ["forme_morale_tun_caution"]
        },
      "visibility": false
    },
  {
      "id": "input_denomination_personne_morale_tunisienne_caution",
      "type": "text",
      "description": "",
      "name": "input_denomination_personne_morale_tunisienne_caution",
      "label": "Dénomination sociale",
      "placeHolder": "",
      "help": "",
      "options": [],
      "value": "",
      "bookmarkIdPerValue": {
        "text": ["denomin_morale_tun_caution"]
        },
      "visibility": true
    },
  {
      "id": "input_adresse_personne_physique_etrangere_caution",
      "type": "text",
      "description": "",
      "name": "input_adresse_personne_physique_etrangere_caution",
      "label": "Adresse/Domiciliation",
      "placeHolder": "",
      "help": "",
      "options": [],
      "value": "",
      "bookmarkIdPerValue": {
        "text": ["adresse_phys_etrg_caution"]
        
      },
      "visibility": true
    },
  {
      "id": "input_date_delivrance_passeport_personne_physique_etrangere_caution",
      "type": "Date",
      "description": "",
      "name": "input_date_delivrance_passeport_personne_physique_etrangere_caution",
      "label": "Date d’expiration du passeport",
      "placeHolder": "",
      "help": "",
      "options": [],
      "value": "",
      "bookmarkIdPerValue": {
        "text": ["date_passp_phys_etrg_caution"]
        
      },
      "visibility": true
    },
  {
      "id": "input_numero_passeport_personne_physique_etrangere_caution",
      "type": "text",
      "description": "",
      "name": "input_numero_passeport_personne_physique_etrangere_caution",
      "label": "Numéro de passeport",
      "placeHolder": "",
      "help": "",
      "options": [],
      "value": "",
      "bookmarkIdPerValue": {
        "text": ["num_passp_phys_etrg_caution"]
        
      },
      "visibility": true
    },
  {
      "id": "input_pays_emmetteur_passeport_personne_physique_etrangere_caution",
      "type": "text",
      "description": "",
      "name": "input_pays_emmetteur_passeport_personne_physique_etrangere_caution",
      "label": "Ville de naissance",
      "placeHolder": "",
      "help": "",
      "options": [],
      "value": "",
      "bookmarkIdPerValue": {
        "text": ["pays_passp_phys_etrg_caution"]
        
      },
      "visibility": true
    },
  {
      "id": "input_nationalité_personne_physique_etrangere_caution",
      "type": "Date",
      "description": "",
      "name": "input_nationalité_personne_physique_etrangere_caution",
      "label": "Date de naissance",
      "placeHolder": "",
      "help": "",
      "options": [],
      "value": "",
      "bookmarkIdPerValue": {
        "text": ["nationalité_phy_etrg_caution"]
        
      },
      "visibility": true
    },
  {
      "id": "input_prenom_personne_physique_etrangere_caution",
      "type": "text",
      "description": "",
      "name": "input_prenom_personne_physique_etrangere_caution",
      "label": "Prénom",
      "placeHolder": "",
      "help": "",
      "options": [],
      "value": "",
      "bookmarkIdPerValue": {
        "text": ["prenom_phy_etrangere_caution"]
        
      },
      "visibility": true
    },
   {
      "id": "input_nom_personne_physique_etrangere_caution",
      "type": "text",
      "description": "",
      "name": "input_nom_personne_physique_etrangere_caution",
      "label": "Nom",
      "placeHolder": "",
      "help": "",
      "options": [],
      "value": "",
      "bookmarkIdPerValue": {
        "text": ["nom_phys_etrangere_caution"]
        
      },
      "visibility": true
    },
   
  {
      "id": "input_adresse_personne_physique_tunisienne_caution",
      "type": "text",
      "description": "",
      "name": "input_adresse_personne_physique_tunisienne_caution",
      "label": "Adresse/Domiciliation",
      "placeHolder": "",
      "help": "",
      "options": [],
      "value": "",
      "bookmarkIdPerValue": {
        "text": ["adresse_phy_tun_caution"]
        
      },
      "visibility": true
    },
  
  {
      "id": "input_numero_cin_personne_physique_tunisienne_caution",
      "type": "number",
      "description": "",
      "name": "input_numero_cin_personne_physique_tunisienne_caution",
      "label": "Numéro de carte d'identité nationale",
      "placeHolder": "",
      "help": "",
      "options": [],
      "value": "",
      "bookmarkIdPerValue": {
        "text": ["nume_cin_phy_tun_caution"]
        
      },
      "visibility": true
    },
  {
      "id": "input_lieu_naissance_personne_physique_tunisienne_caution",
      "type": "text",
      "description": "",
      "name": "input_lieu_naissance_personne_physique_tunisienne_caution",
      "label": "Lieu de naissance",
      "placeHolder": "",
      "help": "",
      "options": [],
      "value": "",
      "bookmarkIdPerValue": {
        "text": ["lieu_naiss_phy_tun_caution"]
        
      },
      "visibility": true
    },
  {
      "id": "input_date_naissance_personne_physique_tunisienne_caution",
      "type": "Date",
      "description": "",
      "name": "input_date_naissance_personne_physique_tunisienne_caution",
      "label": "Date de naissance",
      "placeHolder": "",
      "help": "",
      "options": [],
      "value": "",
      "bookmarkIdPerValue": {
        "text": ["date_naiss_phys_tun_caution"]
        
      },
      "visibility": true
    },
   {
      "id": "input_nom_personne_physique_tunisienne_caution",
      "type": "text",
      "description": "",
      "name": "input_nom_personne_physique_tunisienne_caution",
      "label": "Nom",
      "placeHolder": "",
      "help": "",
      "options": [],
      "value": "",
      "bookmarkIdPerValue": {
        "text": ["nom_phys_tun_caution"]
        
      },
      "visibility": true
    },
	 {
      "id": "input_prenom_personne_physique_tunisienne_caution",
      "type": "text",
      "description": "",
      "name": "input_prenom_personne_physique_tunisienne_caution",
      "label": "Prénom",
      "placeHolder": "",
      "help": "",
      "options": [],
      "value": "",
      "bookmarkIdPerValue": {
        "text": ["prenom_phys_tun_caution"]
        
      },
      "visibility": true
    },
  {
      "id": "input_nature_personne_physique_tunisienne_caution",
      "type": "radio",
      "description": "",
      "name": "nature_employeur",
      "label": "Personne physique tunisienne",
      "placeHolder": "",
      "help": "",
      "options": [],
      "value": "physique tunisienne caution",
      "bookmarkIdPerValue": {
        "physique tunisienne caution": [
		                                "personne_physique_etrangere_caution",
										"personne_morale_tunisienne_caution"]
      },
      "visibility": true
    },
	 {
      "id": "input_nature_personne_physique_etrangere_caution",
      "type": "radio",
      "description": "",
      "name": "nature_employeur",
      "label": "Personne physique étrangère",
      "placeHolder": "",
      "help": "",
      "options": [],
      "value": "physique etrangere caution",
      "bookmarkIdPerValue": {
        "physique etrangere caution": [
		                               "personne_physique_tunisienne_caution",
									   "personne_morale_tunisienne_caution"]
      },
      "visibility": true
    },
	{
      "id": "input_nature_personne_morale_tunisienne_caution",
      "type": "radio",
      "description": "",
      "name": "nature_employeur",
      "label": "Personne morale",
      "placeHolder": "",
      "help": "",
      "options": [],
      "value": "morale tunisienne caution",
      "bookmarkIdPerValue": {
        "morale tunisienne caution": [
		                              "personne_physique_tunisienne_caution",
									  "personne_physique_etrangere_caution"]
      },
      "visibility": true
    }
	
   ],
  "bookmarks": [

   {
      "bookmarkId": "denomin_morale_tun_caution",
      "value": "",
      "fontFamily": "Times New Roman",
      "color": null,
      "bold": true,
      "italic": false,
      "capitalized": false,
      "type": "USER_INPUT",
      "fontSize": 11
    },
	{
      "bookmarkId": "forme_morale_tun_caution",
      "value": "",
      "fontFamily": "Times New Roman",
      "color": null,
      "bold": true,
      "italic": false,
      "capitalized": false,
      "type": "USER_INPUT",
      "fontSize": 11
    },
	{
      "bookmarkId": "forme_morale_tun_caution",
      "value": "",
      "fontFamily": "Times New Roman",
      "color": null,
      "bold": true,
      "italic": false,
      "capitalized": false,
      "type": "USER_INPUT",
      "fontSize": 11
    },
	
	{
      "bookmarkId": "capital_morale_tun_caution",
      "value": "",
      "fontFamily": "Times New Roman",
      "color": null,
      "bold": true,
      "italic": false,
      "capitalized": false,
      "type": "USER_INPUT",
      "fontSize": 11
    },{
      "bookmarkId": "adresse_morale_tun_caution",
      "value": "",
      "fontFamily": "Times New Roman",
      "color": null,
      "bold": true,
      "italic": false,
      "capitalized": false,
      "type": "USER_INPUT",
      "fontSize": 11
    },{
      "bookmarkId": "identi_morale_tun_caution",
      "value": "",
      "fontFamily": "Times New Roman",
      "color": null,
      "bold": true,
      "italic": false,
      "capitalized": false,
      "type": "USER_INPUT",
      "fontSize": 11
    },
	{
      "bookmarkId": "nom_morale_tun_caution",
      "value": "",
      "fontFamily": "Times New Roman",
      "color": null,
      "bold": true,
      "italic": false,
      "capitalized": false,
      "type": "USER_INPUT",
      "fontSize": 11
    },{
      "bookmarkId": "prenom_morale_tun_caution",
      "value": "",
      "fontFamily": "Times New Roman",
      "color": null,
      "bold": true,
      "italic": false,
      "capitalized": false,
      "type": "USER_INPUT",
      "fontSize": 11
    },
  {
      "bookmarkId": "nom_phys_etrangere_caution",
      "value": "",
      "fontFamily": "Times New Roman",
      "color": null,
      "bold": true,
      "italic": false,
      "capitalized": false,
      "type": "USER_INPUT",
      "fontSize": 11
    },
	{
      "bookmarkId": "prenom_phy_etrangere_caution",
      "value": "",
      "fontFamily": "Times New Roman",
      "color": null,
      "bold": true,
      "italic": false,
      "capitalized": false,
      "type": "USER_INPUT",
      "fontSize": 11
    },
	{
      "bookmarkId": "nationalité_phy_etrg_caution",
      "value": "",
      "fontFamily": "Times New Roman",
      "color": null,
      "bold": true,
      "italic": false,
      "capitalized": false,
      "type": "USER_INPUT",
      "fontSize": 11
    },
	{
      "bookmarkId": "pays_passp_phys_etrg_caution",
      "value": "",
      "fontFamily": "Times New Roman",
      "color": null,
      "bold": true,
      "italic": false,
      "capitalized": false,
      "type": "USER_INPUT",
      "fontSize": 11
    },
	{
      "bookmarkId": "num_passp_phys_etrg_caution",
      "value": "",
      "fontFamily": "Times New Roman",
      "color": null,
      "bold": true,
      "italic": false,
      "capitalized": false,
      "type": "USER_INPUT",
      "fontSize": 11
    },
	{
      "bookmarkId": "date_passp_phys_etrg_caution",
      "value": "",
      "fontFamily": "Times New Roman",
      "color": null,
      "bold": true,
      "italic": false,
      "capitalized": false,
      "type": "USER_INPUT",
      "fontSize": 11
    },
	{
      "bookmarkId": "adresse_phys_etrg_caution",
      "value": "",
      "fontFamily": "Times New Roman",
      "color": null,
      "bold": true,
      "italic": false,
      "capitalized": false,
      "type": "USER_INPUT",
      "fontSize": 11
    },
  {
      "bookmarkId": "prenom_phys_tun_caution",
      "value": "",
      "fontFamily": "Times New Roman",
      "color": null,
      "bold": true,
      "italic": false,
      "capitalized": false,
      "type": "USER_INPUT",
      "fontSize": 11
    },
	{
      "bookmarkId": "nom_phys_tun_caution",
      "value": "",
      "fontFamily": "Times New Roman",
      "color": null,
      "bold": true,
      "italic": false,
      "capitalized": false,
      "type": "USER_INPUT",
      "fontSize": 11
    },{
      "bookmarkId": "date_naiss_phys_tun_caution",
      "value": "",
      "fontFamily": "Times New Roman",
      "color": null,
      "bold": true,
      "italic": false,
      "capitalized": false,
      "type": "USER_INPUT",
      "fontSize": 11
    },{
      "bookmarkId": "lieu_naiss_phy_tun_caution",
      "value": "",
      "fontFamily": "Times New Roman",
      "color": null,
      "bold": true,
      "italic": false,
      "capitalized": false,
      "type": "USER_INPUT",
      "fontSize": 11
    },{
      "bookmarkId": "nume_cin_phy_tun_caution",
      "value": "",
      "fontFamily": "Times New Roman",
      "color": null,
      "bold": true,
      "italic": false,
      "capitalized": false,
      "type": "USER_INPUT",
      "fontSize": 11
    },{
      "bookmarkId": "adresse_phy_tun_caution",
      "value": "",
      "fontFamily": "Times New Roman",
      "color": null,
      "bold": true,
      "italic": false,
      "capitalized": false,
      "type": "USER_INPUT",
      "fontSize": 11
    },
  {
      "bookmarkId": "personne_physique_tunisienne_caution",
      "value": "",
      "fontFamily": "Times New Roman",
      "color": null,
      "bold": true,
      "italic": false,
      "capitalized": false,
      "type": "PARAGRAPH_WITH_BOOKMARKS",
      "fontSize": 11
    },
	{
      "bookmarkId": "personne_physique_etrangere_caution",
      "value": "",
      "fontFamily": "Times New Roman",
      "color": null,
      "bold": true,
      "italic": false,
      "capitalized": false,
      "type": "PARAGRAPH_WITH_BOOKMARKS",
      "fontSize": 11
    },
	{
      "bookmarkId": "personne_morale_tunisienne_caution",
      "value": "",
      "fontFamily": "Times New Roman",
      "color": null,
      "bold": true,
      "italic": false,
      "capitalized": false,
      "type": "PARAGRAPH_WITH_BOOKMARKS",
      "fontSize": 11
    },
	{
      "bookmarkId": "Infos_employeur_moral",
      "value": "",
      "fontFamily": "Times New Roman",
      "color": null,
      "bold": true,
      "italic": false,
      "capitalized": false,
      "type": "PARAGRAPH_WITH_BOOKMARKS",
      "fontSize": 11
    },
	{
      "bookmarkId": "Infos_employeur_physique",
      "value": "",
      "fontFamily": "Times New Roman",
      "color": null,
      "bold": true,
      "italic": false,
      "capitalized": false,
      "type": "PARAGRAPH_WITH_BOOKMARKS",
      "fontSize": 11
    },
	{
      "bookmarkId": "Infos_employeur_physique_1",
      "value": "",
      "fontFamily": "Times New Roman",
      "color": null,
      "bold": true,
      "italic": false,
      "capitalized": false,
      "type": "PARAGRAPH_WITH_BOOKMARKS",
      "fontSize": 11
    },
	{
      "bookmarkId": "nom_phys_tun_1",
      "value": "",
      "fontFamily": "Times New Roman",
      "color": null,
      "bold": true,
      "italic": false,
      "capitalized": false,
      "type": "USER_INPUT",
      "fontSize": 11
    },
	{
      "bookmarkId": "nom_phys_tun",
      "value": "",
      "fontFamily": "Times New Roman",
      "color": null,
      "bold": true,
      "italic": false,
      "capitalized": false,
      "type": "USER_INPUT",
      "fontSize": 11
    },{
      "bookmarkId": "prenom_phys_tun_1",
      "value": "",
      "fontFamily": "Times New Roman",
      "color": null,
      "bold": true,
      "italic": false,
      "capitalized": false,
      "type": "USER_INPUT",
      "fontSize": 11
    },
	{
      "bookmarkId": "prenom_phys_tun",
      "value": "",
      "fontFamily": "Times New Roman",
      "color": null,
      "bold": true,
      "italic": false,
      "capitalized": false,
      "type": "USER_INPUT",
      "fontSize": 11
    },
	{
      "bookmarkId": "date_naiss_phys_tun",
      "value": "",
      "fontFamily": "Times New Roman",
      "color": null,
      "bold": true,
      "italic": false,
      "capitalized": false,
      "type": "USER_INPUT",
      "fontSize": 11
    },
	{
      "bookmarkId": "date_naiss_phys_tun_1",
      "value": "",
      "fontFamily": "Times New Roman",
      "color": null,
      "bold": true,
      "italic": false,
      "capitalized": false,
      "type": "USER_INPUT",
      "fontSize": 11
    },
	{
      "bookmarkId": "lieu_naiss_phy_tun",
      "value": "",
      "fontFamily": "Times New Roman",
      "color": null,
      "bold": true,
      "italic": false,
      "capitalized": false,
      "type": "USER_INPUT",
      "fontSize": 11
    },
	{
      "bookmarkId": "lieu_naiss_phy_tun_1",
      "value": "",
      "fontFamily": "Times New Roman",
      "color": null,
      "bold": true,
      "italic": false,
      "capitalized": false,
      "type": "USER_INPUT",
      "fontSize": 11
    },{
      "bookmarkId": "nume_cin_phy_tun",
      "value": "",
      "fontFamily": "Times New Roman",
      "color": null,
      "bold": true,
      "italic": false,
      "capitalized": false,
      "type": "USER_INPUT",
      "fontSize": 11
    },
	{
      "bookmarkId": "nume_cin_phy_tun_1",
      "value": "",
      "fontFamily": "Times New Roman",
      "color": null,
      "bold": true,
      "italic": false,
      "capitalized": false,
      "type": "USER_INPUT",
      "fontSize": 11
    },
	{
      "bookmarkId": "adresse_phy_tun",
      "value": "",
      "fontFamily": "Times New Roman",
      "color": null,
      "bold": true,
      "italic": false,
      "capitalized": false,
      "type": "USER_INPUT",
      "fontSize": 11
    },
	{
      "bookmarkId": "adresse_phy_tun_1",
      "value": "",
      "fontFamily": "Times New Roman",
      "color": null,
      "bold": true,
      "italic": false,
      "capitalized": false,
      "type": "USER_INPUT",
      "fontSize": 11
    },
	{
      "bookmarkId": "nationaliteee_phy_tun_1",
      "value": "",
      "fontFamily": "Times New Roman",
      "color": null,
      "bold": true,
      "italic": false,
      "capitalized": false,
      "type": "USER_INPUT",
      "fontSize": 11
    },
	{
      "bookmarkId": "expiration_phy_tun_1",
      "value": "",
      "fontFamily": "Times New Roman",
      "color": null,
      "bold": true,
      "italic": false,
      "capitalized": false,
      "type": "USER_INPUT",
      "fontSize": 11
    },
	{
      "bookmarkId": "question_3",
      "value": "",
      "fontFamily": "Times New Roman",
      "color": null,
      "bold": true,
      "italic": false,
      "capitalized": false,
      "type": "USER_INPUT",
      "fontSize": 11
    },
	{
      "bookmarkId": "question_4",
      "value": "",
      "fontFamily": "Times New Roman",
      "color": null,
      "bold": true,
      "italic": false,
      "capitalized": false,
      "type": "USER_INPUT",
      "fontSize": 11
    },
	{
      "bookmarkId": "annee_question_5",
      "value": "",
      "fontFamily": "Times New Roman",
      "color": null,
      "bold": true,
      "italic": false,
      "capitalized": false,
      "type": "PARAGRAPH_WITH_BOOKMARKS",
      "fontSize": 11
    },
	{
      "bookmarkId": "mois_question_5",
      "value": "",
      "fontFamily": "Times New Roman",
      "color": null,
      "bold": true,
      "italic": false,
      "capitalized": false,
      "type": "PARAGRAPH_WITH_BOOKMARKS",
      "fontSize": 11
    },
	{
      "bookmarkId": "jours_question_5",
      "value": "",
      "fontFamily": "Times New Roman",
      "color": null,
      "bold": true,
      "italic": false,
      "capitalized": false,
      "type": "PARAGRAPH_WITH_BOOKMARKS",
      "fontSize": 11
    },
	{
      "bookmarkId": "inserez_annee_question_5",
      "value": "",
      "fontFamily": "Times New Roman",
      "color": null,
      "bold": true,
      "italic": false,
      "capitalized": false,
      "type": "USER_INPUT",
      "fontSize": 11
    },
	{
      "bookmarkId": "inserez_mois_question_5",
      "value": "",
      "fontFamily": "Times New Roman",
      "color": null,
      "bold": true,
      "italic": false,
      "capitalized": false,
      "type": "USER_INPUT",
      "fontSize": 11
    },
	{
      "bookmarkId": "inserez_jours_question_5",
      "value": "",
      "fontFamily": "Times New Roman",
      "color": null,
      "bold": true,
      "italic": false,
      "capitalized": false,
      "type": "USER_INPUT",
      "fontSize": 11
    },
	{
      "bookmarkId": "question_6",
      "value": "",
      "fontFamily": "Times New Roman",
      "color": null,
      "bold": true,
      "italic": false,
      "capitalized": false,
      "type": "USER_INPUT",
      "fontSize": 11
    },
	{
      "bookmarkId": "question_7",
      "value": "",
      "fontFamily": "Times New Roman",
      "color": null,
      "bold": true,
      "italic": false,
      "capitalized": false,
      "type": "USER_INPUT",
      "fontSize": 11
    },
	{
      "bookmarkId": "question_date_essai_8",
      "value": "",
      "fontFamily": "Times New Roman",
      "color": null,
      "bold": true,
      "italic": false,
      "capitalized": false,
      "type": "USER_INPUT",
      "fontSize": 11
    },
	{
      "bookmarkId": "question_non_8",
      "value": "",
      "fontFamily": "Times New Roman",
      "color": null,
      "bold": true,
      "italic": false,
      "capitalized": false,
      "type": "PARAGRAPH_WITH_BOOKMARKS",
      "fontSize": 11
    },
	{
      "bookmarkId": "question_oui_8",
      "value": "",
      "fontFamily": "Times New Roman",
      "color": null,
      "bold": true,
      "italic": false,
      "capitalized": false,
      "type": "PARAGRAPH_WITH_BOOKMARKS",
      "fontSize": 11
    },
	{
      "bookmarkId": "question_oui_8_1",
      "value": "",
      "fontFamily": "Times New Roman",
      "color": null,
      "bold": true,
      "italic": false,
      "capitalized": false,
      "type": "PARAGRAPH_WITH_BOOKMARKS",
      "fontSize": 11
    },
	{
      "bookmarkId": "question_oui_8_2",
      "value": "",
      "fontFamily": "Times New Roman",
      "color": null,
      "bold": true,
      "italic": false,
      "capitalized": false,
      "type": "PARAGRAPH_WITH_BOOKMARKS",
      "fontSize": 11
    },
	{
      "bookmarkId": "question_oui_8_3",
      "value": "",
      "fontFamily": "Times New Roman",
      "color": null,
      "bold": true,
      "italic": false,
      "capitalized": false,
      "type": "PARAGRAPH_WITH_BOOKMARKS",
      "fontSize": 11
    },
	{
      "bookmarkId": "question_9",
      "value": "",
      "fontFamily": "Times New Roman",
      "color": null,
      "bold": true,
      "italic": false,
      "capitalized": false,
      "type": "USER_INPUT",
      "fontSize": 11
    },
	{
      "bookmarkId": "question_10",
      "value": "",
      "fontFamily": "Times New Roman",
      "color": null,
      "bold": true,
      "italic": false,
      "capitalized": false,
      "type": "USER_INPUT",
      "fontSize": 11
    },
	{
      "bookmarkId": "question_non_11",
      "value": "",
      "fontFamily": "Times New Roman",
      "color": null,
      "bold": true,
      "italic": false,
      "capitalized": false,
      "type": "PARAGRAPH_WITH_BOOKMARKS",
      "fontSize": 11
    },
	{
      "bookmarkId": "question_oui_11",
      "value": "",
      "fontFamily": "Times New Roman",
      "color": null,
      "bold": true,
      "italic": false,
      "capitalized": false,
      "type": "PARAGRAPH_WITH_BOOKMARKS",
      "fontSize": 11
    },
	{
      "bookmarkId": "temps_complet_question_12",
      "value": "",
      "fontFamily": "Times New Roman",
      "color": null,
      "bold": true,
      "italic": false,
      "capitalized": false,
      "type": "PARAGRAPH_WITH_BOOKMARKS",
      "fontSize": 11
    },
	{
      "bookmarkId": "temps_partiel_question_12",
      "value": "",
      "fontFamily": "Times New Roman",
      "color": null,
      "bold": true,
      "italic": false,
      "capitalized": false,
      "type": "PARAGRAPH_WITH_BOOKMARKS",
      "fontSize": 11
    },
	{
      "bookmarkId": "question_12_1",
      "value": "",
      "fontFamily": "Times New Roman",
      "color": null,
      "bold": true,
      "italic": false,
      "capitalized": false,
      "type": "USER_INPUT",
      "fontSize": 11
    },
	{
      "bookmarkId": "question_12_2",
      "value": "",
      "fontFamily": "Times New Roman",
      "color": null,
      "bold": true,
      "italic": false,
      "capitalized": false,
      "type": "PARAGRAPH_WITH_BOOKMARKS",
      "fontSize": 11
    },
	{
      "bookmarkId": "question_12_3",
      "value": "",
      "fontFamily": "Times New Roman",
      "color": null,
      "bold": true,
      "italic": false,
      "capitalized": false,
      "type": "USER_INPUT",
      "fontSize": 11
    },
	{
      "bookmarkId": "question_13",
      "value": "",
      "fontFamily": "Times New Roman",
      "color": null,
      "bold": true,
      "italic": false,
      "capitalized": false,
      "type": "USER_INPUT",
      "fontSize": 11
    },
	{
      "bookmarkId": "question_oui_14",
      "value": "",
      "fontFamily": "Times New Roman",
      "color": null,
      "bold": true,
      "italic": false,
      "capitalized": false,
      "type": "PARAGRAPH_WITH_BOOKMARKS",
      "fontSize": 11
    },
	{
      "bookmarkId": "question_oui_14_1",
      "value": "",
      "fontFamily": "Times New Roman",
      "color": null,
      "bold": true,
      "italic": false,
      "capitalized": false,
      "type": "PARAGRAPH_WITH_BOOKMARKS",
      "fontSize": 11
    },
	{
      "bookmarkId": "question_oui_14_2",
      "value": "",
      "fontFamily": "Times New Roman",
      "color": null,
      "bold": true,
      "italic": false,
      "capitalized": false,
      "type": "PARAGRAPH_WITH_BOOKMARKS",
      "fontSize": 11
    },
	{
      "bookmarkId": "question_oui_14_3",
      "value": "",
      "fontFamily": "Times New Roman",
      "color": null,
      "bold": true,
      "italic": false,
      "capitalized": false,
      "type": "PARAGRAPH_WITH_BOOKMARKS",
      "fontSize": 11
    },
	{
      "bookmarkId": "question_non_14",
      "value": "",
      "fontFamily": "Times New Roman",
      "color": null,
      "bold": true,
      "italic": false,
      "capitalized": false,
      "type": "PARAGRAPH_WITH_BOOKMARKS",
      "fontSize": 11
    },
	{
      "bookmarkId": "question_oui_15",
      "value": "",
      "fontFamily": "Times New Roman",
      "color": null,
      "bold": true,
      "italic": false,
      "capitalized": false,
      "type": "PARAGRAPH_WITH_BOOKMARKS",
      "fontSize": 11
    },
	{
      "bookmarkId": "question_oui_15_1",
      "value": "",
      "fontFamily": "Times New Roman",
      "color": null,
      "bold": true,
      "italic": false,
      "capitalized": false,
      "type": "PARAGRAPH_WITH_BOOKMARKS",
      "fontSize": 11
    },{
      "bookmarkId": "question_oui_15_2",
      "value": "",
      "fontFamily": "Times New Roman",
      "color": null,
      "bold": true,
      "italic": false,
      "capitalized": false,
      "type": "PARAGRAPH_WITH_BOOKMARKS",
      "fontSize": 11
    },
	{
      "bookmarkId": "question_non_15",
      "value": "",
      "fontFamily": "Times New Roman",
      "color": null,
      "bold": true,
      "italic": false,
      "capitalized": false,
      "type": "PARAGRAPH_WITH_BOOKMARKS",
      "fontSize": 11
    },
	{
      "bookmarkId": "question_oui_16",
      "value": "",
      "fontFamily": "Times New Roman",
      "color": null,
      "bold": true,
      "italic": false,
      "capitalized": false,
      "type": "PARAGRAPH_WITH_BOOKMARKS",
      "fontSize": 11
    },
	{
      "bookmarkId": "question_oui_16_1",
      "value": "",
      "fontFamily": "Times New Roman",
      "color": null,
      "bold": true,
      "italic": false,
      "capitalized": false,
      "type": "PARAGRAPH_WITH_BOOKMARKS",
      "fontSize": 11
    },
	{
      "bookmarkId": "question_oui_16_2",
      "value": "",
      "fontFamily": "Times New Roman",
      "color": null,
      "bold": true,
      "italic": false,
      "capitalized": false,
      "type": "PARAGRAPH_WITH_BOOKMARKS",
      "fontSize": 11
    },
	{
      "bookmarkId": "question_oui_16_3",
      "value": "",
      "fontFamily": "Times New Roman",
      "color": null,
      "bold": true,
      "italic": false,
      "capitalized": false,
      "type": "PARAGRAPH_WITH_BOOKMARKS",
      "fontSize": 11
    },
	{
      "bookmarkId": "question_non_16",
      "value": "",
      "fontFamily": "Times New Roman",
      "color": null,
      "bold": true,
      "italic": false,
      "capitalized": false,
      "type": "PARAGRAPH_WITH_BOOKMARKS",
      "fontSize": 11
    },
	
	{
      "bookmarkId": "question_oui_17_4",
      "value": "",
      "fontFamily": "Times New Roman",
      "color": null,
      "bold": true,
      "italic": false,
      "capitalized": false,
      "type": "PARAGRAPH_WITH_BOOKMARKS",
      "fontSize": 11
    },
	{
      "bookmarkId": "question_oui_17_3",
      "value": "",
      "fontFamily": "Times New Roman",
      "color": null,
      "bold": true,
      "italic": false,
      "capitalized": false,
      "type": "PARAGRAPH_WITH_BOOKMARKS",
      "fontSize": 11
    },{
      "bookmarkId": "question_oui_17_2",
      "value": "",
      "fontFamily": "Times New Roman",
      "color": null,
      "bold": true,
      "italic": false,
      "capitalized": false,
      "type": "PARAGRAPH_WITH_BOOKMARKS",
      "fontSize": 11
    },{
      "bookmarkId": "question_oui_17_1",
      "value": "",
      "fontFamily": "Times New Roman",
      "color": null,
      "bold": true,
      "italic": false,
      "capitalized": false,
      "type": "PARAGRAPH_WITH_BOOKMARKS",
      "fontSize": 11
    },{
      "bookmarkId": "question_oui_17",
      "value": "",
      "fontFamily": "Times New Roman",
      "color": null,
      "bold": true,
      "italic": false,
      "capitalized": false,
      "type": "PARAGRAPH_WITH_BOOKMARKS",
      "fontSize": 11
    },{
      "bookmarkId": "question_non_17",
      "value": "",
      "fontFamily": "Times New Roman",
      "color": null,
      "bold": true,
      "italic": false,
      "capitalized": false,
      "type": "PARAGRAPH_WITH_BOOKMARKS",
      "fontSize": 11
    },
	{
      "bookmarkId": "perimetre_question_oui_17",
      "value": "",
      "fontFamily": "Times New Roman",
      "color": null,
      "bold": true,
      "italic": false,
      "capitalized": false,
      "type": "USER_INPUT",
      "fontSize": 11
    },
	{
      "bookmarkId": "obligation_question_oui_17",
      "value": "",
      "fontFamily": "Times New Roman",
      "color": null,
      "bold": true,
      "italic": false,
      "capitalized": false,
      "type": "USER_INPUT",
      "fontSize": 11
    }
	
	
	
	
  ]
}