{
  "steps": [
  {
      "id": "step_informations_sur_lassemble",
      "title": "Informations sur l'assemblée",
      "description": "",
      "blocs": ["bloc_details_assemblé"],
      "visibility": true
    },
	{
      "id": "step_question8_9_10_11_12",
      "title": "Information sur l’exercice à approuver",
      "description": "",
      "blocs": ["bloc_question_8","bloc_ass","bloc_ass_1","bloc_ass_2","bloc_ass_3","bloc_ass_4","bloc_ass_5","bloc_ass_6","bloc_ass_7","bloc_ass_8","bloc_ass_9","bloc_ass_10",
				"bloc_ass_11","bloc_ass_12","bloc_ass_13","bloc_ass_14","bloc_ass_15","bloc_ass_16","bloc_ass_17","bloc_ass_18","bloc_ass_19","bloc_ass_20",
				"bloc_ass_21","bloc_ass_22","bloc_ass_23","bloc_ass_24","bloc_ass_25","bloc_ass_26","bloc_ass_27","bloc_ass_28","bloc_ass_29","bloc_ass_30",
				"bloc_ass_31","bloc_ass_32","bloc_ass_33","bloc_ass_34","bloc_ass_35","bloc_ass_36","bloc_ass_37","bloc_ass_38","bloc_ass_39","bloc_ass_40",
				"bloc_ass_41","bloc_ass_42","bloc_ass_43","bloc_ass_44","bloc_ass_45","bloc_ass_46","bloc_ass_47","bloc_ass_48","bloc_ass_49","bloc_ass_50",
				
				  "bloc_question_11",
				  "bloc_question_11_1",
				  "bloc_question_11_2",
				  "bloc_question_11_3",
				  "bloc_question_11_4",
				  "bloc_question_11_5",
				  "bloc_question_12"
				  
				],
      "visibility": true
    },
	
	 {
      "id": "step_question_13_14_15_16_17",
      "title": "Information sur l’exercice à approuver",
      "description": "",
      "blocs": ["bloc_question_13_14_15_16_17"],
      "visibility": true
    }
	
	
  
  
  ],
   "blocs": [
   
   
     {"id": "bloc_question_13_14_15_16_17","title": "","description": "","inputs": ["input_qestion_13",
	                                                                       "input_qestion_13_revocation_nom_gerant",
																		   "input_question_14",
																		   "input_question_15",
																		   "input_question_15_cin",
																		   "input_question_15_passeport",
																		   "input_question_15_nat_pass",
																		   "input_question_16",
																		   "input_question_17",
																		   "input_question_17_remuneration"
																		   ],"visibility": true},
																		   
   
   
  {"id": "bloc_question_11","title": "","description": "","inputs": ["input_question_11"],"visibility": true},
  {"id": "bloc_question_11_1","title": "Autre personne présente 1","description": "","inputs": ["input_qestion_12_1","input_nom_prénom_12_1"],"visibility": false},
  {"id": "bloc_question_11_2","title": "Autre personne présente 2","description": "","inputs": ["input_qestion_12_2","input_nom_prénom_12_2"],"visibility": false},
  {"id": "bloc_question_11_3","title": "Autre personne présente 3","description": "","inputs": ["input_qestion_12_3","input_nom_prénom_12_3"],"visibility": false},
  {"id": "bloc_question_11_4","title": "Autre personne présente 4","description": "","inputs": ["input_qestion_12_4","input_nom_prénom_12_4"],"visibility": false},
  {"id": "bloc_question_11_5","title": "Autre personne présente 5","description": "","inputs": ["input_qestion_12_5","input_nom_prénom_12_5"],"visibility": false},
  
    {"id": "bloc_question_12","title": "Autre personne présente 5","description": "","inputs": ["input_qestion_12"],"visibility": true},

  
  
  {
      "id": "bloc_details_assemblé",
      "title": "",
      "description": "",
      "inputs": [
	    "input_denomination_sociale",
       
		"input_siege_social",
		 "input_capital_sociale_en_dinars",
		"input_identifiant_unique",
		"input_date_reunion_de_lassemble",
		"input_heure_debut_reuiion_lassemble",
		"input_heure_fin_reuiion_lassemble"
		],
      "visibility": true
    },
	
	
	{
      "id": "bloc_question_8",
      "title": "Est-ce que le gérant préside l’assemblée ?",
      "description": "",
      "inputs": ["input_question_8_oui",
					"input_question_8_non",
					"input_question_8_nom_prenom"],
      "visibility": true
    },
	
	
	
	
      {"id": "bloc_ass","title": "","description": "","inputs": ["input_ass"],"visibility": true},
	  {"id": "bloc_ass_1","title": "","description": "","inputs": ["input_nom_prénom_1","input_nombre_part_1"],"visibility": false},
	  {"id": "bloc_ass_2","title": "","description": "","inputs": ["input_nom_prénom_2","input_nombre_part_2"],"visibility": false},
	  {"id": "bloc_ass_3","title": "","description": "","inputs": ["input_nom_prénom_3","input_nombre_part_3"],"visibility": false},
	  {"id": "bloc_ass_4","title": "","description": "","inputs": ["input_nom_prénom_4","input_nombre_part_4"],"visibility": false},
	  {"id": "bloc_ass_5","title": "","description": "","inputs": ["input_nom_prénom_5","input_nombre_part_5"],"visibility": false},
	  {"id": "bloc_ass_6","title": "","description": "","inputs": ["input_nom_prénom_6","input_nombre_part_6"],"visibility": false},
	  {"id": "bloc_ass_7","title": "","description": "","inputs": ["input_nom_prénom_7","input_nombre_part_7"],"visibility": false},
	  {"id": "bloc_ass_8","title": "","description": "","inputs": ["input_nom_prénom_8","input_nombre_part_8"],"visibility": false},
	  {"id": "bloc_ass_9","title": "","description": "","inputs": ["input_nom_prénom_9","input_nombre_part_9"],"visibility": false},
	  {"id": "bloc_ass_10","title": "","description": "","inputs": ["input_nom_prénom_10","input_nombre_part_10"],"visibility": false},
	  {"id": "bloc_ass_11","title": "","description": "","inputs": ["input_nom_prénom_11","input_nombre_part_11"],"visibility": false},
	  {"id": "bloc_ass_12","title": "","description": "","inputs": ["input_nom_prénom_12","input_nombre_part_12"],"visibility": false},
	  {"id": "bloc_ass_13","title": "","description": "","inputs": ["input_nom_prénom_13","input_nombre_part_13"],"visibility": false},
	  {"id": "bloc_ass_14","title": "","description": "","inputs": ["input_nom_prénom_14","input_nombre_part_14"],"visibility": false},
	  {"id": "bloc_ass_15","title": "","description": "","inputs": ["input_nom_prénom_15","input_nombre_part_15"],"visibility": false},
	  {"id": "bloc_ass_16","title": "","description": "","inputs": ["input_nom_prénom_16","input_nombre_part_16"],"visibility": false},
	  {"id": "bloc_ass_17","title": "","description": "","inputs": ["input_nom_prénom_17","input_nombre_part_17"],"visibility": false},
	  {"id": "bloc_ass_18","title": "","description": "","inputs": ["input_nom_prénom_18","input_nombre_part_18"],"visibility": false},
	  {"id": "bloc_ass_19","title": "","description": "","inputs": ["input_nom_prénom_19","input_nombre_part_19"],"visibility": false},
	  {"id": "bloc_ass_20","title": "","description": "","inputs": ["input_nom_prénom_20","input_nombre_part_20"],"visibility": false},
	  {"id": "bloc_ass_21","title": "","description": "","inputs": ["input_nom_prénom_21","input_nombre_part_21"],"visibility": false},
	  {"id": "bloc_ass_22","title": "","description": "","inputs": ["input_nom_prénom_22","input_nombre_part_22"],"visibility": false},
	  {"id": "bloc_ass_23","title": "","description": "","inputs": ["input_nom_prénom_23","input_nombre_part_23"],"visibility": false},
	  {"id": "bloc_ass_24","title": "","description": "","inputs": ["input_nom_prénom_24","input_nombre_part_24"],"visibility": false},
	  {"id": "bloc_ass_25","title": "","description": "","inputs": ["input_nom_prénom_25","input_nombre_part_25"],"visibility": false},
	  {"id": "bloc_ass_26","title": "","description": "","inputs": ["input_nom_prénom_26","input_nombre_part_26"],"visibility": false},
	  {"id": "bloc_ass_27","title": "","description": "","inputs": ["input_nom_prénom_27","input_nombre_part_27"],"visibility": false},
	  {"id": "bloc_ass_28","title": "","description": "","inputs": ["input_nom_prénom_28","input_nombre_part_28"],"visibility": false},
	  {"id": "bloc_ass_29","title": "","description": "","inputs": ["input_nom_prénom_29","input_nombre_part_29"],"visibility": false},
	  {"id": "bloc_ass_30","title": "","description": "","inputs": ["input_nom_prénom_30","input_nombre_part_30"],"visibility": false},
	  {"id": "bloc_ass_31","title": "","description": "","inputs": ["input_nom_prénom_31","input_nombre_part_31"],"visibility": false},
	  {"id": "bloc_ass_32","title": "","description": "","inputs": ["input_nom_prénom_32","input_nombre_part_32"],"visibility": false},
	  {"id": "bloc_ass_33","title": "","description": "","inputs": ["input_nom_prénom_33","input_nombre_part_33"],"visibility": false},
	  {"id": "bloc_ass_34","title": "","description": "","inputs": ["input_nom_prénom_34","input_nombre_part_34"],"visibility": false},
	  {"id": "bloc_ass_35","title": "","description": "","inputs": ["input_nom_prénom_35","input_nombre_part_35"],"visibility": false},
	  {"id": "bloc_ass_36","title": "","description": "","inputs": ["input_nom_prénom_36","input_nombre_part_36"],"visibility": false},
	  {"id": "bloc_ass_37","title": "","description": "","inputs": ["input_nom_prénom_37","input_nombre_part_37"],"visibility": false},
	  {"id": "bloc_ass_38","title": "","description": "","inputs": ["input_nom_prénom_38","input_nombre_part_38"],"visibility": false},
	  {"id": "bloc_ass_39","title": "","description": "","inputs": ["input_nom_prénom_39","input_nombre_part_39"],"visibility": false},
	  {"id": "bloc_ass_40","title": "","description": "","inputs": ["input_nom_prénom_40","input_nombre_part_40"],"visibility": false},
	  {"id": "bloc_ass_41","title": "","description": "","inputs": ["input_nom_prénom_41","input_nombre_part_41"],"visibility": false},
	  {"id": "bloc_ass_42","title": "","description": "","inputs": ["input_nom_prénom_42","input_nombre_part_42"],"visibility": false},
	  {"id": "bloc_ass_43","title": "","description": "","inputs": ["input_nom_prénom_43","input_nombre_part_43"],"visibility": false},
	  {"id": "bloc_ass_44","title": "","description": "","inputs": ["input_nom_prénom_44","input_nombre_part_44"],"visibility": false},
	  {"id": "bloc_ass_45","title": "","description": "","inputs": ["input_nom_prénom_45","input_nombre_part_45"],"visibility": false},
	  {"id": "bloc_ass_46","title": "","description": "","inputs": ["input_nom_prénom_46","input_nombre_part_46"],"visibility": false},
	  {"id": "bloc_ass_47","title": "","description": "","inputs": ["input_nom_prénom_47","input_nombre_part_47"],"visibility": false},
	  {"id": "bloc_ass_48","title": "","description": "","inputs": ["input_nom_prénom_48","input_nombre_part_48"],"visibility": false},
	  {"id": "bloc_ass_49","title": "","description": "","inputs": ["input_nom_prénom_49","input_nombre_part_49"],"visibility": false},
	  {"id": "bloc_ass_50","title": "","description": "","inputs": ["input_nom_prénom_50","input_nombre_part_50"],"visibility": false}
	  
	  
	

	 ],
	 
	 
	 
	   "inputs": [
	   
	   
	   
	  {"id": "input_qestion_13_revocation_nom_gerant","type": "text","description": "",
	  "name": "input_qestion_13_revocation_nom_gerant","label": "Quel est le Nom et Prénom de l’ancien gérant ?","placeHolder": "","help": "","options": [],"value": "",
	  "bookmarkIdPerValue": {"text": ["bookmark_qus_13_nom_revec","bookmark_qus_13_nom_demission","bookmark_qus_13_nom_deces"]},"visibility": false},
	
	   	  {"id": "input_qestion_13",
      "type": "select",
      "description": "",
      "name": "input_qestion_13",
      "label": "Quelle est la raison de nomination du gérant ?",
      "placeHolder": "",
      "help": "",
      "options": ["Constitution de la société","Reeevocation du preeeceeedent geeerant","Deeemission du preeeceeedent geeerant","Deeeceeees du preeeceeedent geeerant"],
      "value": "",
      "bookmarkIdPerValue": {
        "Constitution de la société": ["bookmark_qus_13_1"],
		"Reeevocation du preeeceeedent geeerant": ["bookmark_qus_13_2"],
		"Deeemission du preeeceeedent geeerant":["bookmark_qus_13_3","bookmark_qus_13_3_1"],
		"Deeeceeees du preeeceeedent geeerant":["bookmark_qus_13_4"]
		
        },
      "visibility": true
    },
	
	
	
	
	
	{
      "id": "input_question_14",
      "type": "text",
      "description": "",
      "name": "input_question_14",
      "label": "Nom et Prénom du nouveau gérant",
      "placeHolder": "",
      "help": "",
      "options": [],
      "value": "",
      "bookmarkIdPerValue": {
        "text": ["bookmark_qus_14","bookmark_qus_14_1","bookmark_qus_14_2"]
        },
      "visibility": true
    },
	
		 {
      "id": "input_question_15",
      "type": "select",
      "description": "",
      "name": "input_question_15",
      "label": "Est-ce que le nouveau gérant est Tunisien ?",
      "placeHolder": "",
      "help": "",
      "options": ["Oui","Non"],
      "value": "",
      "bookmarkIdPerValue": {
		"Oui": ["bookmark_qus_15_oui"],
		"Non": ["bookmark_qus_15_non"]
		
        },
      "visibility": true
    },
	
	
	{
      "id": "input_question_15_cin",
      "type": "number",
      "description": "",
      "name": "input_question_15_cin",
      "label": "Numéro de carte d'identité nationale",
      "placeHolder": "",
      "help": "",
      "options": [],
      "value": "",
      "bookmarkIdPerValue": {
        "text": ["bookmark_qus_15_cin"]
        },
      "visibility": false
    },
	{
      "id": "input_question_15_passeport",
      "type": "text",
      "description": "",
      "name": "input_question_15_passeport",
      "label": "Numéro de passeport",
      "placeHolder": "",
      "help": "",
      "options": [],
      "value": "",
      "bookmarkIdPerValue": {
        "text": ["bookmark_qus_15_pass"]
        },
      "visibility": false
    },
	{
      "id": "input_question_15_nat_pass",
      "type": "country",
      "description": "",
      "name": "input_question_15_nat_pass",
      "label": "Nationalité du passeport",
      "placeHolder": "",
      "help": "",
      "options": [],
      "value": "",
      "bookmarkIdPerValue": {
        "text": ["bookmark_qus_15_nat_pass"]
        },
      "visibility": false
    },
{
      "id": "input_question_16",
      "type": "text",
      "description": "",
      "name": "input_question_16",
      "label": "Durée du mandat en années",
      "placeHolder": "",
      "help": "",
      "options": [],
      "value": "",
      "bookmarkIdPerValue": {
        "text": ["bookmark_qus_16","bookmark_qus_16_1"]
        },
      "visibility": true
    },
	{
      "id": "input_question_17",
      "type": "select",
      "description": "",
      "name": "input_question_17",
      "label": "Est-ce que le gérant est rémunéré ?",
      "placeHolder": "",
      "help": "",
      "options": ["Oui","Non"],
      "value": "",
      "bookmarkIdPerValue": {
		"Oui": ["bookmark_qus_17"],
		"Non": ["bookmark_qus_17"]
		
        },
      "visibility": true
    },
	
	{
      "id": "input_question_17_remuneration",
      "type": "number",
      "description": "",
      "name": "input_question_17_remuneration",
      "label": "Quelle sera sa rémunération mensuelle brute en dinars ?",
      "placeHolder": "",
      "help": "",
      "options": [],
      "value": "",
      "bookmarkIdPerValue": {
        "text": ["bookmark_qus_17_rem"]
        },
      "visibility": false
    },
	
	
	
	
	
	

	

	   
	   
	 
	   {"id": "input_question_11","type": "select_input_generator","description": "","name": "input_question_11",
  "label": "Autre(s) personne(s) présente(s)","placeHolder": "",
  "help": "","options": ["1","2", "3", "4", "5"],"value": "",
  "bookmarkIdPerValue": {"1":["autre_per_1"], "2": ["autre_per_2"],"3": ["autre_per_3"],"4": ["autre_per_4"],"5": ["autre_per_5"]},"visibility": true},
	  
	  {"id": "input_nom_prénom_12_1","type": "text","description": "","name": "input_nom_prénom_12_1","label": "Nom et prénom du personne présent :","placeHolder": "","help": "","options": [],"value": "","bookmarkIdPerValue": {"text": ["n_p_aa_1"]},"visibility": true},
  {"id": "input_nom_prénom_12_2","type": "text","description": "","name": "input_nom_prénom_12_2","label": "Nom et prénom du personne présent :","placeHolder": "","help": "","options": [],"value": "","bookmarkIdPerValue": {"text": ["n_p_aa_2"]},"visibility": true},
  {"id": "input_nom_prénom_12_3","type": "text","description": "","name": "input_nom_prénom_12_3","label": "Nom et prénom du personne présent :","placeHolder": "","help": "","options": [],"value": "","bookmarkIdPerValue": {"text": ["n_p_aa_3"]},"visibility": true},
  {"id": "input_nom_prénom_12_4","type": "text","description": "","name": "input_nom_prénom_12_4","label": "Nom et prénom du personne présent :","placeHolder": "","help": "","options": [],"value": "","bookmarkIdPerValue": {"text": ["n_p_aa_4"]},"visibility": true},
  {"id": "input_nom_prénom_12_5","type": "text","description": "","name": "input_nom_prénom_12_5","label": "Nom et prénom du personne présent :","placeHolder": "","help": "","options": [],"value": "","bookmarkIdPerValue": {"text": ["n_p_aa_5"]},"visibility": true},
  
  {"id": "input_qestion_12_1","type": "text","description": "","name": "input_qestion_12_1","label": "Qualité:","placeHolder": "","help": "","options": [],"value": "","bookmarkIdPerValue": {"text": ["ques_aa_1"]},"visibility": true},
  {"id": "input_qestion_12_2","type": "text","description": "","name": "input_qestion_12_2","label": "Qualité:","placeHolder": "","help": "","options": [],"value": "","bookmarkIdPerValue": {"text": ["ques_aa_2"]},"visibility": true},
  {"id": "input_qestion_12_3","type": "text","description": "","name": "input_qestion_12_3","label": "Qualité:","placeHolder": "","help": "","options": [],"value": "","bookmarkIdPerValue": {"text": ["ques_aa_3"]},"visibility": true},
  {"id": "input_qestion_12_4","type": "text","description": "","name": "input_qestion_12_4","label": "Qualité:","placeHolder": "","help": "","options": [],"value": "","bookmarkIdPerValue": {"text": ["ques_aa_4"]},"visibility": true},
  {"id": "input_qestion_12_5","type": "text","description": "","name": "input_qestion_12_5","label": "Qualité:","placeHolder": "","help": "","options": [],"value": "","bookmarkIdPerValue": {"text": ["ques_aa_5"]},"visibility": true},
  
  
	    {"id": "input_qestion_12","type": "checkbox","description": "","name": "input_qestion_12","label": "Est-ce que les associés présent ou représentés représentent plus de 50% du capital social de la société ?","placeHolder": "","help": "","options": [],"value": "","bookmarkIdPerValue": {"text": ["bookmark_qestion_12"]},"visibility": true},

	  
	  
	  
	  
	  
	  
	  
	  
	  
	  

    {"id": "input_denomination_sociale","type": "text","description": "","name": "input_denomination_sociale","label": "Dénomination Sociale","placeHolder": "","help": "","options": [],"value": "","bookmarkIdPerValue": { "text": ["denomination_sociale","denomination_sociale_1"]},"visibility": true},
	{"id": "input_capital_sociale_en_dinars", "type": "text", "description": "", "name": "input_capital_sociale_en_dinars", "label": "Capital social en Dinars", "placeHolder": "","help": "","options": [],"value": "","bookmarkIdPerValue": {  "text": ["capital_sociale_en_dinars","capital_sociale_en_dinars_1"]},"visibility": true},
	{"id": "input_siege_social","type": "text","description": "","name": "input_siege_social","label": "Siège Social","placeHolder": "","help": "","options": [],"value": "","bookmarkIdPerValue": { "text": ["siege_social"] }, "visibility": true},
	{"id": "input_identifiant_unique","type": "text","description": "","name": "input_identifiant_unique","label": "Identifiant Unique","placeHolder": "","help": "","options": [],"value": "","bookmarkIdPerValue": {"text": ["identifiant_unique"]}, "visibility": true},
	{"id": "input_date_reunion_de_lassemble","type": "Date", "description": "","name": "input_date_reunion_de_lassemble", "label": "Date de réunion de l'assemblée", "placeHolder": "", "help": "","options": [],"value": "","bookmarkIdPerValue": { "text": ["date_reunion_lassemble","date_reunion_lassemble_1"]}, "visibility": true},
	{"id": "input_heure_debut_reuiion_lassemble","type": "time","description": "","name": "input_heure_debut_reuiion_lassemble","label": "Heure de début de la réunion de l'assemblée","placeHolder": "","help": "", "options": [], "value": "","bookmarkIdPerValue": {  "text": ["heure_debut_reuiion"]},"visibility": true},
	{"id": "input_heure_fin_reuiion_lassemble","type": "time","description": "","name": "input_heure_fin_reuiion_lassemble","label": "Heure de fin de la réunion de l'assemblée","placeHolder": "","help": "","options": [],"value": "","bookmarkIdPerValue": {"text": ["heure_fin_reuiion"] }, "visibility": true},
    {"id": "input_question_8_oui","type": "checkbox","description": "","name": "","label": "Oui","placeHolder": "","help": "","options": [],"value": "","bookmarkIdPerValue": {"false": ["bookmark_question_8_oui"],"true":[]},"visibility": true},
	{"id": "input_question_8_non","type": "checkbox","description": "","name": "","label": "Non","placeHolder": "","help": "","options": [],"value": "","bookmarkIdPerValue": {"false": ["bookmark_question_8_non"],"true":[]},"visibility": true},
	{"id": "input_question_8_nom_prenom","type": "text","description": "","name": "input_question_8_nom_prenom","label": "Nom et Prénom de la personne qui préside l'assemblée","placeHolder": "","help": "","options": [],"value": "","bookmarkIdPerValue": {"text": ["bookmark_question_8","bookmark_question_8_1"]}, "visibility": false},


	{"id": "input_ass","type": "select_input_generator","description": "","name": "input_ass",
	"label": "Nombre d'associés présents","placeHolder": "",
	"help": "","options": ["1","2","3", "4", "5","6","7","8","9","10","11","12","13","14","15","16","17","18","19","20","21","22","23","24","25","26","27",
			"28","29","30","31","32","33","34","35","36","37","38","39","40","41","42","43","44","45","46","47","48","49","50"],"value": "",
	"bookmarkIdPerValue": {"1": ["Autre_ass_2"],"2": ["Autre_ass_2"],"3": ["Autre_ass_2"],"4": ["Autre_ass_2"],"5": ["Autre_ass_2"],
                         "6": ["Autre_ass_2"],"7": ["Autre_ass_2"],"8": ["Autre_ass_2"],"9": ["Autre_ass_2"],"10": ["Autre_ass_2"],
						 "11": ["Autre_ass_2"],"12": ["Autre_ass_2"],"13": ["Autre_ass_2"],"14": ["Autre_ass_2"],"15": ["Autre_ass_2"],
						 "16": ["Autre_ass_2"],"17": ["Autre_ass_2"],"18": ["Autre_ass_2"],"19": ["Autre_ass_2"],"20": ["Autre_ass_2"],
						 "21": ["Autre_ass_2"],"22": ["Autre_ass_2"],"23": ["Autre_ass_2"],"24": ["Autre_ass_2"],"25": ["Autre_ass_2"],
						 "26": ["Autre_ass_2"],"27": ["Autre_ass_2"],"28": ["Autre_ass_2"],"29": ["Autre_ass_2"],"30": ["Autre_ass_2"],
						 "31": ["Autre_ass_2"],"32": ["Autre_ass_2"],"33": ["Autre_ass_2"],"34": ["Autre_ass_2"],"35": ["Autre_ass_2"],
						 "36": ["Autre_ass_2"],"37": ["Autre_ass_2"],"38": ["Autre_ass_2"],"39": ["Autre_ass_2"],"40": ["Autre_ass_2"],
						 "41": ["Autre_ass_2"],"42": ["Autre_ass_2"],"43": ["Autre_ass_2"],"44": ["Autre_ass_2"],"45": ["Autre_ass_2"],
						 "46": ["Autre_ass_2"],"47": ["Autre_ass_2"],"48": ["Autre_ass_2"],"49": ["Autre_ass_2"],"50": ["Autre_ass_2"]},"visibility": true},
						 
						 
						 
	
	
  {"id": "input_nom_prénom_1","type": "text","description": "","name": "input_nom_prénom_1","label": "Nom et prénom de l'associé :","placeHolder": "","help": "","options": [],"value": "","bookmarkIdPerValue": {"text": ["nom_prenom_aa_1","nom_prenom_aa_1_1"]},"visibility": true},
  {"id": "input_nom_prénom_2","type": "text","description": "","name": "input_nom_prénom_2","label": "Nom et prénom de l'associé :","placeHolder": "","help": "","options": [],"value": "","bookmarkIdPerValue": {"text": ["nom_prenom_aa_2","nom_prenom_aa_2_2"]},"visibility": true},
  {"id": "input_nom_prénom_3","type": "text","description": "","name": "input_nom_prénom_3","label": "Nom et prénom de l'associé :","placeHolder": "","help": "","options": [],"value": "","bookmarkIdPerValue": {"text": ["nom_prenom_aa_3","nom_prenom_aa_3_3"]},"visibility": true},
  {"id": "input_nom_prénom_4","type": "text","description": "","name": "input_nom_prénom_4","label": "Nom et prénom de l'associé :","placeHolder": "","help": "","options": [],"value": "","bookmarkIdPerValue": {"text": ["nom_prenom_aa_4","nom_prenom_aa_4_4"]},"visibility": true},
  {"id": "input_nom_prénom_5","type": "text","description": "","name": "input_nom_prénom_5","label": "Nom et prénom de l'associé :","placeHolder": "","help": "","options": [],"value": "","bookmarkIdPerValue": {"text": ["nom_prenom_aa_5","nom_prenom_aa_5_5"]},"visibility": true},
  {"id": "input_nom_prénom_6","type": "text","description": "","name": "input_nom_prénom_6","label": "Nom et prénom de l'associé :","placeHolder": "","help": "","options": [],"value": "","bookmarkIdPerValue": {"text": ["nom_prenom_aa_6","nom_prenom_aa_6_6"]},"visibility": true},
  {"id": "input_nom_prénom_7","type": "text","description": "","name": "input_nom_prénom_7","label": "Nom et prénom de l'associé :","placeHolder": "","help": "","options": [],"value": "","bookmarkIdPerValue": {"text": ["nom_prenom_aa_7","nom_prenom_aa_7_7"]},"visibility": true},
  {"id": "input_nom_prénom_8","type": "text","description": "","name": "input_nom_prénom_8","label": "Nom et prénom de l'associé :","placeHolder": "","help": "","options": [],"value": "","bookmarkIdPerValue": {"text": ["nom_prenom_aa_8","nom_prenom_aa_8_8"]},"visibility": true},
  {"id": "input_nom_prénom_9","type": "text","description": "","name": "input_nom_prénom_9","label": "Nom et prénom de l'associé :","placeHolder": "","help": "","options": [],"value": "","bookmarkIdPerValue": {"text": ["nom_prenom_aa_9","nom_prenom_aa_9_9"]},"visibility": true},
  {"id": "input_nom_prénom_10","type": "text","description": "","name": "input_nom_prénom_10","label": "Nom et prénom de l'associé :","placeHolder": "","help": "","options": [],"value": "","bookmarkIdPerValue": {"text": ["nom_prenom_aa_10","nom_prenom_aa_10_10"]},"visibility": true},
  {"id": "input_nom_prénom_11","type": "text","description": "","name": "input_nom_prénom_11","label": "Nom et prénom de l'associé :","placeHolder": "","help": "","options": [],"value": "","bookmarkIdPerValue": {"text": ["nom_prenom_aa_11","nom_prenom_aa_11_11"]},"visibility": true},
  {"id": "input_nom_prénom_12","type": "text","description": "","name": "input_nom_prénom_12","label": "Nom et prénom de l'associé :","placeHolder": "","help": "","options": [],"value": "","bookmarkIdPerValue": {"text": ["nom_prenom_aa_12","nom_prenom_aa_12_12"]},"visibility": true},
  {"id": "input_nom_prénom_13","type": "text","description": "","name": "input_nom_prénom_13","label": "Nom et prénom de l'associé :","placeHolder": "","help": "","options": [],"value": "","bookmarkIdPerValue": {"text": ["nom_prenom_aa_13","nom_prenom_aa_13_13"]},"visibility": true},
  {"id": "input_nom_prénom_14","type": "text","description": "","name": "input_nom_prénom_14","label": "Nom et prénom de l'associé :","placeHolder": "","help": "","options": [],"value": "","bookmarkIdPerValue": {"text": ["nom_prenom_aa_14","nom_prenom_aa_14_14"]},"visibility": true},
  {"id": "input_nom_prénom_15","type": "text","description": "","name": "input_nom_prénom_15","label": "Nom et prénom de l'associé :","placeHolder": "","help": "","options": [],"value": "","bookmarkIdPerValue": {"text": ["nom_prenom_aa_15","nom_prenom_aa_15_15"]},"visibility": true},
  {"id": "input_nom_prénom_16","type": "text","description": "","name": "input_nom_prénom_16","label": "Nom et prénom de l'associé :","placeHolder": "","help": "","options": [],"value": "","bookmarkIdPerValue": {"text": ["nom_prenom_aa_16","nom_prenom_aa_16_16"]},"visibility": true},
  {"id": "input_nom_prénom_17","type": "text","description": "","name": "input_nom_prénom_17","label": "Nom et prénom de l'associé :","placeHolder": "","help": "","options": [],"value": "","bookmarkIdPerValue": {"text": ["nom_prenom_aa_17","nom_prenom_aa_17_17"]},"visibility": true},
  {"id": "input_nom_prénom_18","type": "text","description": "","name": "input_nom_prénom_18","label": "Nom et prénom de l'associé :","placeHolder": "","help": "","options": [],"value": "","bookmarkIdPerValue": {"text": ["nom_prenom_aa_18","nom_prenom_aa_18_18"]},"visibility": true},
  {"id": "input_nom_prénom_19","type": "text","description": "","name": "input_nom_prénom_19","label": "Nom et prénom de l'associé :","placeHolder": "","help": "","options": [],"value": "","bookmarkIdPerValue": {"text": ["nom_prenom_aa_19","nom_prenom_aa_19_19"]},"visibility": true},
  {"id": "input_nom_prénom_20","type": "text","description": "","name": "input_nom_prénom_20","label": "Nom et prénom de l'associé :","placeHolder": "","help": "","options": [],"value": "","bookmarkIdPerValue": {"text": ["nom_prenom_aa_20","nom_prenom_aa_20_20"]},"visibility": true},
  {"id": "input_nom_prénom_21","type": "text","description": "","name": "input_nom_prénom_21","label": "Nom et prénom de l'associé :","placeHolder": "","help": "","options": [],"value": "","bookmarkIdPerValue": {"text": ["nom_prenom_aa_21","nom_prenom_aa_21_21"]},"visibility": true},
  {"id": "input_nom_prénom_22","type": "text","description": "","name": "input_nom_prénom_22","label": "Nom et prénom de l'associé :","placeHolder": "","help": "","options": [],"value": "","bookmarkIdPerValue": {"text": ["nom_prenom_aa_22","nom_prenom_aa_22_22"]},"visibility": true},
  {"id": "input_nom_prénom_23","type": "text","description": "","name": "input_nom_prénom_23","label": "Nom et prénom de l'associé :","placeHolder": "","help": "","options": [],"value": "","bookmarkIdPerValue": {"text": ["nom_prenom_aa_23","nom_prenom_aa_23_23"]},"visibility": true},
  {"id": "input_nom_prénom_24","type": "text","description": "","name": "input_nom_prénom_24","label": "Nom et prénom de l'associé :","placeHolder": "","help": "","options": [],"value": "","bookmarkIdPerValue": {"text": ["nom_prenom_aa_24","nom_prenom_aa_24_24"]},"visibility": true},
  {"id": "input_nom_prénom_25","type": "text","description": "","name": "input_nom_prénom_25","label": "Nom et prénom de l'associé :","placeHolder": "","help": "","options": [],"value": "","bookmarkIdPerValue": {"text": ["nom_prenom_aa_25","nom_prenom_aa_25_25"]},"visibility": true},
  {"id": "input_nom_prénom_26","type": "text","description": "","name": "input_nom_prénom_26","label": "Nom et prénom de l'associé :","placeHolder": "","help": "","options": [],"value": "","bookmarkIdPerValue": {"text": ["nom_prenom_aa_26","nom_prenom_aa_26_26"]},"visibility": true},
  {"id": "input_nom_prénom_27","type": "text","description": "","name": "input_nom_prénom_27","label": "Nom et prénom de l'associé :","placeHolder": "","help": "","options": [],"value": "","bookmarkIdPerValue": {"text": ["nom_prenom_aa_27","nom_prenom_aa_27_27"]},"visibility": true},
  {"id": "input_nom_prénom_28","type": "text","description": "","name": "input_nom_prénom_28","label": "Nom et prénom de l'associé :","placeHolder": "","help": "","options": [],"value": "","bookmarkIdPerValue": {"text": ["nom_prenom_aa_28","nom_prenom_aa_28_28"]},"visibility": true},
  {"id": "input_nom_prénom_29","type": "text","description": "","name": "input_nom_prénom_29","label": "Nom et prénom de l'associé :","placeHolder": "","help": "","options": [],"value": "","bookmarkIdPerValue": {"text": ["nom_prenom_aa_29","nom_prenom_aa_29_29"]},"visibility": true},
  {"id": "input_nom_prénom_30","type": "text","description": "","name": "input_nom_prénom_30","label": "Nom et prénom de l'associé :","placeHolder": "","help": "","options": [],"value": "","bookmarkIdPerValue": {"text": ["nom_prenom_aa_30","nom_prenom_aa_30_30"]},"visibility": true},
  {"id": "input_nom_prénom_31","type": "text","description": "","name": "input_nom_prénom_31","label": "Nom et prénom de l'associé :","placeHolder": "","help": "","options": [],"value": "","bookmarkIdPerValue": {"text": ["nom_prenom_aa_31","nom_prenom_aa_31_31"]},"visibility": true},
  {"id": "input_nom_prénom_32","type": "text","description": "","name": "input_nom_prénom_32","label": "Nom et prénom de l'associé :","placeHolder": "","help": "","options": [],"value": "","bookmarkIdPerValue": {"text": ["nom_prenom_aa_32","nom_prenom_aa_32_32"]},"visibility": true},
  {"id": "input_nom_prénom_33","type": "text","description": "","name": "input_nom_prénom_33","label": "Nom et prénom de l'associé :","placeHolder": "","help": "","options": [],"value": "","bookmarkIdPerValue": {"text": ["nom_prenom_aa_33","nom_prenom_aa_33_33"]},"visibility": true},
  {"id": "input_nom_prénom_34","type": "text","description": "","name": "input_nom_prénom_34","label": "Nom et prénom de l'associé :","placeHolder": "","help": "","options": [],"value": "","bookmarkIdPerValue": {"text": ["nom_prenom_aa_34","nom_prenom_aa_34_34"]},"visibility": true},
  {"id": "input_nom_prénom_35","type": "text","description": "","name": "input_nom_prénom_35","label": "Nom et prénom de l'associé :","placeHolder": "","help": "","options": [],"value": "","bookmarkIdPerValue": {"text": ["nom_prenom_aa_35","nom_prenom_aa_35_35"]},"visibility": true},
  {"id": "input_nom_prénom_36","type": "text","description": "","name": "input_nom_prénom_36","label": "Nom et prénom de l'associé :","placeHolder": "","help": "","options": [],"value": "","bookmarkIdPerValue": {"text": ["nom_prenom_aa_36","nom_prenom_aa_36_36"]},"visibility": true},
  {"id": "input_nom_prénom_37","type": "text","description": "","name": "input_nom_prénom_37","label": "Nom et prénom de l'associé :","placeHolder": "","help": "","options": [],"value": "","bookmarkIdPerValue": {"text": ["nom_prenom_aa_37","nom_prenom_aa_37_37"]},"visibility": true},
  {"id": "input_nom_prénom_38","type": "text","description": "","name": "input_nom_prénom_38","label": "Nom et prénom de l'associé :","placeHolder": "","help": "","options": [],"value": "","bookmarkIdPerValue": {"text": ["nom_prenom_aa_38","nom_prenom_aa_38_38"]},"visibility": true},
  {"id": "input_nom_prénom_39","type": "text","description": "","name": "input_nom_prénom_39","label": "Nom et prénom de l'associé :","placeHolder": "","help": "","options": [],"value": "","bookmarkIdPerValue": {"text": ["nom_prenom_aa_39","nom_prenom_aa_39_39"]},"visibility": true},
  {"id": "input_nom_prénom_40","type": "text","description": "","name": "input_nom_prénom_40","label": "Nom et prénom de l'associé :","placeHolder": "","help": "","options": [],"value": "","bookmarkIdPerValue": {"text": ["nom_prenom_aa_40","nom_prenom_aa_40_40"]},"visibility": true},
  {"id": "input_nom_prénom_41","type": "text","description": "","name": "input_nom_prénom_41","label": "Nom et prénom de l'associé :","placeHolder": "","help": "","options": [],"value": "","bookmarkIdPerValue": {"text": ["nom_prenom_aa_41","nom_prenom_aa_41_41"]},"visibility": true},
  {"id": "input_nom_prénom_42","type": "text","description": "","name": "input_nom_prénom_42","label": "Nom et prénom de l'associé :","placeHolder": "","help": "","options": [],"value": "","bookmarkIdPerValue": {"text": ["nom_prenom_aa_42","nom_prenom_aa_42_42"]},"visibility": true},
  {"id": "input_nom_prénom_43","type": "text","description": "","name": "input_nom_prénom_43","label": "Nom et prénom de l'associé :","placeHolder": "","help": "","options": [],"value": "","bookmarkIdPerValue": {"text": ["nom_prenom_aa_43","nom_prenom_aa_43_43"]},"visibility": true},
  {"id": "input_nom_prénom_44","type": "text","description": "","name": "input_nom_prénom_44","label": "Nom et prénom de l'associé :","placeHolder": "","help": "","options": [],"value": "","bookmarkIdPerValue": {"text": ["nom_prenom_aa_44","nom_prenom_aa_44_44"]},"visibility": true},
  {"id": "input_nom_prénom_45","type": "text","description": "","name": "input_nom_prénom_45","label": "Nom et prénom de l'associé :","placeHolder": "","help": "","options": [],"value": "","bookmarkIdPerValue": {"text": ["nom_prenom_aa_45","nom_prenom_aa_45_45"]},"visibility": true},
  {"id": "input_nom_prénom_46","type": "text","description": "","name": "input_nom_prénom_46","label": "Nom et prénom de l'associé :","placeHolder": "","help": "","options": [],"value": "","bookmarkIdPerValue": {"text": ["nom_prenom_aa_46","nom_prenom_aa_46_46"]},"visibility": true},
  {"id": "input_nom_prénom_47","type": "text","description": "","name": "input_nom_prénom_47","label": "Nom et prénom de l'associé :","placeHolder": "","help": "","options": [],"value": "","bookmarkIdPerValue": {"text": ["nom_prenom_aa_47","nom_prenom_aa_47_47"]},"visibility": true},
  {"id": "input_nom_prénom_48","type": "text","description": "","name": "input_nom_prénom_48","label": "Nom et prénom de l'associé :","placeHolder": "","help": "","options": [],"value": "","bookmarkIdPerValue": {"text": ["nom_prenom_aa_48","nom_prenom_aa_48_48"]},"visibility": true},
  {"id": "input_nom_prénom_49","type": "text","description": "","name": "input_nom_prénom_49","label": "Nom et prénom de l'associé :","placeHolder": "","help": "","options": [],"value": "","bookmarkIdPerValue": {"text": ["nom_prenom_aa_49","nom_prenom_aa_49_49"]},"visibility": true},
  {"id": "input_nom_prénom_50","type": "text","description": "","name": "input_nom_prénom_50","label": "Nom et prénom de l'associé :","placeHolder": "","help": "","options": [],"value": "","bookmarkIdPerValue": {"text": ["nom_prenom_aa_50","nom_prenom_aa_50_50"]},"visibility": true},
  
  
  
  
  
  
  
  
  
  
  
  
  
  {"id": "input_nombre_part_1","type": "text","description": "","name": "input_nombre_part_1","label": "Nombre de parts sociales :","placeHolder": "","help": "","options": [],"value": "","bookmarkIdPerValue": {"text": ["nombre_part_1","nombre_part_1_1"]},"visibility": true},
  {"id": "input_nombre_part_2","type": "text","description": "","name": "input_nombre_part_2","label": "Nombre de parts sociales :","placeHolder": "","help": "","options": [],"value": "","bookmarkIdPerValue": {"text": ["nombre_part_2","nombre_part_2_2"]},"visibility": true},
  {"id": "input_nombre_part_3","type": "text","description": "","name": "input_nombre_part_3","label": "Nombre de parts sociales :","placeHolder": "","help": "","options": [],"value": "","bookmarkIdPerValue": {"text": ["nombre_part_3","nombre_part_3_3"]},"visibility": true},
  {"id": "input_nombre_part_4","type": "text","description": "","name": "input_nombre_part_4","label": "Nombre de parts sociales :","placeHolder": "","help": "","options": [],"value": "","bookmarkIdPerValue": {"text": ["nombre_part_4","nombre_part_4_4"]},"visibility": true},
  {"id": "input_nombre_part_5","type": "text","description": "","name": "input_nombre_part_5","label": "Nombre de parts sociales :","placeHolder": "","help": "","options": [],"value": "","bookmarkIdPerValue": {"text": ["nombre_part_5","nombre_part_5_5"]},"visibility": true},
  {"id": "input_nombre_part_6","type": "text","description": "","name": "input_nombre_part_6","label": "Nombre de parts sociales :","placeHolder": "","help": "","options": [],"value": "","bookmarkIdPerValue": {"text": ["nombre_part_6","nombre_part_6_6"]},"visibility": true},
  {"id": "input_nombre_part_7","type": "text","description": "","name": "input_nombre_part_7","label": "Nombre de parts sociales :","placeHolder": "","help": "","options": [],"value": "","bookmarkIdPerValue": {"text": ["nombre_part_7","nombre_part_7_7"]},"visibility": true},
  {"id": "input_nombre_part_8","type": "text","description": "","name": "input_nombre_part_8","label": "Nombre de parts sociales :","placeHolder": "","help": "","options": [],"value": "","bookmarkIdPerValue": {"text": ["nombre_part_8","nombre_part_8_8"]},"visibility": true},
  {"id": "input_nombre_part_9","type": "text","description": "","name": "input_nombre_part_9","label": "Nombre de parts sociales :","placeHolder": "","help": "","options": [],"value": "","bookmarkIdPerValue": {"text": ["nombre_part_9","nombre_part_9_9"]},"visibility": true},
  {"id": "input_nombre_part_10","type": "text","description": "","name": "input_nombre_part_10","label": "Nombre de parts sociales :","placeHolder": "","help": "","options": [],"value": "","bookmarkIdPerValue": {"text": ["nombre_part_10","nombre_part_10_10"]},"visibility": true},
  {"id": "input_nombre_part_11","type": "text","description": "","name": "input_nombre_part_11","label": "Nombre de parts sociales :","placeHolder": "","help": "","options": [],"value": "","bookmarkIdPerValue": {"text": ["nombre_part_11","nombre_part_11_11"]},"visibility": true},
  {"id": "input_nombre_part_12","type": "text","description": "","name": "input_nombre_part_12","label": "Nombre de parts sociales :","placeHolder": "","help": "","options": [],"value": "","bookmarkIdPerValue": {"text": ["nombre_part_12","nombre_part_12_12"]},"visibility": true},
  {"id": "input_nombre_part_13","type": "text","description": "","name": "input_nombre_part_13","label": "Nombre de parts sociales :","placeHolder": "","help": "","options": [],"value": "","bookmarkIdPerValue": {"text": ["nombre_part_13","nombre_part_13_13"]},"visibility": true},
  {"id": "input_nombre_part_14","type": "text","description": "","name": "input_nombre_part_14","label": "Nombre de parts sociales :","placeHolder": "","help": "","options": [],"value": "","bookmarkIdPerValue": {"text": ["nombre_part_14","nombre_part_14_14"]},"visibility": true},
  {"id": "input_nombre_part_15","type": "text","description": "","name": "input_nombre_part_15","label": "Nombre de parts sociales :","placeHolder": "","help": "","options": [],"value": "","bookmarkIdPerValue": {"text": ["nombre_part_15","nombre_part_15_15"]},"visibility": true},
  {"id": "input_nombre_part_16","type": "text","description": "","name": "input_nombre_part_16","label": "Nombre de parts sociales :","placeHolder": "","help": "","options": [],"value": "","bookmarkIdPerValue": {"text": ["nombre_part_16","nombre_part_16_16"]},"visibility": true},
  {"id": "input_nombre_part_17","type": "text","description": "","name": "input_nombre_part_17","label": "Nombre de parts sociales :","placeHolder": "","help": "","options": [],"value": "","bookmarkIdPerValue": {"text": ["nombre_part_17","nombre_part_17_17"]},"visibility": true},
  {"id": "input_nombre_part_18","type": "text","description": "","name": "input_nombre_part_18","label": "Nombre de parts sociales :","placeHolder": "","help": "","options": [],"value": "","bookmarkIdPerValue": {"text": ["nombre_part_18","nombre_part_18_18"]},"visibility": true},
  {"id": "input_nombre_part_19","type": "text","description": "","name": "input_nombre_part_19","label": "Nombre de parts sociales :","placeHolder": "","help": "","options": [],"value": "","bookmarkIdPerValue": {"text": ["nombre_part_19","nombre_part_19_19"]},"visibility": true},
  {"id": "input_nombre_part_20","type": "text","description": "","name": "input_nombre_part_20","label": "Nombre de parts sociales :","placeHolder": "","help": "","options": [],"value": "","bookmarkIdPerValue": {"text": ["nombre_part_20","nombre_part_20_20"]},"visibility": true},
  {"id": "input_nombre_part_21","type": "text","description": "","name": "input_nombre_part_21","label": "Nombre de parts sociales :","placeHolder": "","help": "","options": [],"value": "","bookmarkIdPerValue": {"text": ["nombre_part_21","nombre_part_21_21"]},"visibility": true},
  {"id": "input_nombre_part_22","type": "text","description": "","name": "input_nombre_part_22","label": "Nombre de parts sociales :","placeHolder": "","help": "","options": [],"value": "","bookmarkIdPerValue": {"text": ["nombre_part_22","nombre_part_22_22"]},"visibility": true},
  {"id": "input_nombre_part_23","type": "text","description": "","name": "input_nombre_part_23","label": "Nombre de parts sociales :","placeHolder": "","help": "","options": [],"value": "","bookmarkIdPerValue": {"text": ["nombre_part_23","nombre_part_23_23"]},"visibility": true},
  {"id": "input_nombre_part_24","type": "text","description": "","name": "input_nombre_part_24","label": "Nombre de parts sociales :","placeHolder": "","help": "","options": [],"value": "","bookmarkIdPerValue": {"text": ["nombre_part_24","nombre_part_24_24"]},"visibility": true},
  {"id": "input_nombre_part_25","type": "text","description": "","name": "input_nombre_part_25","label": "Nombre de parts sociales :","placeHolder": "","help": "","options": [],"value": "","bookmarkIdPerValue": {"text": ["nombre_part_25","nombre_part_25_25"]},"visibility": true},
  {"id": "input_nombre_part_26","type": "text","description": "","name": "input_nombre_part_26","label": "Nombre de parts sociales :","placeHolder": "","help": "","options": [],"value": "","bookmarkIdPerValue": {"text": ["nombre_part_26","nombre_part_26_26"]},"visibility": true},
  {"id": "input_nombre_part_27","type": "text","description": "","name": "input_nombre_part_27","label": "Nombre de parts sociales :","placeHolder": "","help": "","options": [],"value": "","bookmarkIdPerValue": {"text": ["nombre_part_27","nombre_part_27_27"]},"visibility": true},
  {"id": "input_nombre_part_28","type": "text","description": "","name": "input_nombre_part_28","label": "Nombre de parts sociales :","placeHolder": "","help": "","options": [],"value": "","bookmarkIdPerValue": {"text": ["nombre_part_28","nombre_part_28_28"]},"visibility": true},
  {"id": "input_nombre_part_29","type": "text","description": "","name": "input_nombre_part_29" ,"label": "Nombre de parts sociales :","placeHolder": "","help": "","options": [],"value": "","bookmarkIdPerValue": {"text": ["nombre_part_29","nombre_part_29_29"]},"visibility": true},
  {"id": "input_nombre_part_30","type": "text","description": "","name": "input_nombre_part_30","label": "Nombre de parts sociales :","placeHolder": "","help": "","options": [],"value": "","bookmarkIdPerValue": {"text": ["nombre_part_30","nombre_part_30_30"]},"visibility": true},
  {"id": "input_nombre_part_31","type": "text","description": "","name": "input_nombre_part_31","label": "Nombre de parts sociales :","placeHolder": "","help": "","options": [],"value": "","bookmarkIdPerValue": {"text": ["nombre_part_31","nombre_part_31_31"]},"visibility": true},
  {"id": "input_nombre_part_32","type": "text","description": "","name": "input_nombre_part_32","label": "Nombre de parts sociales :","placeHolder": "","help": "","options": [],"value": "","bookmarkIdPerValue": {"text": ["nombre_part_32","nombre_part_32_32"]},"visibility": true},
  {"id": "input_nombre_part_33","type": "text","description": "","name": "input_nombre_part_33","label": "Nombre de parts sociales :","placeHolder": "","help": "","options": [],"value": "","bookmarkIdPerValue": {"text": ["nombre_part_33","nombre_part_33_33"]},"visibility": true},
  {"id": "input_nombre_part_34","type": "text","description": "","name": "input_nombre_part_34","label": "Nombre de parts sociales :","placeHolder": "","help": "","options": [],"value": "","bookmarkIdPerValue": {"text": ["nombre_part_34","nombre_part_34_34"]},"visibility": true},
  {"id": "input_nombre_part_35","type": "text","description": "","name": "input_nombre_part_35","label": "Nombre de parts sociales :","placeHolder": "","help": "","options": [],"value": "","bookmarkIdPerValue": {"text": ["nombre_part_35","nombre_part_35_35"]},"visibility": true},
  {"id": "input_nombre_part_36","type": "text","description": "","name": "input_nombre_part_36","label": "Nombre de parts sociales :","placeHolder": "","help": "","options": [],"value": "","bookmarkIdPerValue": {"text": ["nombre_part_36","nombre_part_36_36"]},"visibility": true},
  {"id": "input_nombre_part_37","type": "text","description": "","name": "input_nombre_part_37","label": "Nombre de parts sociales :","placeHolder": "","help": "","options": [],"value": "","bookmarkIdPerValue": {"text": ["nombre_part_37","nombre_part_37_37"]},"visibility": true},
  {"id": "input_nombre_part_38","type": "text","description": "","name": "input_nombre_part_38","label": "Nombre de parts sociales :","placeHolder": "","help": "","options": [],"value": "","bookmarkIdPerValue": {"text": ["nombre_part_38","nombre_part_38_38"]},"visibility": true},
  {"id": "input_nombre_part_39","type": "text","description": "","name": "input_nombre_part_39","label": "Nombre de parts sociales :","placeHolder": "","help": "","options": [],"value": "","bookmarkIdPerValue": {"text": ["nombre_part_39","nombre_part_39_39"]},"visibility": true},
  {"id": "input_nombre_part_40","type": "text","description": "","name": "input_nombre_part_40","label": "Nombre de parts sociales :","placeHolder": "","help": "","options": [],"value": "","bookmarkIdPerValue": {"text": ["nombre_part_40","nombre_part_40_40"]},"visibility": true},
  {"id": "input_nombre_part_41","type": "text","description": "","name": "input_nombre_part_41","label": "Nombre de parts sociales :","placeHolder": "","help": "","options": [],"value": "","bookmarkIdPerValue": {"text": ["nombre_part_41","nombre_part_41_41"]},"visibility": true},
  {"id": "input_nombre_part_42","type": "text","description": "","name": "input_nombre_part_42","label": "Nombre de parts sociales :","placeHolder": "","help": "","options": [],"value": "","bookmarkIdPerValue": {"text": ["nombre_part_42","nombre_part_42_42"]},"visibility": true},
  {"id": "input_nombre_part_43","type": "text","description": "","name": "input_nombre_part_43","label": "Nombre de parts sociales :","placeHolder": "","help": "","options": [],"value": "","bookmarkIdPerValue": {"text": ["nombre_part_43","nombre_part_43_43"]},"visibility": true},
  {"id": "input_nombre_part_44","type": "text","description": "","name": "input_nombre_part_44","label": "Nombre de parts sociales :","placeHolder": "","help": "","options": [],"value": "","bookmarkIdPerValue": {"text": ["nombre_part_44","nombre_part_44_44"]},"visibility": true},
  {"id": "input_nombre_part_45","type": "text","description": "","name": "input_nombre_part_45","label": "Nombre de parts sociales :","placeHolder": "","help": "","options": [],"value": "","bookmarkIdPerValue": {"text": ["nombre_part_45","nombre_part_45_45"]},"visibility": true},
  {"id": "input_nombre_part_46","type": "text","description": "","name": "input_nombre_part_46","label": "Nombre de parts sociales :","placeHolder": "","help": "","options": [],"value": "","bookmarkIdPerValue": {"text": ["nombre_part_46","nombre_part_46_46"]},"visibility": true},
  {"id": "input_nombre_part_47","type": "text","description": "","name": "input_nombre_part_47","label": "Nombre de parts sociales :","placeHolder": "","help": "","options": [],"value": "","bookmarkIdPerValue": {"text": ["nombre_part_47","nombre_part_47_47"]},"visibility": true},
  {"id": "input_nombre_part_48","type": "text","description": "","name": "input_nombre_part_48","label": "Nombre de parts sociales :","placeHolder": "","help": "","options": [],"value": "","bookmarkIdPerValue": {"text": ["nombre_part_48","nombre_part_48_48"]},"visibility": true},
  {"id": "input_nombre_part_49","type": "text","description": "","name": "input_nombre_part_49","label": "Nombre de parts sociales :","placeHolder": "","help": "","options": [],"value": "","bookmarkIdPerValue": {"text": ["nombre_part_49","nombre_part_49_49"]},"visibility": true},
  {"id": "input_nombre_part_50","type": "text","description": "","name": "input_nombre_part_50","label": "Nombre de parts sociales :","placeHolder": "","help": "","options": [],"value": "","bookmarkIdPerValue": {"text": ["nombre_part_50","nombre_part_50_50"]},"visibility": true}







  ],
   "bookmarks": [
   
	
	{
      "bookmarkId": "bookmark_qus_13_1",
      "value": "",
      "fontFamily": "Times New Roman",
      "color": null,
      "bold": true,
      "italic": false,
      "capitalized": false,
      "type": "PARAGRAPH_WITH_BOOKMARKS",
      "fontSize": 11
    },
	{
      "bookmarkId": "bookmark_qus_13_2",
      "value": "",
      "fontFamily": "Times New Roman",
      "color": null,
      "bold": true,
      "italic": false,
      "capitalized": false,
      "type": "PARAGRAPH_WITH_BOOKMARKS",
      "fontSize": 11
    },
	{
      "bookmarkId": "bookmark_qus_13_3",
      "value": "",
      "fontFamily": "Times New Roman",
      "color": null,
      "bold": true,
      "italic": false,
      "capitalized": false,
      "type": "PARAGRAPH_WITH_BOOKMARKS",
      "fontSize": 11
    },
	{
      "bookmarkId": "bookmark_qus_13_3_1",
      "value": "",
      "fontFamily": "Times New Roman",
      "color": null,
      "bold": true,
      "italic": false,
      "capitalized": false,
      "type": "PARAGRAPH_WITH_BOOKMARKS",
      "fontSize": 11
    },
	{
      "bookmarkId": "bookmark_qus_13_4",
      "value": "",
      "fontFamily": "Times New Roman",
      "color": null,
      "bold": true,
      "italic": false,
      "capitalized": false,
      "type": "PARAGRAPH_WITH_BOOKMARKS",
      "fontSize": 11
    },
	{
      "bookmarkId": "bookmark_qus_13_nom_revec",
      "value": "",
      "fontFamily": "Times New Roman",
      "color": null,
      "bold": true,
      "italic": false,
      "capitalized": false,
      "type": "USER_INPUT",
      "fontSize": 11
    },
	{
      "bookmarkId": "bookmark_qus_13_nom_demission",
      "value": "",
      "fontFamily": "Times New Roman",
      "color": null,
      "bold": true,
      "italic": false,
      "capitalized": false,
      "type": "USER_INPUT",
      "fontSize": 11
    },
	{
      "bookmarkId": "bookmark_qus_13_nom_deces",
      "value": "",
      "fontFamily": "Times New Roman",
      "color": null,
      "bold": true,
      "italic": false,
      "capitalized": false,
      "type": "USER_INPUT",
      "fontSize": 11
    },
	
	{
      "bookmarkId": "bookmark_qus_14",
      "value": "",
      "fontFamily": "Times New Roman",
      "color": null,
      "bold": true,
      "italic": false,
      "capitalized": false,
      "type": "USER_INPUT",
      "fontSize": 11
    },
	{
      "bookmarkId": "bookmark_qus_14_1",
      "value": "",
      "fontFamily": "Times New Roman",
      "color": null,
      "bold": true,
      "italic": false,
      "capitalized": false,
      "type": "USER_INPUT",
      "fontSize": 11
    },
	{
      "bookmarkId": "bookmark_qus_14_2",
      "value": "",
      "fontFamily": "Times New Roman",
      "color": null,
      "bold": true,
      "italic": false,
      "capitalized": false,
      "type": "USER_INPUT",
      "fontSize": 11
    },
	{
      "bookmarkId": "bookmark_qus_15_oui",
      "value": "",
      "fontFamily": "Times New Roman",
      "color": null,
      "bold": true,
      "italic": false,
      "capitalized": false,
      "type": "PARAGRAPH_WITH_BOOKMARKS",
      "fontSize": 11
    },
	{
      "bookmarkId": "bookmark_qus_15_non",
      "value": "",
      "fontFamily": "Times New Roman",
      "color": null,
      "bold": true,
      "italic": false,
      "capitalized": false,
      "type": "PARAGRAPH_WITH_BOOKMARKS",
      "fontSize": 11
    },
	
	
	
	{
      "bookmarkId": "bookmark_qus_15_cin",
      "value": "",
      "fontFamily": "Times New Roman",
      "color": null,
      "bold": true,
      "italic": false,
      "capitalized": false,
      "type": "USER_INPUT",
      "fontSize": 11
    },
	{
      "bookmarkId": "bookmark_qus_15_pass",
      "value": "",
      "fontFamily": "Times New Roman",
      "color": null,
      "bold": true,
      "italic": false,
      "capitalized": false,
      "type": "USER_INPUT",
      "fontSize": 11
    },
	{
      "bookmarkId": "bookmark_qus_15_nat_pass",
      "value": "",
      "fontFamily": "Times New Roman",
      "color": null,
      "bold": true,
      "italic": false,
      "capitalized": false,
      "type": "USER_INPUT",
      "fontSize": 11
    },
	{
      "bookmarkId": "bookmark_qus_16",
      "value": "",
      "fontFamily": "Times New Roman",
      "color": null,
      "bold": true,
      "italic": false,
      "capitalized": false,
      "type": "USER_INPUT",
      "fontSize": 11
    },
	{
      "bookmarkId": "bookmark_qus_16_1",
      "value": "",
      "fontFamily": "Times New Roman",
      "color": null,
      "bold": true,
      "italic": false,
      "capitalized": false,
      "type": "USER_INPUT",
      "fontSize": 11
    },
	{
      "bookmarkId": "bookmark_qus_17",
      "value": "",
      "fontFamily": "Times New Roman",
      "color": null,
      "bold": true,
      "italic": false,
      "capitalized": false,
      "type": "PARAGRAPH_WITH_BOOKMARKS",
      "fontSize": 11
    },
	{
      "bookmarkId": "bookmark_qus_17_rem",
      "value": "",
      "fontFamily": "Times New Roman",
      "color": null,
      "bold": true,
      "italic": false,
      "capitalized": false,
      "type": "USER_INPUT",
      "fontSize": 11
    },
	

	
	
	
   

   {"bookmarkId": "autre_per_1","value": "","fontFamily": "Times New Roman","color": null,"bold": true,"italic": false,"capitalized": false,"underline": null,"type": "PARAGRAPH_WITH_BOOKMARKS", "fontSize": 12},
   {"bookmarkId": "autre_per_2","value": "","fontFamily": "Times New Roman","color": null,"bold": true,"italic": false,"capitalized": false,"underline": null,"type": "PARAGRAPH_WITH_BOOKMARKS", "fontSize": 12},
  {"bookmarkId": "autre_per_3","value": "","fontFamily": "Times New Roman","color": null,"bold": true,"italic": false,"capitalized": false,"underline": null,"type": "PARAGRAPH_WITH_BOOKMARKS", "fontSize": 12},
  {"bookmarkId": "autre_per_4","value": "","fontFamily": "Times New Roman","color": null,"bold": true,"italic": false,"capitalized": false,"underline": null,"type": "PARAGRAPH_WITH_BOOKMARKS", "fontSize": 12},
  {"bookmarkId": "autre_per_5","value": "","fontFamily": "Times New Roman","color": null,"bold": true,"italic": false,"capitalized": false,"underline": null,"type": "PARAGRAPH_WITH_BOOKMARKS", "fontSize": 12},
  
  

  {"bookmarkId": "n_p_aa_1","value": "","fontFamily": "Times New Roman","color": null,"bold": true,"italic": false,"capitalized": false,"type": "USER_INPUT","fontSize": 12},
  {"bookmarkId": "n_p_aa_2","value": "","fontFamily": "Times New Roman","color": null,"bold": true,"italic": false,"capitalized": false,"type": "USER_INPUT","fontSize": 12},
  {"bookmarkId": "n_p_aa_3","value": "","fontFamily": "Times New Roman","color": null,"bold": true,"italic": false,"capitalized": false,"type": "USER_INPUT","fontSize": 12},
  {"bookmarkId": "n_p_aa_4","value": "","fontFamily": "Times New Roman","color": null,"bold": true,"italic": false,"capitalized": false,"type": "USER_INPUT","fontSize": 12},
  {"bookmarkId": "n_p_aa_5","value": "","fontFamily": "Times New Roman","color": null,"bold": true,"italic": false,"capitalized": false,"type": "USER_INPUT","fontSize": 12},
  {"bookmarkId": "ques_aa_1","value": "","fontFamily": "Times New Roman","color": null,"bold": true,"italic": false,"capitalized": false,"type": "USER_INPUT","fontSize": 12},
  {"bookmarkId": "ques_aa_2","value": "","fontFamily": "Times New Roman","color": null,"bold": true,"italic": false,"capitalized": false,"type": "USER_INPUT","fontSize": 12},
  {"bookmarkId": "ques_aa_3","value": "","fontFamily": "Times New Roman","color": null,"bold": true,"italic": false,"capitalized": false,"type": "USER_INPUT","fontSize": 12},
  {"bookmarkId": "ques_aa_4","value": "","fontFamily": "Times New Roman","color": null,"bold": true,"italic": false,"capitalized": false,"type": "USER_INPUT","fontSize": 12},
  {"bookmarkId": "ques_aa_5","value": "","fontFamily": "Times New Roman","color": null,"bold": true,"italic": false,"capitalized": false,"type": "USER_INPUT","fontSize": 12},

  
   
   
  
  {"bookmarkId": "denomination_sociale","value": "","fontFamily": "Times New Roman","color": null,"bold": true,"italic": false,"capitalized": false,"type": "USER_INPUT","fontSize": 11},
  {"bookmarkId": "denomination_sociale_1","value": "","fontFamily": "Times New Roman","color": null,"bold": true,"italic": false,"capitalized": false,"type": "USER_INPUT","fontSize": 11},
  {"bookmarkId": "capital_sociale_en_dinars","value": "","fontFamily": "Times New Roman","color": null,"bold": true,"italic": false,"capitalized": false,"type": "USER_INPUT","fontSize": 11},
  {"bookmarkId": "capital_sociale_en_dinars_1","value": "","fontFamily": "Times New Roman","color": null,"bold": true,"italic": false,"capitalized": false,"type": "USER_INPUT","fontSize": 11},
  {"bookmarkId": "siege_social","value": "","fontFamily": "Times New Roman","color": null,"bold": true,"italic": false,"capitalized": false,"type": "USER_INPUT","fontSize": 11},
  {"bookmarkId": "identifiant_unique","value": "","fontFamily": "Times New Roman","color": null,"bold": true,"italic": false,"capitalized": false,"type": "USER_INPUT","fontSize": 11},
  {"bookmarkId": "date_reunion_lassemble","value": "","fontFamily": "Times New Roman","color": null,"bold": true,"italic": false,"capitalized": false,"type": "USER_INPUT","fontSize": 11},
  {"bookmarkId": "date_reunion_lassemble_1","value": "","fontFamily": "Times New Roman","color": null,"bold": true,"italic": false,"capitalized": false,"type": "USER_INPUT","fontSize": 11},
  {"bookmarkId": "heure_debut_reuiion","value": "","fontFamily": "Times New Roman","color": null,"bold": true,"italic": false,"capitalized": false,"type": "USER_INPUT","fontSize": 11},
  {"bookmarkId": "heure_fin_reuiion","value": "","fontFamily": "Times New Roman","color": null,"bold": true,"italic": false,"capitalized": false,"type": "USER_INPUT","fontSize": 11},
  {"bookmarkId": "bookmark_question_8_oui","value": "","fontFamily": "Times New Roman","color": null,"bold": true,"italic": false,"capitalized": false,"type": "PARAGRAPH_WITH_BOOKMARKS","fontSize": 12},
  {"bookmarkId": "bookmark_question_8","value": "","fontFamily": "Times New Roman","color": null,"bold": true,"italic": false,"capitalized": false,"type": "USER_INPUT","fontSize": 12},
   {"bookmarkId": "bookmark_question_8_1","value": "","fontFamily": "Times New Roman","color": null,"bold": true,"italic": false,"capitalized": false,"type": "USER_INPUT","fontSize": 12},
  {"bookmarkId": "bookmark_question_8_non","value": "","fontFamily": "Times New Roman","color": null,"bold": true,"italic": false,"capitalized": false,"type": "PARAGRAPH_WITH_BOOKMARKS","fontSize": 12},
  {"bookmarkId": "Autre_ass_2","value": "","fontFamily": "Times New Roman","color": null,"bold": true,"italic": false,"capitalized": false,"underline": null,"type": "PARAGRAPH_WITH_BOOKMARKS", "fontSize": 12},
  
  
  
  
    {"bookmarkId": "bookmark_qestion_12","value": "","fontFamily": "Times New Roman","color": null,"bold": true,"italic": false,"capitalized": false,"type": "PARAGRAPH_WITH_BOOKMARKS","fontSize": 12},

  
  
  
  
  
  
  
  {"bookmarkId": "nom_prenom_aa_1","value": "","fontFamily": "Times New Roman","color": null,"bold": true,"italic": false,"capitalized": false,"type": "USER_INPUT","fontSize": 12},
  {"bookmarkId": "nom_prenom_aa_2","value": "","fontFamily": "Times New Roman","color": null,"bold": true,"italic": false,"capitalized": false,"type": "USER_INPUT","fontSize": 12},
  {"bookmarkId": "nom_prenom_aa_3","value": "","fontFamily": "Times New Roman","color": null,"bold": true,"italic": false,"capitalized": false,"type": "USER_INPUT","fontSize": 12},
  {"bookmarkId": "nom_prenom_aa_4","value": "","fontFamily": "Times New Roman","color": null,"bold": true,"italic": false,"capitalized": false,"type": "USER_INPUT","fontSize": 12},
  {"bookmarkId": "nom_prenom_aa_5","value": "","fontFamily": "Times New Roman","color": null,"bold": true,"italic": false,"capitalized": false,"type": "USER_INPUT","fontSize": 12},
  {"bookmarkId": "nom_prenom_aa_6","value": "","fontFamily": "Times New Roman","color": null,"bold": true,"italic": false,"capitalized": false,"type": "USER_INPUT","fontSize": 12},
  {"bookmarkId": "nom_prenom_aa_7","value": "","fontFamily": "Times New Roman","color": null,"bold": true,"italic": false,"capitalized": false,"type": "USER_INPUT","fontSize": 12},
  {"bookmarkId": "nom_prenom_aa_8","value": "","fontFamily": "Times New Roman","color": null,"bold": true,"italic": false,"capitalized": false,"type": "USER_INPUT","fontSize": 12},
  {"bookmarkId": "nom_prenom_aa_9","value": "","fontFamily": "Times New Roman","color": null,"bold": true,"italic": false,"capitalized": false,"type": "USER_INPUT","fontSize": 12},
  {"bookmarkId": "nom_prenom_aa_10","value": "","fontFamily": "Times New Roman","color": null,"bold": true,"italic": false,"capitalized": false,"type": "USER_INPUT","fontSize": 12},
  {"bookmarkId": "nom_prenom_aa_11","value": "","fontFamily": "Times New Roman","color": null,"bold": true,"italic": false,"capitalized": false,"type": "USER_INPUT","fontSize": 12},
  {"bookmarkId": "nom_prenom_aa_12","value": "","fontFamily": "Times New Roman","color": null,"bold": true,"italic": false,"capitalized": false,"type": "USER_INPUT","fontSize": 12},
  {"bookmarkId": "nom_prenom_aa_13","value": "","fontFamily": "Times New Roman","color": null,"bold": true,"italic": false,"capitalized": false,"type": "USER_INPUT","fontSize": 12},
  {"bookmarkId": "nom_prenom_aa_14","value": "","fontFamily": "Times New Roman","color": null,"bold": true,"italic": false,"capitalized": false,"type": "USER_INPUT","fontSize": 12},
  {"bookmarkId": "nom_prenom_aa_15","value": "","fontFamily": "Times New Roman","color": null,"bold": true,"italic": false,"capitalized": false,"type": "USER_INPUT","fontSize": 12},
  {"bookmarkId": "nom_prenom_aa_16","value": "","fontFamily": "Times New Roman","color": null,"bold": true,"italic": false,"capitalized": false,"type": "USER_INPUT","fontSize": 12},
  {"bookmarkId": "nom_prenom_aa_17","value": "","fontFamily": "Times New Roman","color": null,"bold": true,"italic": false,"capitalized": false,"type": "USER_INPUT","fontSize": 12},
  {"bookmarkId": "nom_prenom_aa_18","value": "","fontFamily": "Times New Roman","color": null,"bold": true,"italic": false,"capitalized": false,"type": "USER_INPUT","fontSize": 12},
  {"bookmarkId": "nom_prenom_aa_19","value": "","fontFamily": "Times New Roman","color": null,"bold": true,"italic": false,"capitalized": false,"type": "USER_INPUT","fontSize": 12},
  {"bookmarkId": "nom_prenom_aa_20","value": "","fontFamily": "Times New Roman","color": null,"bold": true,"italic": false,"capitalized": false,"type": "USER_INPUT","fontSize": 12},
  {"bookmarkId": "nom_prenom_aa_21","value": "","fontFamily": "Times New Roman","color": null,"bold": true,"italic": false,"capitalized": false,"type": "USER_INPUT","fontSize": 12},
  {"bookmarkId": "nom_prenom_aa_22","value": "","fontFamily": "Times New Roman","color": null,"bold": true,"italic": false,"capitalized": false,"type": "USER_INPUT","fontSize": 12},
  {"bookmarkId": "nom_prenom_aa_23","value": "","fontFamily": "Times New Roman","color": null,"bold": true,"italic": false,"capitalized": false,"type": "USER_INPUT","fontSize": 12},
  {"bookmarkId": "nom_prenom_aa_24","value": "","fontFamily": "Times New Roman","color": null,"bold": true,"italic": false,"capitalized": false,"type": "USER_INPUT","fontSize": 12},
  {"bookmarkId": "nom_prenom_aa_25","value": "","fontFamily": "Times New Roman","color": null,"bold": true,"italic": false,"capitalized": false,"type": "USER_INPUT","fontSize": 12},
  {"bookmarkId": "nom_prenom_aa_26","value": "","fontFamily": "Times New Roman","color": null,"bold": true,"italic": false,"capitalized": false,"type": "USER_INPUT","fontSize": 12},
  {"bookmarkId": "nom_prenom_aa_27","value": "","fontFamily": "Times New Roman","color": null,"bold": true,"italic": false,"capitalized": false,"type": "USER_INPUT","fontSize": 12},
  {"bookmarkId": "nom_prenom_aa_28","value": "","fontFamily": "Times New Roman","color": null,"bold": true,"italic": false,"capitalized": false,"type": "USER_INPUT","fontSize": 12},
  {"bookmarkId": "nom_prenom_aa_29","value": "","fontFamily": "Times New Roman","color": null,"bold": true,"italic": false,"capitalized": false,"type": "USER_INPUT","fontSize": 12},
  {"bookmarkId": "nom_prenom_aa_30","value": "","fontFamily": "Times New Roman","color": null,"bold": true,"italic": false,"capitalized": false,"type": "USER_INPUT","fontSize": 12},
  {"bookmarkId": "nom_prenom_aa_31","value": "","fontFamily": "Times New Roman","color": null,"bold": true,"italic": false,"capitalized": false,"type": "USER_INPUT","fontSize": 12},
  {"bookmarkId": "nom_prenom_aa_32","value": "","fontFamily": "Times New Roman","color": null,"bold": true,"italic": false,"capitalized": false,"type": "USER_INPUT","fontSize": 12},
  {"bookmarkId": "nom_prenom_aa_33","value": "","fontFamily": "Times New Roman","color": null,"bold": true,"italic": false,"capitalized": false,"type": "USER_INPUT","fontSize": 12},
  {"bookmarkId": "nom_prenom_aa_34","value": "","fontFamily": "Times New Roman","color": null,"bold": true,"italic": false,"capitalized": false,"type": "USER_INPUT","fontSize": 12},
  {"bookmarkId": "nom_prenom_aa_35","value": "","fontFamily": "Times New Roman","color": null,"bold": true,"italic": false,"capitalized": false,"type": "USER_INPUT","fontSize": 12},
  {"bookmarkId": "nom_prenom_aa_36","value": "","fontFamily": "Times New Roman","color": null,"bold": true,"italic": false,"capitalized": false,"type": "USER_INPUT","fontSize": 12},
  {"bookmarkId": "nom_prenom_aa_37","value": "","fontFamily": "Times New Roman","color": null,"bold": true,"italic": false,"capitalized": false,"type": "USER_INPUT","fontSize": 12},
  {"bookmarkId": "nom_prenom_aa_38","value": "","fontFamily": "Times New Roman","color": null,"bold": true,"italic": false,"capitalized": false,"type": "USER_INPUT","fontSize": 12},
  {"bookmarkId": "nom_prenom_aa_39","value": "","fontFamily": "Times New Roman","color": null,"bold": true,"italic": false,"capitalized": false,"type": "USER_INPUT","fontSize": 12},
  {"bookmarkId": "nom_prenom_aa_40","value": "","fontFamily": "Times New Roman","color": null,"bold": true,"italic": false,"capitalized": false,"type": "USER_INPUT","fontSize": 12},
  {"bookmarkId": "nom_prenom_aa_41","value": "","fontFamily": "Times New Roman","color": null,"bold": true,"italic": false,"capitalized": false,"type": "USER_INPUT","fontSize": 12},
  {"bookmarkId": "nom_prenom_aa_42","value": "","fontFamily": "Times New Roman","color": null,"bold": true,"italic": false,"capitalized": false,"type": "USER_INPUT","fontSize": 12},
  {"bookmarkId": "nom_prenom_aa_43","value": "","fontFamily": "Times New Roman","color": null,"bold": true,"italic": false,"capitalized": false,"type": "USER_INPUT","fontSize": 12},
  {"bookmarkId": "nom_prenom_aa_44","value": "","fontFamily": "Times New Roman","color": null,"bold": true,"italic": false,"capitalized": false,"type": "USER_INPUT","fontSize": 12},
  {"bookmarkId": "nom_prenom_aa_45","value": "","fontFamily": "Times New Roman","color": null,"bold": true,"italic": false,"capitalized": false,"type": "USER_INPUT","fontSize": 12},
  {"bookmarkId": "nom_prenom_aa_46","value": "","fontFamily": "Times New Roman","color": null,"bold": true,"italic": false,"capitalized": false,"type": "USER_INPUT","fontSize": 12},
  {"bookmarkId": "nom_prenom_aa_47","value": "","fontFamily": "Times New Roman","color": null,"bold": true,"italic": false,"capitalized": false,"type": "USER_INPUT","fontSize": 12},
  {"bookmarkId": "nom_prenom_aa_48","value": "","fontFamily": "Times New Roman","color": null,"bold": true,"italic": false,"capitalized": false,"type": "USER_INPUT","fontSize": 12},
  {"bookmarkId": "nom_prenom_aa_49","value": "","fontFamily": "Times New Roman","color": null,"bold": true,"italic": false,"capitalized": false,"type": "USER_INPUT","fontSize": 12},
  {"bookmarkId": "nom_prenom_aa_50","value": "","fontFamily": "Times New Roman","color": null,"bold": true,"italic": false,"capitalized": false,"type": "USER_INPUT","fontSize": 12},


  
  {"bookmarkId": "nom_prenom_aa_1_1","value": "","fontFamily": "Times New Roman","color": null,"bold": true,"italic": false,"capitalized": false,"type": "USER_INPUT","fontSize": 12},
  {"bookmarkId": "nom_prenom_aa_2_2","value": "","fontFamily": "Times New Roman","color": null,"bold": true,"italic": false,"capitalized": false,"type": "USER_INPUT","fontSize": 12},
  {"bookmarkId": "nom_prenom_aa_3_3","value": "","fontFamily": "Times New Roman","color": null,"bold": true,"italic": false,"capitalized": false,"type": "USER_INPUT","fontSize": 12},
  {"bookmarkId": "nom_prenom_aa_4_4","value": "","fontFamily": "Times New Roman","color": null,"bold": true,"italic": false,"capitalized": false,"type": "USER_INPUT","fontSize": 12},
  {"bookmarkId": "nom_prenom_aa_5_5","value": "","fontFamily": "Times New Roman","color": null,"bold": true,"italic": false,"capitalized": false,"type": "USER_INPUT","fontSize": 12},
  {"bookmarkId": "nom_prenom_aa_6_6","value": "","fontFamily": "Times New Roman","color": null,"bold": true,"italic": false,"capitalized": false,"type": "USER_INPUT","fontSize": 12},
  {"bookmarkId": "nom_prenom_aa_7_7","value": "","fontFamily": "Times New Roman","color": null,"bold": true,"italic": false,"capitalized": false,"type": "USER_INPUT","fontSize": 12},
  {"bookmarkId": "nom_prenom_aa_8_8","value": "","fontFamily": "Times New Roman","color": null,"bold": true,"italic": false,"capitalized": false,"type": "USER_INPUT","fontSize": 12},
  {"bookmarkId": "nom_prenom_aa_9_9","value": "","fontFamily": "Times New Roman","color": null,"bold": true,"italic": false,"capitalized": false,"type": "USER_INPUT","fontSize": 12},
  {"bookmarkId": "nom_prenom_aa_10_10","value": "","fontFamily": "Times New Roman","color": null,"bold": true,"italic": false,"capitalized": false,"type": "USER_INPUT","fontSize": 12},
  {"bookmarkId": "nom_prenom_aa_11_11","value": "","fontFamily": "Times New Roman","color": null,"bold": true,"italic": false,"capitalized": false,"type": "USER_INPUT","fontSize": 12},
  {"bookmarkId": "nom_prenom_aa_12_12","value": "","fontFamily": "Times New Roman","color": null,"bold": true,"italic": false,"capitalized": false,"type": "USER_INPUT","fontSize": 12},
  {"bookmarkId": "nom_prenom_aa_13_13","value": "","fontFamily": "Times New Roman","color": null,"bold": true,"italic": false,"capitalized": false,"type": "USER_INPUT","fontSize": 12},
  {"bookmarkId": "nom_prenom_aa_14_14","value": "","fontFamily": "Times New Roman","color": null,"bold": true,"italic": false,"capitalized": false,"type": "USER_INPUT","fontSize": 12},
  {"bookmarkId": "nom_prenom_aa_15_15","value": "","fontFamily": "Times New Roman","color": null,"bold": true,"italic": false,"capitalized": false,"type": "USER_INPUT","fontSize": 12},
  {"bookmarkId": "nom_prenom_aa_16_16","value": "","fontFamily": "Times New Roman","color": null,"bold": true,"italic": false,"capitalized": false,"type": "USER_INPUT","fontSize": 12},
  {"bookmarkId": "nom_prenom_aa_17_17","value": "","fontFamily": "Times New Roman","color": null,"bold": true,"italic": false,"capitalized": false,"type": "USER_INPUT","fontSize": 12},
  {"bookmarkId": "nom_prenom_aa_18_18","value": "","fontFamily": "Times New Roman","color": null,"bold": true,"italic": false,"capitalized": false,"type": "USER_INPUT","fontSize": 12},
  {"bookmarkId": "nom_prenom_aa_19_19","value": "","fontFamily": "Times New Roman","color": null,"bold": true,"italic": false,"capitalized": false,"type": "USER_INPUT","fontSize": 12},
  {"bookmarkId": "nom_prenom_aa_20_20","value": "","fontFamily": "Times New Roman","color": null,"bold": true,"italic": false,"capitalized": false,"type": "USER_INPUT","fontSize": 12},
  {"bookmarkId": "nom_prenom_aa_21_21","value": "","fontFamily": "Times New Roman","color": null,"bold": true,"italic": false,"capitalized": false,"type": "USER_INPUT","fontSize": 12},
  {"bookmarkId": "nom_prenom_aa_22_22","value": "","fontFamily": "Times New Roman","color": null,"bold": true,"italic": false,"capitalized": false,"type": "USER_INPUT","fontSize": 12},
  {"bookmarkId": "nom_prenom_aa_23_23","value": "","fontFamily": "Times New Roman","color": null,"bold": true,"italic": false,"capitalized": false,"type": "USER_INPUT","fontSize": 12},
  {"bookmarkId": "nom_prenom_aa_24_24","value": "","fontFamily": "Times New Roman","color": null,"bold": true,"italic": false,"capitalized": false,"type": "USER_INPUT","fontSize": 12},
  {"bookmarkId": "nom_prenom_aa_25_25","value": "","fontFamily": "Times New Roman","color": null,"bold": true,"italic": false,"capitalized": false,"type": "USER_INPUT","fontSize": 12},
  {"bookmarkId": "nom_prenom_aa_26_26","value": "","fontFamily": "Times New Roman","color": null,"bold": true,"italic": false,"capitalized": false,"type": "USER_INPUT","fontSize": 12},
  {"bookmarkId": "nom_prenom_aa_27_27","value": "","fontFamily": "Times New Roman","color": null,"bold": true,"italic": false,"capitalized": false,"type": "USER_INPUT","fontSize": 12},
  {"bookmarkId": "nom_prenom_aa_28_28","value": "","fontFamily": "Times New Roman","color": null,"bold": true,"italic": false,"capitalized": false,"type": "USER_INPUT","fontSize": 12},
  {"bookmarkId": "nom_prenom_aa_29_29","value": "","fontFamily": "Times New Roman","color": null,"bold": true,"italic": false,"capitalized": false,"type": "USER_INPUT","fontSize": 12},
  {"bookmarkId": "nom_prenom_aa_30_30","value": "","fontFamily": "Times New Roman","color": null,"bold": true,"italic": false,"capitalized": false,"type": "USER_INPUT","fontSize": 12},
  {"bookmarkId": "nom_prenom_aa_31_31","value": "","fontFamily": "Times New Roman","color": null,"bold": true,"italic": false,"capitalized": false,"type": "USER_INPUT","fontSize": 12},
  {"bookmarkId": "nom_prenom_aa_32_32","value": "","fontFamily": "Times New Roman","color": null,"bold": true,"italic": false,"capitalized": false,"type": "USER_INPUT","fontSize": 12},
  {"bookmarkId": "nom_prenom_aa_33_33","value": "","fontFamily": "Times New Roman","color": null,"bold": true,"italic": false,"capitalized": false,"type": "USER_INPUT","fontSize": 12},
  {"bookmarkId": "nom_prenom_aa_34_34","value": "","fontFamily": "Times New Roman","color": null,"bold": true,"italic": false,"capitalized": false,"type": "USER_INPUT","fontSize": 12},
  {"bookmarkId": "nom_prenom_aa_35_35","value": "","fontFamily": "Times New Roman","color": null,"bold": true,"italic": false,"capitalized": false,"type": "USER_INPUT","fontSize": 12},
  {"bookmarkId": "nom_prenom_aa_36_36","value": "","fontFamily": "Times New Roman","color": null,"bold": true,"italic": false,"capitalized": false,"type": "USER_INPUT","fontSize": 12},
  {"bookmarkId": "nom_prenom_aa_37_37","value": "","fontFamily": "Times New Roman","color": null,"bold": true,"italic": false,"capitalized": false,"type": "USER_INPUT","fontSize": 12},
  {"bookmarkId": "nom_prenom_aa_38_38","value": "","fontFamily": "Times New Roman","color": null,"bold": true,"italic": false,"capitalized": false,"type": "USER_INPUT","fontSize": 12},
  {"bookmarkId": "nom_prenom_aa_39_39","value": "","fontFamily": "Times New Roman","color": null,"bold": true,"italic": false,"capitalized": false,"type": "USER_INPUT","fontSize": 12},
  {"bookmarkId": "nom_prenom_aa_40_40","value": "","fontFamily": "Times New Roman","color": null,"bold": true,"italic": false,"capitalized": false,"type": "USER_INPUT","fontSize": 12},
  {"bookmarkId": "nom_prenom_aa_41_41","value": "","fontFamily": "Times New Roman","color": null,"bold": true,"italic": false,"capitalized": false,"type": "USER_INPUT","fontSize": 12},
  {"bookmarkId": "nom_prenom_aa_42_42","value": "","fontFamily": "Times New Roman","color": null,"bold": true,"italic": false,"capitalized": false,"type": "USER_INPUT","fontSize": 12},
  {"bookmarkId": "nom_prenom_aa_43_43","value": "","fontFamily": "Times New Roman","color": null,"bold": true,"italic": false,"capitalized": false,"type": "USER_INPUT","fontSize": 12},
  {"bookmarkId": "nom_prenom_aa_44_44","value": "","fontFamily": "Times New Roman","color": null,"bold": true,"italic": false,"capitalized": false,"type": "USER_INPUT","fontSize": 12},
  {"bookmarkId": "nom_prenom_aa_45_45","value": "","fontFamily": "Times New Roman","color": null,"bold": true,"italic": false,"capitalized": false,"type": "USER_INPUT","fontSize": 12},
  {"bookmarkId": "nom_prenom_aa_46_46","value": "","fontFamily": "Times New Roman","color": null,"bold": true,"italic": false,"capitalized": false,"type": "USER_INPUT","fontSize": 12},
  {"bookmarkId": "nom_prenom_aa_47_47","value": "","fontFamily": "Times New Roman","color": null,"bold": true,"italic": false,"capitalized": false,"type": "USER_INPUT","fontSize": 12},
  {"bookmarkId": "nom_prenom_aa_48_48","value": "","fontFamily": "Times New Roman","color": null,"bold": true,"italic": false,"capitalized": false,"type": "USER_INPUT","fontSize": 12},
  {"bookmarkId": "nom_prenom_aa_49_49","value": "","fontFamily": "Times New Roman","color": null,"bold": true,"italic": false,"capitalized": false,"type": "USER_INPUT","fontSize": 12},
  {"bookmarkId": "nom_prenom_aa_50_50","value": "","fontFamily": "Times New Roman","color": null,"bold": true,"italic": false,"capitalized": false,"type": "USER_INPUT","fontSize": 12},
  
  
  
  
  
  
  
  
  {"bookmarkId": "nombre_part_1","value": "","fontFamily": "Times New Roman","color": null,"bold": true,"italic": false,"capitalized": false,"type": "USER_INPUT","fontSize": 12},
  {"bookmarkId": "nombre_part_2" ,"value": "","fontFamily": "Times New Roman","color": null,"bold": true,"italic": false,"capitalized": false,"type": "USER_INPUT","fontSize": 12},
  {"bookmarkId": "nombre_part_3" ,"value": "","fontFamily": "Times New Roman","color": null,"bold": true,"italic": false,"capitalized": false,"type": "USER_INPUT","fontSize": 12},
  {"bookmarkId": "nombre_part_4","value": "","fontFamily": "Times New Roman","color": null,"bold": true,"italic": false,"capitalized": false,"type": "USER_INPUT","fontSize": 12},
  {"bookmarkId": "nombre_part_5","value": "","fontFamily": "Times New Roman","color": null,"bold": true,"italic": false,"capitalized": false,"type": "USER_INPUT","fontSize": 12},
  {"bookmarkId": "nombre_part_6","value": "","fontFamily": "Times New Roman","color": null,"bold": true,"italic": false,"capitalized": false,"type": "USER_INPUT","fontSize": 12},
  {"bookmarkId": "nombre_part_7","value": "","fontFamily": "Times New Roman","color": null,"bold": true,"italic": false,"capitalized": false,"type": "USER_INPUT","fontSize": 12},
  {"bookmarkId": "nombre_part_8","value": "","fontFamily": "Times New Roman","color": null,"bold": true,"italic": false,"capitalized": false,"type": "USER_INPUT","fontSize": 12},
  {"bookmarkId": "nombre_part_9","value": "","fontFamily": "Times New Roman","color": null,"bold": true,"italic": false,"capitalized": false,"type": "USER_INPUT","fontSize": 12},
  {"bookmarkId": "nombre_part_10","value": "","fontFamily": "Times New Roman","color": null,"bold": true,"italic": false,"capitalized": false,"type": "USER_INPUT","fontSize": 12},
  {"bookmarkId": "nombre_part_11","value": "","fontFamily": "Times New Roman","color": null,"bold": true,"italic": false,"capitalized": false,"type": "USER_INPUT","fontSize": 12},
  {"bookmarkId": "nombre_part_12","value": "","fontFamily": "Times New Roman","color": null,"bold": true,"italic": false,"capitalized": false,"type": "USER_INPUT","fontSize": 12},
  {"bookmarkId": "nombre_part_13","value": "","fontFamily": "Times New Roman","color": null,"bold": true,"italic": false,"capitalized": false,"type": "USER_INPUT","fontSize": 12},
  {"bookmarkId": "nombre_part_14","value": "","fontFamily": "Times New Roman","color": null,"bold": true,"italic": false,"capitalized": false,"type": "USER_INPUT","fontSize": 12},
  {"bookmarkId": "nombre_part_15","value": "","fontFamily": "Times New Roman","color": null,"bold": true,"italic": false,"capitalized": false,"type": "USER_INPUT","fontSize": 12},
  {"bookmarkId": "nombre_part_16","value": "","fontFamily": "Times New Roman","color": null,"bold": true,"italic": false,"capitalized": false,"type": "USER_INPUT","fontSize": 12},
  {"bookmarkId": "nombre_part_17","value": "","fontFamily": "Times New Roman","color": null,"bold": true,"italic": false,"capitalized": false,"type": "USER_INPUT","fontSize": 12},
  {"bookmarkId": "nombre_part_18","value": "","fontFamily": "Times New Roman","color": null,"bold": true,"italic": false,"capitalized": false,"type": "USER_INPUT","fontSize": 12},
  {"bookmarkId": "nombre_part_19","value": "","fontFamily": "Times New Roman","color": null,"bold": true,"italic": false,"capitalized": false,"type": "USER_INPUT","fontSize": 12},
  {"bookmarkId": "nombre_part_20","value": "","fontFamily": "Times New Roman","color": null,"bold": true,"italic": false,"capitalized": false,"type": "USER_INPUT","fontSize": 12},
  {"bookmarkId": "nombre_part_21","value": "","fontFamily": "Times New Roman","color": null,"bold": true,"italic": false,"capitalized": false,"type": "USER_INPUT","fontSize": 12},
  {"bookmarkId": "nombre_part_22","value": "","fontFamily": "Times New Roman","color": null,"bold": true,"italic": false,"capitalized": false,"type": "USER_INPUT","fontSize": 12},
  {"bookmarkId": "nombre_part_23","value": "","fontFamily": "Times New Roman","color": null,"bold": true,"italic": false,"capitalized": false,"type": "USER_INPUT","fontSize": 12},
  {"bookmarkId": "nombre_part_24","value": "","fontFamily": "Times New Roman","color": null,"bold": true,"italic": false,"capitalized": false,"type": "USER_INPUT","fontSize": 12},
  {"bookmarkId": "nombre_part_25","value": "","fontFamily": "Times New Roman","color": null,"bold": true,"italic": false,"capitalized": false,"type": "USER_INPUT","fontSize": 12},
  {"bookmarkId": "nombre_part_26","value": "","fontFamily": "Times New Roman","color": null,"bold": true,"italic": false,"capitalized": false,"type": "USER_INPUT","fontSize": 12},
  {"bookmarkId": "nombre_part_27","value": "","fontFamily": "Times New Roman","color": null,"bold": true,"italic": false,"capitalized": false,"type": "USER_INPUT","fontSize": 12},
  {"bookmarkId": "nombre_part_28","value": "","fontFamily": "Times New Roman","color": null,"bold": true,"italic": false,"capitalized": false,"type": "USER_INPUT","fontSize": 12},
  {"bookmarkId": "nombre_part_29","value": "","fontFamily": "Times New Roman","color": null,"bold": true,"italic": false,"capitalized": false,"type": "USER_INPUT","fontSize": 12},
  {"bookmarkId": "nombre_part_30","value": "","fontFamily": "Times New Roman","color": null,"bold": true,"italic": false,"capitalized": false,"type": "USER_INPUT","fontSize": 12},
  {"bookmarkId": "nombre_part_31","value": "","fontFamily": "Times New Roman","color": null,"bold": true,"italic": false,"capitalized": false,"type": "USER_INPUT","fontSize": 12},
  {"bookmarkId": "nombre_part_32","value": "","fontFamily": "Times New Roman","color": null,"bold": true,"italic": false,"capitalized": false,"type": "USER_INPUT","fontSize": 12},
  {"bookmarkId": "nombre_part_33","value": "","fontFamily": "Times New Roman","color": null,"bold": true,"italic": false,"capitalized": false,"type": "USER_INPUT","fontSize": 12},
  {"bookmarkId": "nombre_part_34","value": "","fontFamily": "Times New Roman","color": null,"bold": true,"italic": false,"capitalized": false,"type": "USER_INPUT","fontSize": 12},
  {"bookmarkId": "nombre_part_35","value": "","fontFamily": "Times New Roman","color": null,"bold": true,"italic": false,"capitalized": false,"type": "USER_INPUT","fontSize": 12},
  {"bookmarkId": "nombre_part_36","value": "","fontFamily": "Times New Roman","color": null,"bold": true,"italic": false,"capitalized": false,"type": "USER_INPUT","fontSize": 12},
  {"bookmarkId": "nombre_part_37","value": "","fontFamily": "Times New Roman","color": null,"bold": true,"italic": false,"capitalized": false,"type": "USER_INPUT","fontSize": 12},
  {"bookmarkId": "nombre_part_38","value": "","fontFamily": "Times New Roman","color": null,"bold": true,"italic": false,"capitalized": false,"type": "USER_INPUT","fontSize": 12},
  {"bookmarkId": "nombre_part_39","value": "","fontFamily": "Times New Roman","color": null,"bold": true,"italic": false,"capitalized": false,"type": "USER_INPUT","fontSize": 12},
  {"bookmarkId": "nombre_part_40","value": "","fontFamily": "Times New Roman","color": null,"bold": true,"italic": false,"capitalized": false,"type": "USER_INPUT","fontSize": 12},
  {"bookmarkId": "nombre_part_41","value": "","fontFamily": "Times New Roman","color": null,"bold": true,"italic": false,"capitalized": false,"type": "USER_INPUT","fontSize": 12},
  {"bookmarkId": "nombre_part_42","value": "","fontFamily": "Times New Roman","color": null,"bold": true,"italic": false,"capitalized": false,"type": "USER_INPUT","fontSize": 12},
  {"bookmarkId": "nombre_part_43","value": "","fontFamily": "Times New Roman","color": null,"bold": true,"italic": false,"capitalized": false,"type": "USER_INPUT","fontSize": 12},
  {"bookmarkId": "nombre_part_44","value": "","fontFamily": "Times New Roman","color": null,"bold": true,"italic": false,"capitalized": false,"type": "USER_INPUT","fontSize": 12},
  {"bookmarkId": "nombre_part_45","value": "","fontFamily": "Times New Roman","color": null,"bold": true,"italic": false,"capitalized": false,"type": "USER_INPUT","fontSize": 12},
  {"bookmarkId": "nombre_part_46","value": "","fontFamily": "Times New Roman","color": null,"bold": true,"italic": false,"capitalized": false,"type": "USER_INPUT","fontSize": 12},
  {"bookmarkId": "nombre_part_47","value": "","fontFamily": "Times New Roman","color": null,"bold": true,"italic": false,"capitalized": false,"type": "USER_INPUT","fontSize": 12},
  {"bookmarkId": "nombre_part_48","value": "","fontFamily": "Times New Roman","color": null,"bold": true,"italic": false,"capitalized": false,"type": "USER_INPUT","fontSize": 12},
  {"bookmarkId": "nombre_part_49","value": "","fontFamily": "Times New Roman","color": null,"bold": true,"italic": false,"capitalized": false,"type": "USER_INPUT","fontSize": 12},
  {"bookmarkId": "nombre_part_50","value": "","fontFamily": "Times New Roman","color": null,"bold": true,"italic": false,"capitalized": false,"type": "USER_INPUT","fontSize": 12},
  
  
  
  
  
  {"bookmarkId": "nombre_part_1_1","value": "","fontFamily": "Times New Roman","color": null,"bold": true,"italic": false,"capitalized": false,"type": "USER_INPUT","fontSize": 12},
  {"bookmarkId": "nombre_part_2_2","value": "","fontFamily": "Times New Roman","color": null,"bold": true,"italic": false,"capitalized": false,"type": "USER_INPUT","fontSize": 12},
  {"bookmarkId": "nombre_part_3_3","value": "","fontFamily": "Times New Roman","color": null,"bold": true,"italic": false,"capitalized": false,"type": "USER_INPUT","fontSize": 12},
  {"bookmarkId": "nombre_part_4_4","value": "","fontFamily": "Times New Roman","color": null,"bold": true,"italic": false,"capitalized": false,"type": "USER_INPUT","fontSize": 12},
  {"bookmarkId": "nombre_part_5_5","value": "","fontFamily": "Times New Roman","color": null,"bold": true,"italic": false,"capitalized": false,"type": "USER_INPUT","fontSize": 12},
  {"bookmarkId": "nombre_part_6_6","value": "","fontFamily": "Times New Roman","color": null,"bold": true,"italic": false,"capitalized": false,"type": "USER_INPUT","fontSize": 12},
  {"bookmarkId": "nombre_part_7_7","value": "","fontFamily": "Times New Roman","color": null,"bold": true,"italic": false,"capitalized": false,"type": "USER_INPUT","fontSize": 12},
  {"bookmarkId": "nombre_part_8_8","value": "","fontFamily": "Times New Roman","color": null,"bold": true,"italic": false,"capitalized": false,"type": "USER_INPUT","fontSize": 12},
  {"bookmarkId": "nombre_part_9_9","value": "","fontFamily": "Times New Roman","color": null,"bold": true,"italic": false,"capitalized": false,"type": "USER_INPUT","fontSize": 12},
  {"bookmarkId": "nombre_part_10_10","value": "","fontFamily": "Times New Roman","color": null,"bold": true,"italic": false,"capitalized": false,"type": "USER_INPUT","fontSize": 12},
  {"bookmarkId": "nombre_part_11_11","value": "","fontFamily": "Times New Roman","color": null,"bold": true,"italic": false,"capitalized": false,"type": "USER_INPUT","fontSize": 12},
  {"bookmarkId": "nombre_part_12_12","value": "","fontFamily": "Times New Roman","color": null,"bold": true,"italic": false,"capitalized": false,"type": "USER_INPUT","fontSize": 12},
  {"bookmarkId": "nombre_part_13_13","value": "","fontFamily": "Times New Roman","color": null,"bold": true,"italic": false,"capitalized": false,"type": "USER_INPUT","fontSize": 12},
  {"bookmarkId": "nombre_part_14_14","value": "","fontFamily": "Times New Roman","color": null,"bold": true,"italic": false,"capitalized": false,"type": "USER_INPUT","fontSize": 12},
  {"bookmarkId": "nombre_part_15_15","value": "","fontFamily": "Times New Roman","color": null,"bold": true,"italic": false,"capitalized": false,"type": "USER_INPUT","fontSize": 12},
  {"bookmarkId": "nombre_part_16_16","value": "","fontFamily": "Times New Roman","color": null,"bold": true,"italic": false,"capitalized": false,"type": "USER_INPUT","fontSize": 12},
  {"bookmarkId": "nombre_part_17_17","value": "","fontFamily": "Times New Roman","color": null,"bold": true,"italic": false,"capitalized": false,"type": "USER_INPUT","fontSize": 12},
  {"bookmarkId": "nombre_part_18_18","value": "","fontFamily": "Times New Roman","color": null,"bold": true,"italic": false,"capitalized": false,"type": "USER_INPUT","fontSize": 12},
  {"bookmarkId": "nombre_part_19_19","value": "","fontFamily": "Times New Roman","color": null,"bold": true,"italic": false,"capitalized": false,"type": "USER_INPUT","fontSize": 12},
  {"bookmarkId": "nombre_part_20_20","value": "","fontFamily": "Times New Roman","color": null,"bold": true,"italic": false,"capitalized": false,"type": "USER_INPUT","fontSize": 12},
  {"bookmarkId": "nombre_part_21_21","value": "","fontFamily": "Times New Roman","color": null,"bold": true,"italic": false,"capitalized": false,"type": "USER_INPUT","fontSize": 12},
  {"bookmarkId": "nombre_part_22_22","value": "","fontFamily": "Times New Roman","color": null,"bold": true,"italic": false,"capitalized": false,"type": "USER_INPUT","fontSize": 12},
  {"bookmarkId": "nombre_part_23_23","value": "","fontFamily": "Times New Roman","color": null,"bold": true,"italic": false,"capitalized": false,"type": "USER_INPUT","fontSize": 12},
  {"bookmarkId": "nombre_part_24_24","value": "","fontFamily": "Times New Roman","color": null,"bold": true,"italic": false,"capitalized": false,"type": "USER_INPUT","fontSize": 12},
  {"bookmarkId": "nombre_part_25_25","value": "","fontFamily": "Times New Roman","color": null,"bold": true,"italic": false,"capitalized": false,"type": "USER_INPUT","fontSize": 12},
  {"bookmarkId": "nombre_part_26_26","value": "","fontFamily": "Times New Roman","color": null,"bold": true,"italic": false,"capitalized": false,"type": "USER_INPUT","fontSize": 12},
  {"bookmarkId": "nombre_part_27_27","value": "","fontFamily": "Times New Roman","color": null,"bold": true,"italic": false,"capitalized": false,"type": "USER_INPUT","fontSize": 12},
  {"bookmarkId": "nombre_part_28_28","value": "","fontFamily": "Times New Roman","color": null,"bold": true,"italic": false,"capitalized": false,"type": "USER_INPUT","fontSize": 12},
  {"bookmarkId": "nombre_part_29_29","value": "","fontFamily": "Times New Roman","color": null,"bold": true,"italic": false,"capitalized": false,"type": "USER_INPUT","fontSize": 12},
  {"bookmarkId": "nombre_part_30_30","value": "","fontFamily": "Times New Roman","color": null,"bold": true,"italic": false,"capitalized": false,"type": "USER_INPUT","fontSize": 12},
  {"bookmarkId": "nombre_part_31_31","value": "","fontFamily": "Times New Roman","color": null,"bold": true,"italic": false,"capitalized": false,"type": "USER_INPUT","fontSize": 12},
  {"bookmarkId": "nombre_part_32_32","value": "","fontFamily": "Times New Roman","color": null,"bold": true,"italic": false,"capitalized": false,"type": "USER_INPUT","fontSize": 12},
  {"bookmarkId": "nombre_part_33_33","value": "","fontFamily": "Times New Roman","color": null,"bold": true,"italic": false,"capitalized": false,"type": "USER_INPUT","fontSize": 12},
  {"bookmarkId": "nombre_part_34_34","value": "","fontFamily": "Times New Roman","color": null,"bold": true,"italic": false,"capitalized": false,"type": "USER_INPUT","fontSize": 12},
  {"bookmarkId": "nombre_part_35_35","value": "","fontFamily": "Times New Roman","color": null,"bold": true,"italic": false,"capitalized": false,"type": "USER_INPUT","fontSize": 12},
  {"bookmarkId": "nombre_part_36_36","value": "","fontFamily": "Times New Roman","color": null,"bold": true,"italic": false,"capitalized": false,"type": "USER_INPUT","fontSize": 12},
  {"bookmarkId": "nombre_part_37_37","value": "","fontFamily": "Times New Roman","color": null,"bold": true,"italic": false,"capitalized": false,"type": "USER_INPUT","fontSize": 12},
  {"bookmarkId": "nombre_part_38_38","value": "","fontFamily": "Times New Roman","color": null,"bold": true,"italic": false,"capitalized": false,"type": "USER_INPUT","fontSize": 12},
  {"bookmarkId": "nombre_part_39_39","value": "","fontFamily": "Times New Roman","color": null,"bold": true,"italic": false,"capitalized": false,"type": "USER_INPUT","fontSize": 12},
  {"bookmarkId": "nombre_part_40_40","value": "","fontFamily": "Times New Roman","color": null,"bold": true,"italic": false,"capitalized": false,"type": "USER_INPUT","fontSize": 12},
  {"bookmarkId": "nombre_part_41_41","value": "","fontFamily": "Times New Roman","color": null,"bold": true,"italic": false,"capitalized": false,"type": "USER_INPUT","fontSize": 12},
  {"bookmarkId": "nombre_part_42_42","value": "","fontFamily": "Times New Roman","color": null,"bold": true,"italic": false,"capitalized": false,"type": "USER_INPUT","fontSize": 12},
  {"bookmarkId": "nombre_part_43_43","value": "","fontFamily": "Times New Roman","color": null,"bold": true,"italic": false,"capitalized": false,"type": "USER_INPUT","fontSize": 12},
  {"bookmarkId": "nombre_part_44_44","value": "","fontFamily": "Times New Roman","color": null,"bold": true,"italic": false,"capitalized": false,"type": "USER_INPUT","fontSize": 12},
  {"bookmarkId": "nombre_part_45_45","value": "","fontFamily": "Times New Roman","color": null,"bold": true,"italic": false,"capitalized": false,"type": "USER_INPUT","fontSize": 12},
  {"bookmarkId": "nombre_part_46_46","value": "","fontFamily": "Times New Roman","color": null,"bold": true,"italic": false,"capitalized": false,"type": "USER_INPUT","fontSize": 12},
  {"bookmarkId": "nombre_part_47_47","value": "","fontFamily": "Times New Roman","color": null,"bold": true,"italic": false,"capitalized": false,"type": "USER_INPUT","fontSize": 12},
  {"bookmarkId": "nombre_part_48_48","value": "","fontFamily": "Times New Roman","color": null,"bold": true,"italic": false,"capitalized": false,"type": "USER_INPUT","fontSize": 12},
  {"bookmarkId": "nombre_part_49_49","value": "","fontFamily": "Times New Roman","color": null,"bold": true,"italic": false,"capitalized": false,"type": "USER_INPUT","fontSize": 12},
  {"bookmarkId": "nombre_part_50_50","value": "","fontFamily": "Times New Roman","color": null,"bold": true,"italic": false,"capitalized": false,"type": "USER_INPUT","fontSize": 12}

  
  
  ]
  
  }