{
  "workflow": [
  
	{
      "inputId": "input_nature_personne_physique_tunisienne_caution",
      "valuesConstraints": [
        {
          "value": "physique tunisienne caution",
          "constraints": [
            {
              "elementId": "bloc_employeur_physique_tun",
              "visibility": true
            }
          ]
        }
      ]
    },
	{
      "inputId": "input_nature_personne_physique_etrangere_caution",
      "valuesConstraints": [
        {
          "value": "physique etrangere caution",
          "constraints": [
            
			{
              "elementId": "bloc_employeur_physique_etr",
              "visibility": true
            }
			
          ]
        }
      ]
    },
	{
      "inputId": "input_nature_personne_morale_tunisienne_caution",
      "valuesConstraints": [
        {
          "value": "morale tunisienne caution",
          "constraints": [
            
			{
              "elementId": "bloc_employeur_morale",
              "visibility": true
            }
			
          ]
        }
      ]
    },
	
	{
      "inputId": "input_nature_employeur_morale",
      "valuesConstraints": [
        {
          "value": "Personne morale",
          "constraints": [
            {
              "elementId": "bloc_employee_tun",
              "visibility": true
            }
          ]
        }
      ]
    },
    {
      "inputId": "input_nature_employeur_physique",
      "valuesConstraints": [
        {
          "value": "Personne physique",
          "constraints": [
            {
              "elementId": "bloc_employee_etrg",
              "visibility": true
            }
          ]
        }
      ]
    },
{
      "inputId": "input_forme_employeur_morale",
      "valuesConstraints": [
        {
          "value": "Autre",
          "constraints": [
            {
              "elementId": "input_forme_libre_accord_resiliation",
              "visibility": true
            }
          ]
        },
        {
          "value": "GMBH",
          "constraints": [
            {
              "elementId": "input_forme_libre_accord_resiliation",
              "visibility": false
            }
          ]
        },
		{
          "value": "LLP",
          "constraints": [
            {
              "elementId": "input_forme_libre_accord_resiliation",
              "visibility": false
            }
          ]
        },
		{
          "value": "SUARL",
          "constraints": [
            {
              "elementId": "input_forme_libre_accord_resiliation",
              "visibility": false
            }
          ]
        },
		{
          "value": "SARL",
          "constraints": [
            {
              "elementId": "input_forme_libre_accord_resiliation",
              "visibility": false
            }
          ]
        },
		{
          "value": "SA",
          "constraints": [
            {
              "elementId": "input_forme_libre_accord_resiliation",
              "visibility": false
            }
          ]
        }
      ]
    }	
      ]
    }
  