{
  "workflow": [
  
  
	 {
	
        "inputId": "input_nombre_autres_personnes",
		"valuesConstraints": [
        {
			"value": "select_input_generator",
			"constraints": [
            {
				"elementId": "bloc_autre_personne_1",
				"visibility": true
            },
            {
				"elementId": "bloc_autre_personne_2",
				"visibility": true
            },
            {
				"elementId": "bloc_autre_personne_3",
				"visibility": true
            },
            {
				"elementId": "bloc_autre_personne_4",
				"visibility": true
            },
            {
				"elementId": "bloc_autre_personne_5",
				"visibility": true
            }
          ]
        }
      ]
    }
	
  
  
  
  ]}