{
  "workflow": [
  {
      "inputId": "input_nature_personne_physique_tunisienne_caution",
      "valuesConstraints": [
        {
          "value": "physique tunisienne caution",
          "constraints": [
            {
              "elementId": "bloc_personne_physique_tunisienne_caution",
              "visibility": true
            }
          ]
        }
      ]
    },
	{
      "inputId": "input_nature_personne_physique_etrangere_caution",
      "valuesConstraints": [
        {
          "value": "physique etrangere caution",
          "constraints": [
            
			{
              "elementId": "bloc_personne_physique_etrangere_caution",
              "visibility": true
            }
			
          ]
        }
      ]
    },
	{
      "inputId": "input_nature_personne_morale_tunisienne_caution",
      "valuesConstraints": [
        {
          "value": "morale tunisienne caution",
          "constraints": [
            
			{
              "elementId": "bloc_personne_morale_tunisienne_caution",
              "visibility": true
            }
			
          ]
        }
      ]
    },
	{
      "inputId": "input_nature_personne_morale_etrangere_caution",
      "valuesConstraints": [
        {
          "value": "morale etrangere caution",
          "constraints": [
			{
              "elementId": "bloc_personne_morale_etrangere_caution",
              "visibility": true
            }
          ]
        }
      ]
    },
	
	{
      "inputId": "input_nature_personne_physique_tunisienne_debiteur",
      "valuesConstraints": [
        {
          "value": "physique tunisienne debiteur",
          "constraints": [
            {
              "elementId": "bloc_personne_physique_tunisienne_debiteur",
              "visibility": true
            }
          ]
        }
      ]
    },
	{
      "inputId": "input_nature_personne_physique_etrangere_debiteur",
      "valuesConstraints": [
        {
          "value": "physique etrangere debiteur",
          "constraints": [
            
			{
              "elementId": "bloc_personne_physique_etrangere_debiteur",
              "visibility": true
            }
			
          ]
        }
      ]
    },
	{
      "inputId": "input_nature_personne_morale_tunisienne_debiteur",
      "valuesConstraints": [
        {
          "value": "morale tunisienne debiteur",
          "constraints": [
            
			{
              "elementId": "bloc_personne_morale_tunisienne_debiteur",
              "visibility": true
            }
			
          ]
        }
      ]
    },
	{
      "inputId": "input_nature_personne_morale_etrangere_debiteur",
      "valuesConstraints": [
        {
          "value": "morale etrangere debiteur",
          "constraints": [
			{
              "elementId": "bloc_personne_morale_etrangere_debiteur",
              "visibility": true
            }
          ]
        }
      ]
    },
	{
      "inputId": "input_nature_personne_physique_tunisienne_creancier",
      "valuesConstraints": [
        {
          "value": "physique tunisienne creancier",
          "constraints": [
            {
              "elementId": "bloc_personne_physique_tunisienne_creancier",
              "visibility": true
            }
          ]
        }
      ]
    },
	{
      "inputId": "input_nature_personne_physique_etrangere_creancier",
      "valuesConstraints": [
        {
          "value": "physique etrangere creancier",
          "constraints": [
            
			{
              "elementId": "bloc_personne_physique_etrangere_creancier",
              "visibility": true
            }
			
          ]
        }
      ]
    },
	{
      "inputId": "input_nature_personne_morale_tunisienne_creancier",
      "valuesConstraints": [
        {
          "value": "morale tunisienne creancier",
          "constraints": [
            
			{
              "elementId": "bloc_personne_morale_tunisienne_creancier",
              "visibility": true
            }
			
          ]
        }
      ]
    },
	{
      "inputId": "input_nature_personne_morale_etrangere_creancier",
      "valuesConstraints": [
        {
          "value": "morale etrangere creancier",
          "constraints": [
			{
              "elementId": "bloc_personne_morale_etrangere_creancier",
              "visibility": true
            }
          ]
        }
      ]
    },
	{
      "inputId": "input_autre_date",
      "valuesConstraints": [
        {
          "value": "true",
          "constraints": [
            {
              "elementId": "input_inserez_date",
              "visibility": true
            }
          ]
        },
        {
          "value": "false",
          "constraints": [
            {
              "elementId": "input_inserez_date",
              "visibility": false
            }
          ]
        }
      ]
    },
	{
      "inputId": "input_question_5_oui",
      "valuesConstraints": [
        {
          "value": "true",
          "constraints": [
            {
              "elementId": "input_question_5_oui_duree_renouvelement",
              "visibility": true
            }
          ]
        },
        {
          "value": "false",
          "constraints": [
            {
              "elementId": "input_question_5_oui_duree_renouvelement",
              "visibility": false
            }
          ]
        }
      ]
    },
	{
      "inputId": "input_num_titre_fonicier_6_oui",
      "valuesConstraints": [
        {
          "value": "true",
          "constraints": [
            {
              "elementId": "input_numero_titre_financier_6",
              "visibility": true
            }
          ]
        },
        {
          "value": "false",
          "constraints": [
            {
              "elementId": "input_numero_titre_financier_6",
              "visibility": false
            }
          ]
        }
      ]
    },
	{
      "inputId": "input_une_activite_7",
      "valuesConstraints": [
        {
          "value": "true",
          "constraints": [
            {
              "elementId": "input_precisez_activite_7",
              "visibility": true
            }
          ]
        },
        {
          "value": "false",
          "constraints": [
            {
              "elementId": "input_precisez_activite_7",
              "visibility": false
            }
          ]
        }
      ]
    },
	{
      "inputId": "input_oui_12",
      "valuesConstraints": [
        {
          "value": "true",
          "constraints": [
            {
              "elementId": "input_adresse_notification_12_1",
              "visibility": true
            },
			{
              "elementId": "input_adresse_email_bailleur_12_2",
              "visibility": true
            },
			{
              "elementId": "input_num_tel_bailleur_12_3",
              "visibility": true
            },
			{
              "elementId": "input_adresse_bailleur_12_4",
              "visibility": true
            },
			{
              "elementId": "input_adresse_envoye_preneur_12_5",
              "visibility": true
            },
			{
              "elementId": "input_adresse_email_preneur_12_6",
              "visibility": true
            },
			{
              "elementId": "input_num_tel_preneur_12_7",
              "visibility": true
            },
			{
              "elementId": "input_adresse_preneur_12_8",
              "visibility": true
            }
          ]
        },
        {
          "value": "false",
          "constraints": [
            {
              "elementId": "input_adresse_notification_12_1",
              "visibility": false
            },
			 {
              "elementId": "input_adresse_email_bailleur_12_2",
              "visibility": false
            },
			{
              "elementId": "input_num_tel_bailleur_12_3",
              "visibility": false
            },
			{
              "elementId": "input_adresse_bailleur_12_4",
              "visibility": false
            },
			{
              "elementId": "input_adresse_envoye_preneur_12_5",
              "visibility": false
            },
			{
              "elementId": "input_adresse_email_preneur_12_6",
              "visibility": false
            },
			{
              "elementId": "input_num_tel_preneur_12_7",
              "visibility": false
            },
			{
              "elementId": "input_adresse_preneur_12_8",
              "visibility": false
            }
          ]
        }
      ]
    },
	{
      "inputId": "input_forme_personne_morale_tunisienne_caution",
      "valuesConstraints": [
        {
          "value": "Autre",
          "constraints": [
            {
              "elementId": "input_forme_champ_libre_1",
              "visibility": true
            }
          ]
        },
		{
          "value": "SUARL",
          "constraints": [
            {
              "elementId": "input_forme_champ_libre_1",
              "visibility": false
            }
          ]
        },
		{
          "value": "SARL",
          "constraints": [
            {
              "elementId": "input_forme_champ_libre_1",
              "visibility": false
            }
          ]
        },
		{
          "value": "SA",
          "constraints": [
            {
              "elementId": "input_forme_champ_libre_1",
              "visibility": false
            }
          ]
        }
      ]
    },
	{
      "inputId": "input_forme_personne_morale_etrangere_caution",
      "valuesConstraints": [
        {
          "value": "Autre",
          "constraints": [
            {
              "elementId": "input_forme_champ_libre_2",
              "visibility": true
            }
          ]
        },
        {
          "value": "GMBH",
          "constraints": [
            {
              "elementId": "input_forme_champ_libre_2",
              "visibility": false
            }
          ]
        },
		{
          "value": "LLP",
          "constraints": [
            {
              "elementId": "input_forme_champ_libre_2",
              "visibility": false
            }
          ]
        },
		{
          "value": "SUARL",
          "constraints": [
            {
              "elementId": "input_forme_champ_libre_2",
              "visibility": false
            }
          ]
        },
		{
          "value": "SARL",
          "constraints": [
            {
              "elementId": "input_forme_champ_libre_2",
              "visibility": false
            }
          ]
        },
		{
          "value": "SA",
          "constraints": [
            {
              "elementId": "input_forme_champ_libre_2",
              "visibility": false
            }
          ]
        }
      ]
    },
	{
      "inputId": "input_forme_personne_morale_etrangere_debiteur",
      "valuesConstraints": [
        {
          "value": "Autre",
          "constraints": [
            {
              "elementId": "input_forme_champ_libre_4",
              "visibility": true
            }
          ]
        },
        {
          "value": "GMBH",
          "constraints": [
            {
              "elementId": "input_forme_champ_libre_4",
              "visibility": false
            }
          ]
        },
		{
          "value": "LLP",
          "constraints": [
            {
              "elementId": "input_forme_champ_libre_4",
              "visibility": false
            }
          ]
        },
		{
          "value": "SUARL",
          "constraints": [
            {
              "elementId": "input_forme_champ_libre_4",
              "visibility": false
            }
          ]
        },
		{
          "value": "SARL",
          "constraints": [
            {
              "elementId": "input_forme_champ_libre_4",
              "visibility": false
            }
          ]
        },
		{
          "value": "SA",
          "constraints": [
            {
              "elementId": "input_forme_champ_libre_4",
              "visibility": false
            }
          ]
        }
      ]
	  },
	  {
      "inputId": "input_forme_personne_morale_tunisienne_debiteur",
      "valuesConstraints": [
        {
          "value": "Autre",
          "constraints": [
            {
              "elementId": "input_forme_champ_libre_3",
              "visibility": true
            }
          ]
        },
		{
          "value": "SUARL",
          "constraints": [
            {
              "elementId": "input_forme_champ_libre_3",
              "visibility": false
            }
          ]
        },
		{
          "value": "SARL",
          "constraints": [
            {
              "elementId": "input_forme_champ_libre_3",
              "visibility": false
            }
          ]
        },
		{
          "value": "SA",
          "constraints": [
            {
              "elementId": "input_forme_champ_libre_3",
              "visibility": false
            }
          ]
        }
      ]
    }
	
	
	
	 ]
    }