{
  "workflow": [
  {
      "inputId": "input_nature_personne_physique_tunisienne_caution",
      "valuesConstraints": [
        {
          "value": "physique tunisienne caution",
          "constraints": [
            {
              "elementId": "bloc_personne_physique_tunisienne_caution",
              "visibility": true
            }
          ]
        }
      ]
    },
	{
      "inputId": "input_nature_personne_physique_etrangere_caution",
      "valuesConstraints": [
        {
          "value": "physique etrangere caution",
          "constraints": [
            
			{
              "elementId": "bloc_personne_physique_etrangere_caution",
              "visibility": true
            }
			
          ]
        }
      ]
    },
	{
      "inputId": "input_nature_personne_morale_tunisienne_caution",
      "valuesConstraints": [
        {
          "value": "morale tunisienne caution",
          "constraints": [
            
			{
              "elementId": "bloc_personne_morale_tunisienne_caution",
              "visibility": true
            }
			
          ]
        }
      ]
    },
	{
      "inputId": "input_nature_personne_morale_etrangere_caution",
      "valuesConstraints": [
        {
          "value": "morale etrangere caution",
          "constraints": [
			{
              "elementId": "bloc_personne_morale_etrangere_caution",
              "visibility": true
            }
          ]
        }
      ]
    },
	
	{
      "inputId": "input_nature_personne_physique_tunisienne_debiteur",
      "valuesConstraints": [
        {
          "value": "physique tunisienne debiteur",
          "constraints": [
            {
              "elementId": "bloc_personne_physique_tunisienne_debiteur",
              "visibility": true
            }
          ]
        }
      ]
    },
	{
      "inputId": "input_nature_personne_physique_etrangere_debiteur",
      "valuesConstraints": [
        {
          "value": "physique etrangere debiteur",
          "constraints": [
            
			{
              "elementId": "bloc_personne_physique_etrangere_debiteur",
              "visibility": true
            }
			
          ]
        }
      ]
    },
	{
      "inputId": "input_nature_personne_morale_tunisienne_debiteur",
      "valuesConstraints": [
        {
          "value": "morale tunisienne debiteur",
          "constraints": [
            
			{
              "elementId": "bloc_personne_morale_tunisienne_debiteur",
              "visibility": true
            }
			
          ]
        }
      ]
    },
	{
      "inputId": "input_nature_personne_morale_etrangere_debiteur",
      "valuesConstraints": [
        {
          "value": "morale etrangere debiteur",
          "constraints": [
			{
              "elementId": "bloc_personne_morale_etrangere_debiteur",
              "visibility": true
            }
          ]
        }
      ]
    },
	{
      "inputId": "input_nature_personne_physique_tunisienne_creancier",
      "valuesConstraints": [
        {
          "value": "physique tunisienne creancier",
          "constraints": [
            {
              "elementId": "bloc_personne_physique_tunisienne_creancier",
              "visibility": true
            }
          ]
        }
      ]
    },
	{
      "inputId": "input_nature_personne_physique_etrangere_creancier",
      "valuesConstraints": [
        {
          "value": "physique etrangere creancier",
          "constraints": [
            
			{
              "elementId": "bloc_personne_physique_etrangere_creancier",
              "visibility": true
            }
			
          ]
        }
      ]
    },
	{
      "inputId": "input_nature_personne_morale_tunisienne_creancier",
      "valuesConstraints": [
        {
          "value": "morale tunisienne creancier",
          "constraints": [
            
			{
              "elementId": "bloc_personne_morale_tunisienne_creancier",
              "visibility": true
            }
			
          ]
        }
      ]
    },
	{
      "inputId": "input_nature_personne_morale_etrangere_creancier",
      "valuesConstraints": [
        {
          "value": "morale etrangere creancier",
          "constraints": [
			{
              "elementId": "bloc_personne_morale_etrangere_creancier",
              "visibility": true
            }
          ]
        }
      ]
    },
	{
      "inputId": "input_forme_personne_morale_tunisienne_caution",
      "valuesConstraints": [
        {
          "value": "Autre",
          "constraints": [
            {
              "elementId": "input_libre_1",
              "visibility": true
            }
          ]
        },
		{
          "value": "SUARL",
          "constraints": [
            {
              "elementId": "input_libre_1",
              "visibility": false
            }
          ]
        },
		{
          "value": "SARL",
          "constraints": [
            {
              "elementId": "input_libre_1",
              "visibility": false
            }
          ]
        },
		{
          "value": "SA",
          "constraints": [
            {
              "elementId": "input_libre_1",
              "visibility": false
            }
          ]
        }
      ]
    },
	 {
      "inputId": "input_forme_personne_morale_tunisienne_debiteur",
      "valuesConstraints": [
        {
          "value": "Autre",
          "constraints": [
            {
              "elementId": "input_libre_2",
              "visibility": true
            }
          ]
        },
		{
          "value": "SUARL",
          "constraints": [
            {
              "elementId": "input_libre_2",
              "visibility": false
            }
          ]
        },
		{
          "value": "SARL",
          "constraints": [
            {
              "elementId": "input_libre_2",
              "visibility": false
            }
          ]
        },
		{
          "value": "SA",
          "constraints": [
            {
              "elementId": "input_libre_2",
              "visibility": false
            }
          ]
        }
      ]
    },
	 {
      "inputId": "input_forme_personne_morale_tunisienne_creancier",
      "valuesConstraints": [
        {
          "value": "Autre",
          "constraints": [
            {
              "elementId": "input_libre_3",
              "visibility": true
            }
          ]
        },
		{
          "value": "SUARL",
          "constraints": [
            {
              "elementId": "input_libre_3",
              "visibility": false
            }
          ]
        },
		{
          "value": "SARL",
          "constraints": [
            {
              "elementId": "input_libre_3",
              "visibility": false
            }
          ]
        },
		{
          "value": "SA",
          "constraints": [
            {
              "elementId": "input_libre_3",
              "visibility": false
            }
          ]
        }
      ]
    },
	{
      "inputId": "input_forme_personne_morale_etrangere_caution",
      "valuesConstraints": [
        {
          "value": "Autre",
          "constraints": [
            {
              "elementId": "input_libre_4",
              "visibility": true
            }
          ]
        },
        {
          "value": "GMBH",
          "constraints": [
            {
              "elementId": "input_libre_4",
              "visibility": false
            }
          ]
        },
		{
          "value": "LLP",
          "constraints": [
            {
              "elementId": "input_libre_4",
              "visibility": false
            }
          ]
        },
		{
          "value": "SUARL",
          "constraints": [
            {
              "elementId": "input_libre_4",
              "visibility": false
            }
          ]
        },
		{
          "value": "SARL",
          "constraints": [
            {
              "elementId": "input_libre_4",
              "visibility": false
            }
          ]
        },
		{
          "value": "SA",
          "constraints": [
            {
              "elementId": "input_libre_4",
              "visibility": false
            }
          ]
        }
      ]
	  },
	  {
      "inputId": "input_forme_personne_morale_etrangere_debiteur",
      "valuesConstraints": [
        {
          "value": "Autre",
          "constraints": [
            {
              "elementId": "input_libre_5",
              "visibility": true
            }
          ]
        },
        {
          "value": "GMBH",
          "constraints": [
            {
              "elementId": "input_libre_5",
              "visibility": false
            }
          ]
        },
		{
          "value": "LLP",
          "constraints": [
            {
              "elementId": "input_libre_5",
              "visibility": false
            }
          ]
        },
		{
          "value": "SUARL",
          "constraints": [
            {
              "elementId": "input_libre_5",
              "visibility": false
            }
          ]
        },
		{
          "value": "SARL",
          "constraints": [
            {
              "elementId": "input_libre_5",
              "visibility": false
            }
          ]
        },
		{
          "value": "SA",
          "constraints": [
            {
              "elementId": "input_libre_5",
              "visibility": false
            }
          ]
        }
      ]
	  },
	   {
      "inputId": "input_forme_personne_morale_etrangere_creancier",
      "valuesConstraints": [
        {
          "value": "Autre",
          "constraints": [
            {
              "elementId": "input_libre_6",
              "visibility": true
            }
          ]
        },
        {
          "value": "GMBH",
          "constraints": [
            {
              "elementId": "input_libre_6",
              "visibility": false
            }
          ]
        },
		{
          "value": "LLP",
          "constraints": [
            {
              "elementId": "input_libre_6",
              "visibility": false
            }
          ]
        },
		{
          "value": "SUARL",
          "constraints": [
            {
              "elementId": "input_libre_6",
              "visibility": false
            }
          ]
        },
		{
          "value": "SARL",
          "constraints": [
            {
              "elementId": "input_libre_6",
              "visibility": false
            }
          ]
        },
		{
          "value": "SA",
          "constraints": [
            {
              "elementId": "input_libre_6",
              "visibility": false
            }
          ]
        }
      ]
	  },
	  {
      "inputId": "input_autre_date",
      "valuesConstraints": [
        {
          "value": "true",
          "constraints": [
            {
              "elementId": "input_inserez_date",
              "visibility": true
            }
          ]
        },
        {
          "value": "false",
          "constraints": [
            {
              "elementId": "input_inserez_date",
              "visibility": false
            }
          ]
        }
      ]
    },
	{
      "inputId": "input_question_6_oui",
      "valuesConstraints": [
        {
          "value": "true",
          "constraints": [
            {
              "elementId": "input_question_6_duree_renouvelable",
              "visibility": true
            },
			{
              "elementId": "input_question_6_duree_non_renouvelable",
              "visibility": true
            }
          ]
        },
        {
          "value": "false",
          "constraints": [
            {
              "elementId": "input_question_6_duree_renouvelable",
              "visibility": false
            },
			{
              "elementId": "input_question_6_duree_non_renouvelable",
              "visibility": false
            }
          ]
        }
      ]
    },
	{
      "inputId": "input_question_8_4_0",
      "valuesConstraints": [
        {
          "value": "true",
          "constraints": [
            {
              "elementId": "input_question_8_4_1",
              "visibility": true
            }
          ]
        },
        {
          "value": "false",
          "constraints": [
            {
              "elementId": "input_question_8_4_1",
              "visibility": false
            }
          ]
        }
      ]
    },
	{
      "inputId": "input_question_10",
      "valuesConstraints": [
        {
          "value": "Autre",
          "constraints": [
            {
              "elementId": "bookmark_autre_usage_10",
              "visibility": true
            }
          ]
        },
		{
          "value": "Usage d’habitation",
          "constraints": [
            {
              "elementId": "bookmark_autre_usage_10",
              "visibility": false
            }
          ]
        },

		{
          "value": "Usage de bureau",
          "constraints": [
            {
              "elementId": "bookmark_autre_usage_10",
              "visibility": false
            }
          ]
        }
      ]
    },
	{
      "inputId": "input_question_oui_18",
      "valuesConstraints": [
        {
          "value": "true",
          "constraints": [
            {
              "elementId": "input_question_oui_18_1",
              "visibility": true
            },
			{
              "elementId": "input_question_oui_18_2",
              "visibility": true
            },
			{
              "elementId": "input_question_oui_18_3",
              "visibility": true
            },
			{
              "elementId": "input_question_oui_18_4",
              "visibility": true
            },
			{
              "elementId": "input_question_oui_18_5",
              "visibility": true
            },
			{
              "elementId": "input_question_oui_18_6",
              "visibility": true
            },
			{
              "elementId": "input_question_oui_18_7",
              "visibility": true
            },
			{
              "elementId": "input_question_oui_18_8",
              "visibility": true
            }
          ]
        },
        {
          "value": "false",
          "constraints": [
            {
              "elementId": "input_question_oui_18_1",
              "visibility": false
            },
			{
              "elementId": "input_question_oui_18_2",
              "visibility": false
            },
			{
              "elementId": "input_question_oui_18_3",
              "visibility": false
            },
			{
              "elementId": "input_question_oui_18_4",
              "visibility": false
            },
			{
              "elementId": "input_question_oui_18_5",
              "visibility": false
            },
			{
              "elementId": "input_question_oui_18_6",
              "visibility": false
            },
			{
              "elementId": "input_question_oui_18_7",
              "visibility": false
            },
			{
              "elementId": "input_question_oui_18_8",
              "visibility": false
            }
          ]
        }
      ]
    },
	
	{
      "inputId": "input_bailleur_oui",
      "valuesConstraints": [
        {
          "value": "true",
          "constraints": [
            {
              "elementId": "bloc_nature_peronne_creancier",
              "visibility": true
            }
			
          ]
        },
        {
          "value": "false",
          "constraints": [
            {
              "elementId": "bloc_nature_peronne_creancier",
              "visibility": false
            }
			
			
          ]
        }
      ]
    },
	{
      "inputId": "input_bailleur_oui",
      "valuesConstraints": [
        {
          "value": "true",
          "constraints": [
            {
              "elementId": "step_creancier",
              "visibility": true
            }
			
          ]
        },
        {
          "value": "false",
          "constraints": [
            {
              "elementId": "step_creancier",
              "visibility": false
            }
			
			
          ]
        }
      ]
    }
	
	
	]
	}