{
  "workflow": [
  {
      "inputId": "input_question_10_phy",
      "valuesConstraints": [
        {
          "value": "test1",
          "constraints": [
            
			{
              "elementId": "input_question_9",
              "visibility": true
            }
			
          ]
        }
      ]
    },
	{
      "inputId": "input_question_10_morale",
      "valuesConstraints": [
        {
          "value": "test1",
          "constraints": [
            
			{
              "elementId": "input_question_9_1",
              "visibility": true
            }
			
          ]
        }
      ]
    },
  
  
  
  {
      "inputId": "input_question_8_non",
      "valuesConstraints": [
        {
          "value": "test",
          "constraints": [
            
			{
              "elementId": "input_question_8_nom_prenom",
              "visibility": true
            }
			
          ]
        }
      ]
    },
	 {
      "inputId": "input_question_8_oui",
      "valuesConstraints": [
        {
          "value": "test",
          "constraints": [
            
			{
              "elementId": "input_question_8_nom_prenom",
              "visibility": false
            }
			
          ]
        }
      ]
    },
	
	
	
 {
      "inputId": "input_question_11_oui",
      "valuesConstraints": [
        {
          "value": "true",
          "constraints": [
            {
              "elementId": "input_question_personne_physique",
              "visibility": true
            },
			{
              "elementId": "input_question_personne_morale",
              "visibility": true
            }
          ]
        },
        {
          "value": "false",
          "constraints": [
            {
              "elementId": "input_question_personne_physique",
              "visibility": false
            },
			{
              "elementId": "input_question_personne_morale",
              "visibility": false
            }
          ]
        }
      ]
    },
	
	
	 {
      "inputId": "input_question_personne_physique",
      "valuesConstraints": [
        {
          "value": "true",
          "constraints": [
            {
              "elementId": "input_question_11_personne_physique",
              "visibility": true
            }
          ]
        },
        {
          "value": "false",
          "constraints": [
            {
              "elementId": "input_question_11_personne_physique",
              "visibility": false
            }
          ]
        }
      ]
    },
	{
      "inputId": "input_question_personne_morale",
      "valuesConstraints": [
        {
          "value": "true",
          "constraints": [
            {
              "elementId": "input_personne_morale_denomination_sociale",
              "visibility": true
            },
			{
              "elementId": "input_personne_morale_representé_par",
              "visibility": true
            },
			{
              "elementId": "input_personne_morale_nom_prenom_du_represantant",
              "visibility": true
            }
          ]
        },
        {
          "value": "false",
          "constraints": [
            {
              "elementId": "input_personne_morale_denomination_sociale",
              "visibility": false
            },
			{
              "elementId": "input_personne_morale_representé_par",
              "visibility": false
            },
			{
              "elementId": "input_personne_morale_nom_prenom_du_represantant",
              "visibility": false
            }
          ]
        }
      ]
    },
	{
      "inputId": "input_cacher_12",
      "valuesConstraints": [
        {
          "value": "true",
          "constraints": [
            {
              "elementId": "input_question_12",
              "visibility": true
            }
          ]
        },
        {
          "value": "false",
          "constraints": [
            {
              "elementId": "input_question_12",
              "visibility": false
            }
          ]
        }
      ]
    },
	 
  {
      "inputId": "input_question_12",
      "valuesConstraints": [
        {
          "value": "select_input_generator",
          "constraints": [
           
			 {
              "elementId": "bloc_question_12_1",
              "visibility": true
            }, {
              "elementId": "bloc_question_12_2",
              "visibility": true
            }, {
              "elementId": "bloc_question_12_3",
              "visibility": true
            }, {
              "elementId": "bloc_question_12_4",
              "visibility": true
            }, {
              "elementId": "bloc_question_12_5",
              "visibility": true
            }
          ]
        }
      ]
    },
	 {
      "inputId": "input_question_9",
      "valuesConstraints": [
        {
          "value": "select_input_generator",
          "constraints": [
            
            {
              "elementId": "bloc_question_10_phy_1",
              "visibility": true
            },
            {
              "elementId": "bloc_question_10_phy_2",
              "visibility": true
            },
            {
              "elementId": "bloc_question_10_phy_3",
              "visibility": true
            },
            {
              "elementId": "bloc_question_10_phy_4",
              "visibility": true
            },
			 {
              "elementId": "bloc_question_10_phy_5",
              "visibility": true
            }, {
              "elementId": "bloc_question_10_phy_6",
              "visibility": true
            }, {
              "elementId": "bloc_question_10_phy_7",
              "visibility": true
            }, {
              "elementId": "bloc_question_10_phy_8",
              "visibility": true
            }, {
              "elementId": "bloc_question_10_phy_9",
              "visibility": true
            }, {
              "elementId": "bloc_question_10_phy_10",
              "visibility": true
            }, {
              "elementId": "bloc_question_10_phy_11",
              "visibility": true
            },
			 {
              "elementId": "bloc_question_10_phy_12",
              "visibility": true
            }, {
              "elementId": "bloc_question_10_phy_13",
              "visibility": true
            }, {
              "elementId": "bloc_question_10_phy_14",
              "visibility": true
            },
			 {
              "elementId": "bloc_question_10_phy_15",
              "visibility": true
            }, {
              "elementId": "bloc_question_10_phy_16",
              "visibility": true
            }, {
              "elementId": "bloc_question_10_phy_17",
              "visibility": true
            }, {
              "elementId": "bloc_question_10_phy_18",
              "visibility": true
            },
			 {
              "elementId": "bloc_question_10_phy_19",
              "visibility": true
            },{
              "elementId": "bloc_question_10_phy_20",
              "visibility": true
            },{
              "elementId": "bloc_question_10_phy_21",
              "visibility": true
            },{
              "elementId": "bloc_question_10_phy_22",
              "visibility": true
            },{
              "elementId": "bloc_question_10_phy_23",
              "visibility": true
            },{
              "elementId": "bloc_question_10_phy_24",
              "visibility": true
            },{
              "elementId": "bloc_question_10_phy_25",
              "visibility": true
            },{
              "elementId": "bloc_question_10_phy_26",
              "visibility": true
            },{
              "elementId": "bloc_question_10_phy_27",
              "visibility": true
            },{
              "elementId": "bloc_question_10_phy_28",
              "visibility": true
            },{
              "elementId": "bloc_question_10_phy_29",
              "visibility": true
            },{
              "elementId": "bloc_question_10_phy_30",
              "visibility": true
            },{
              "elementId": "bloc_question_10_phy_31",
              "visibility": true
            },{
              "elementId": "bloc_question_10_phy_32",
              "visibility": true
            },{
              "elementId": "bloc_question_10_phy_33",
              "visibility": true
            },{
              "elementId": "bloc_question_10_phy_34",
              "visibility": true
            },{
              "elementId": "bloc_question_10_phy_35",
              "visibility": true
            },{
              "elementId": "bloc_question_10_phy_36",
              "visibility": true
            },{
              "elementId": "bloc_question_10_phy_37",
              "visibility": true
            },{
              "elementId": "bloc_question_10_phy_38",
              "visibility": true
            },{
              "elementId": "bloc_question_10_phy_39",
              "visibility": true
            },{
              "elementId": "bloc_question_10_phy_40",
              "visibility": true
            },{
              "elementId": "bloc_question_10_phy_41",
              "visibility": true
            },
			{
              "elementId": "bloc_question_10_phy_42",
              "visibility": true
            },{
              "elementId": "bloc_question_10_phy_43",
              "visibility": true
            },{
              "elementId": "bloc_question_10_phy_44",
              "visibility": true
            },{
              "elementId": "bloc_question_10_phy_45",
              "visibility": true
            },{
              "elementId": "bloc_question_10_phy_46",
              "visibility": true
            },{
              "elementId": "bloc_question_10_phy_47",
              "visibility": true
            },{
              "elementId": "bloc_question_10_phy_48",
              "visibility": true
            },
			{
              "elementId": "bloc_question_10_phy_49",
              "visibility": true
            },
			{
              "elementId": "bloc_question_10_phy_50",
              "visibility": true
            }
          ]
        }
      ]
    },
	
	
	
	
	
	
	
	
	
	 {
      "inputId": "input_question_9_1",
      "valuesConstraints": [
        {
          "value": "select_input_generator",
          "constraints": [
            
            {
              "elementId": "bloc_question_10_morale_1",
              "visibility": true
            },
            {
              "elementId": "bloc_question_10_morale_2",
              "visibility": true
            },
            {
              "elementId": "bloc_question_10_morale_3",
              "visibility": true
            },
            {
              "elementId": "bloc_question_10_morale_4",
              "visibility": true
            },
			 {
              "elementId": "bloc_question_10_morale_5",
              "visibility": true
            }, {
              "elementId": "bloc_question_10_morale_6",
              "visibility": true
            }, {
              "elementId": "bloc_question_10_morale_7",
              "visibility": true
            }, {
              "elementId": "bloc_question_10_morale_8",
              "visibility": true
            }, {
              "elementId": "bloc_question_10_morale_9",
              "visibility": true
            }, {
              "elementId": "bloc_question_10_morale_10",
              "visibility": true
            }, {
              "elementId": "bloc_question_10_morale_11",
              "visibility": true
            },
			 {
              "elementId": "bloc_question_10_morale_12",
              "visibility": true
            }, {
              "elementId": "bloc_question_10_morale_13",
              "visibility": true
            }, {
              "elementId": "bloc_question_10_morale_14",
              "visibility": true
            },
			 {
              "elementId": "bloc_question_10_morale_15",
              "visibility": true
            }, {
              "elementId": "bloc_question_10_morale_16",
              "visibility": true
            }, {
              "elementId": "bloc_question_10_morale_17",
              "visibility": true
            }, {
              "elementId": "bloc_question_10_morale_18",
              "visibility": true
            },
			 {
              "elementId": "bloc_question_10_morale_19",
              "visibility": true
            },{
              "elementId": "bloc_question_10_morale_20",
              "visibility": true
            },{
              "elementId": "bloc_question_10_morale_21",
              "visibility": true
            },{
              "elementId": "bloc_question_10_morale_22",
              "visibility": true
            },{
              "elementId": "bloc_question_10_morale_23",
              "visibility": true
            },{
              "elementId": "bloc_question_10_morale_24",
              "visibility": true
            },{
              "elementId": "bloc_question_10_morale_25",
              "visibility": true
            },{
              "elementId": "bloc_question_10_morale_26",
              "visibility": true
            },{
              "elementId": "bloc_question_10_morale_27",
              "visibility": true
            },{
              "elementId": "bloc_question_10_morale_28",
              "visibility": true
            },{
              "elementId": "bloc_question_10_morale_29",
              "visibility": true
            },{
              "elementId": "bloc_question_10_morale_30",
              "visibility": true
            },{
              "elementId": "bloc_question_10_morale_31",
              "visibility": true
            },{
              "elementId": "bloc_question_10_morale_32",
              "visibility": true
            },{
              "elementId": "bloc_question_10_morale_33",
              "visibility": true
            },{
              "elementId": "bloc_question_10_morale_34",
              "visibility": true
            },{
              "elementId": "bloc_question_10_morale_35",
              "visibility": true
            },{
              "elementId": "bloc_question_10_morale_36",
              "visibility": true
            },{
              "elementId": "bloc_question_10_morale_37",
              "visibility": true
            },{
              "elementId": "bloc_question_10_morale_38",
              "visibility": true
            },{
              "elementId": "bloc_question_10_morale_39",
              "visibility": true
            },{
              "elementId": "bloc_question_10_morale_40",
              "visibility": true
            },{
              "elementId": "bloc_question_10_morale_41",
              "visibility": true
            },
			{
              "elementId": "bloc_question_10_morale_42",
              "visibility": true
            },{
              "elementId": "bloc_question_10_morale_43",
              "visibility": true
            },{
              "elementId": "bloc_question_10_morale_44",
              "visibility": true
            },{
              "elementId": "bloc_question_10_morale_45",
              "visibility": true
            },{
              "elementId": "bloc_question_10_morale_46",
              "visibility": true
            },{
              "elementId": "bloc_question_10_morale_47",
              "visibility": true
            },{
              "elementId": "bloc_question_10_morale_48",
              "visibility": true
            },
			{
              "elementId": "bloc_question_10_morale_49",
              "visibility": true
            },
			{
              "elementId": "bloc_question_10_morale_50",
              "visibility": true
            }
          ]
        }
      ]
    },
	
	
	
	
	
	
	
	
	
	
	
	 {
      "inputId": "input_question_20_choix_number_phy",
      "valuesConstraints": [
        {
          "value": "select_input_generator",
          "constraints": [
            
            {
              "elementId": "bloc_question_20_phy_1",
              "visibility": true
            },
            {
              "elementId": "bloc_question_20_phy_2",
              "visibility": true
            },
            {
              "elementId": "bloc_question_20_phy_3",
              "visibility": true
            },
            {
              "elementId": "bloc_question_20_phy_4",
              "visibility": true
            },
			 {
              "elementId": "bloc_question_20_phy_5",
              "visibility": true
            }, {
              "elementId": "bloc_question_20_phy_6",
              "visibility": true
            }, {
              "elementId": "bloc_question_20_phy_7",
              "visibility": true
            }, {
              "elementId": "bloc_question_20_phy_8",
              "visibility": true
            }, {
              "elementId": "bloc_question_20_phy_9",
              "visibility": true
            }, {
              "elementId": "bloc_question_20_phy_10",
              "visibility": true
            }, {
              "elementId": "bloc_question_20_phy_11",
              "visibility": true
            },
			 {
              "elementId": "bloc_question_20_phy_12",
              "visibility": true
            }, {
              "elementId": "bloc_question_20_phy_13",
              "visibility": true
            }, {
              "elementId": "bloc_question_20_phy_14",
              "visibility": true
            },
			 {
              "elementId": "bloc_question_20_phy_15",
              "visibility": true
            }, {
              "elementId": "bloc_question_20_phy_16",
              "visibility": true
            }, {
              "elementId": "bloc_question_20_phy_17",
              "visibility": true
            }, {
              "elementId": "bloc_question_20_phy_18",
              "visibility": true
            },
			 {
              "elementId": "bloc_question_20_phy_19",
              "visibility": true
            },{
              "elementId": "bloc_question_20_phy_20",
              "visibility": true
            },{
              "elementId": "bloc_question_20_phy_21",
              "visibility": true
            },{
              "elementId": "bloc_question_20_phy_22",
              "visibility": true
            },{
              "elementId": "bloc_question_20_phy_23",
              "visibility": true
            },{
              "elementId": "bloc_question_20_phy_24",
              "visibility": true
            },{
              "elementId": "bloc_question_20_phy_25",
              "visibility": true
            },{
              "elementId": "bloc_question_20_phy_26",
              "visibility": true
            },{
              "elementId": "bloc_question_20_phy_27",
              "visibility": true
            },{
              "elementId": "bloc_question_20_phy_28",
              "visibility": true
            },{
              "elementId": "bloc_question_20_phy_29",
              "visibility": true
            },{
              "elementId": "bloc_question_20_phy_30",
              "visibility": true
            },{
              "elementId": "bloc_question_20_phy_31",
              "visibility": true
            },{
              "elementId": "bloc_question_20_phy_32",
              "visibility": true
            },{
              "elementId": "bloc_question_20_phy_33",
              "visibility": true
            },{
              "elementId": "bloc_question_20_phy_34",
              "visibility": true
            },{
              "elementId": "bloc_question_20_phy_35",
              "visibility": true
            },{
              "elementId": "bloc_question_20_phy_36",
              "visibility": true
            },{
              "elementId": "bloc_question_20_phy_37",
              "visibility": true
            },{
              "elementId": "bloc_question_20_phy_38",
              "visibility": true
            },{
              "elementId": "bloc_question_20_phy_39",
              "visibility": true
            },{
              "elementId": "bloc_question_20_phy_40",
              "visibility": true
            },{
              "elementId": "bloc_question_20_phy_41",
              "visibility": true
            },
			{
              "elementId": "bloc_question_20_phy_42",
              "visibility": true
            },{
              "elementId": "bloc_question_20_phy_43",
              "visibility": true
            },{
              "elementId": "bloc_question_20_phy_44",
              "visibility": true
            },{
              "elementId": "bloc_question_20_phy_45",
              "visibility": true
            },{
              "elementId": "bloc_question_20_phy_46",
              "visibility": true
            },{
              "elementId": "bloc_question_20_phy_47",
              "visibility": true
            },{
              "elementId": "bloc_question_20_phy_48",
              "visibility": true
            },
			{
              "elementId": "bloc_question_20_phy_49",
              "visibility": true
            },
			{
              "elementId": "bloc_question_20_phy_50",
              "visibility": true
            }
          ]
        }
      ]
    },
	
	
	
	 {
      "inputId": "input_question_20_choix_number_morale",
      "valuesConstraints": [
        {
          "value": "select_input_generator",
          "constraints": [
            
            {
              "elementId": "bloc_question_20_morale_1",
              "visibility": true
            },
            {
              "elementId": "bloc_question_20_morale_2",
              "visibility": true
            },
			{
              "elementId": "bloc_question_20_morale_3",
              "visibility": true
            },
            {
              "elementId": "bloc_question_20_morale_4",
              "visibility": true
            },
            {
              "elementId": "bloc_question_20_morale_5",
              "visibility": true
            },
			 {
              "elementId": "bloc_question_20_morale_6",
              "visibility": true
            }, {
              "elementId": "bloc_question_20_morale_7",
              "visibility": true
            }, {
              "elementId": "bloc_question_20_morale_8",
              "visibility": true
            }, {
              "elementId": "bloc_question_20_morale_9",
              "visibility": true
            }, {
              "elementId": "bloc_question_20_morale_10",
              "visibility": true
            }, {
              "elementId": "bloc_question_20_morale_11",
              "visibility": true
            }, {
              "elementId": "bloc_question_20_morale_12",
              "visibility": true
            },
			 {
              "elementId": "bloc_question_20_morale_13",
              "visibility": true
            }, {
              "elementId": "bloc_question_20_morale_14",
              "visibility": true
            }, {
              "elementId": "bloc_question_20_morale_15",
              "visibility": true
            },
			 {
              "elementId": "bloc_question_20_morale_16",
              "visibility": true
            }, {
              "elementId": "bloc_question_20_morale_17",
              "visibility": true
            }, {
              "elementId": "bloc_question_20_morale_18",
              "visibility": true
            }, {
              "elementId": "bloc_question_20_morale_19",
              "visibility": true
            },
			 {
              "elementId": "bloc_question_20_morale_20",
              "visibility": true
            },{
              "elementId": "bloc_question_20_morale_21",
              "visibility": true
            },{
              "elementId": "bloc_question_20_morale_22",
              "visibility": true
            },{
              "elementId": "bloc_question_20_morale_23",
              "visibility": true
            },{
              "elementId": "bloc_question_20_morale_24",
              "visibility": true
            },{
              "elementId": "bloc_question_20_morale_25",
              "visibility": true
            },{
              "elementId": "bloc_question_20_morale_26",
              "visibility": true
            },{
              "elementId": "bloc_question_20_morale_27",
              "visibility": true
            },{
              "elementId": "bloc_question_20_morale_28",
              "visibility": true
            },{
              "elementId": "bloc_question_20_morale_29",
              "visibility": true
            },{
              "elementId": "bloc_question_20_morale_30",
              "visibility": true
            },{
              "elementId": "bloc_question_20_morale_31",
              "visibility": true
            },{
              "elementId": "bloc_question_20_morale_32",
              "visibility": true
            },{
              "elementId": "bloc_question_20_morale_33",
              "visibility": true
            },{
              "elementId": "bloc_question_20_morale_34",
              "visibility": true
            },{
              "elementId": "bloc_question_20_morale_35",
              "visibility": true
            },{
              "elementId": "bloc_question_20_morale_36",
              "visibility": true
            },{
              "elementId": "bloc_question_20_morale_37",
              "visibility": true
            },{
              "elementId": "bloc_question_20_morale_38",
              "visibility": true
            },{
              "elementId": "bloc_question_20_morale_39",
              "visibility": true
            },{
              "elementId": "bloc_question_20_morale_40",
              "visibility": true
            },{
              "elementId": "bloc_question_20_morale_41",
              "visibility": true
            },{
              "elementId": "bloc_question_20_morale_42",
              "visibility": true
            },
			{
              "elementId": "bloc_question_20_morale_43",
              "visibility": true
            },{
              "elementId": "bloc_question_20_morale_44",
              "visibility": true
            },{
              "elementId": "bloc_question_20_morale_45",
              "visibility": true
            },{
              "elementId": "bloc_question_20_morale_46",
              "visibility": true
            },{
              "elementId": "bloc_question_20_morale_47",
              "visibility": true
            },{
              "elementId": "bloc_question_20_morale_48",
              "visibility": true
            },{
              "elementId": "bloc_question_20_morale_49",
              "visibility": true
            },
			{
              "elementId": "bloc_question_20_morale_50",
              "visibility": true
            }
          ]
        }
      ]
    },
	
	
	
	
	{
      "inputId": "input_question_20_phy",
      "valuesConstraints": [
        {
          "value": "test2",
          "constraints": [
            
			{
              "elementId": "input_question_20_choix_number_phy",
              "visibility": true
            },
			{
              "elementId": "input_question_24_choix",
              "visibility": true
            }
			
          ]
        }
      ]
    },
	{
      "inputId": "input_question_20_morale",
      "valuesConstraints": [
        {
          "value": "test2",
          "constraints": [
            
			{
              "elementId": "input_question_20_choix_number_morale",
              "visibility": true
            },
			{
              "elementId": "input_question_24_choix_2",
              "visibility": true
            }
			
          ]
        }
      ]
    },
	
	
	
	 {
      "inputId": "input_question_24_choix",
      "valuesConstraints": [
        {
          "value": "select_input_generator",
          "constraints": [
            
            {
              "elementId": "bloc_question_24_1",
              "visibility": true
            },
            {
              "elementId": "bloc_question_24_2",
              "visibility": true
            },
            {
              "elementId": "bloc_question_24_3",
              "visibility": true
            },
            {
              "elementId": "bloc_question_24_4",
              "visibility": true
            },
			 {
              "elementId": "bloc_question_24_5",
              "visibility": true
            }, {
              "elementId": "bloc_question_24_6",
              "visibility": true
            }, {
              "elementId": "bloc_question_24_7",
              "visibility": true
            }, {
              "elementId": "bloc_question_24_8",
              "visibility": true
            }, {
              "elementId": "bloc_question_24_9",
              "visibility": true
            }, {
              "elementId": "bloc_question_24_10",
              "visibility": true
            }, {
              "elementId": "bloc_question_24_11",
              "visibility": true
            },
			 {
              "elementId": "bloc_question_24_12",
              "visibility": true
            }, {
              "elementId": "bloc_question_24_13",
              "visibility": true
            }, {
              "elementId": "bloc_question_24_14",
              "visibility": true
            },
			 {
              "elementId": "bloc_question_24_15",
              "visibility": true
            }, {
              "elementId": "bloc_question_24_16",
              "visibility": true
            }, {
              "elementId": "bloc_question_24_17",
              "visibility": true
            }, {
              "elementId": "bloc_question_24_18",
              "visibility": true
            },
			 {
              "elementId": "bloc_question_24_19",
              "visibility": true
            },{
              "elementId": "bloc_question_24_20",
              "visibility": true
            },{
              "elementId": "bloc_question_24_21",
              "visibility": true
            },{
              "elementId": "bloc_question_24_22",
              "visibility": true
            },{
              "elementId": "bloc_question_24_23",
              "visibility": true
            },{
              "elementId": "bloc_question_24_24",
              "visibility": true
            },{
              "elementId": "bloc_question_24_25",
              "visibility": true
            },{
              "elementId": "bloc_question_24_26",
              "visibility": true
            },{
              "elementId": "bloc_question_24_27",
              "visibility": true
            },{
              "elementId": "bloc_question_24_28",
              "visibility": true
            },{
              "elementId": "bloc_question_24_29",
              "visibility": true
            },{
              "elementId": "bloc_question_24_30",
              "visibility": true
            },{
              "elementId": "bloc_question_24_31",
              "visibility": true
            },{
              "elementId": "bloc_question_24_32",
              "visibility": true
            },{
              "elementId": "bloc_question_24_33",
              "visibility": true
            },{
              "elementId": "bloc_question_24_34",
              "visibility": true
            },{
              "elementId": "bloc_question_24_35",
              "visibility": true
            },{
              "elementId": "bloc_question_24_36",
              "visibility": true
            },{
              "elementId": "bloc_question_24_37",
              "visibility": true
            },{
              "elementId": "bloc_question_24_38",
              "visibility": true
            },{
              "elementId": "bloc_question_24_39",
              "visibility": true
            },{
              "elementId": "bloc_question_24_40",
              "visibility": true
            },{
              "elementId": "bloc_question_24_41",
              "visibility": true
            },
			{
              "elementId": "bloc_question_24_42",
              "visibility": true
            },{
              "elementId": "bloc_question_24_43",
              "visibility": true
            },{
              "elementId": "bloc_question_24_44",
              "visibility": true
            },{
              "elementId": "bloc_question_24_45",
              "visibility": true
            },{
              "elementId": "bloc_question_24_46",
              "visibility": true
            },{
              "elementId": "bloc_question_24_47",
              "visibility": true
            },{
              "elementId": "bloc_question_24_48",
              "visibility": true
            },
			{
              "elementId": "bloc_question_24_49",
              "visibility": true
            },
			{
              "elementId": "bloc_question_24_50",
              "visibility": true
            }
          ]
        }
      ]
    }
	
	
	
	
	
	
	
	
	
	
	
	
	
	
	
	
	
	
	
	
	
	
	
	
	
	
	
	
	
	
	
	
  
  ]}