{
  "workflow": [
  
  
	 {
	
        "inputId": "input_nombre_autres_personnes",
		"valuesConstraints": [
        {
			"value": "select_input_generator",
			"constraints": [
            {
				"elementId": "bloc_autre_personne_1",
				"visibility": true
            },
            {
				"elementId": "bloc_autre_personne_2",
				"visibility": true
            },
            {
				"elementId": "bloc_autre_personne_3",
				"visibility": true
            },
            {
				"elementId": "bloc_autre_personne_4",
				"visibility": true
            },
            {
				"elementId": "bloc_autre_personne_5",
				"visibility": true
            }
          ]
        }
      ]
    },
	
	
	{
			"inputId": "input_reponse_oui",
			"valuesConstraints": [{
			"value": "Tunisien",
			"constraints": [

				{
					"elementId": "input_reponse_oui_num_cin",
					"visibility": false
				}

				]
			}]
	},
	
	
		
	{
			"inputId": "input_reponse_non",
			"valuesConstraints": [{
			"value": "Etranger",
			"constraints": [

				{
					"elementId": "input_reponse_non_num_passeport",
					"visibility": false
				}, 
				{
					"elementId": "input_reponse_non_nationalite",
					"visibility": false
				}

				]
			}]
	},
	{
			"inputId": "input_reponse_remunere_oui",
			"valuesConstraints": [{
			"value": "Oui",
			"constraints": [

				{
					"elementId": "input_reponse_remuneration_brute",
					"visibility": false
				}

				]
			}]
	},
	{
			"inputId": "input_reponse_remunere_non",
			"valuesConstraints": [{
			"value": "Non",
			"constraints": [

				{
					"elementId": "input_reponse_remuneration_brute",
					"visibility": true
				}

				]
			}]
	}
	 
	
  
  
  
  ]}