{
  "workflow":  [
 
 {
			"inputId": "input_gerant_oui",
			"valuesConstraints": [{
			"value": "Oui",
			"constraints": [{
			"elementId": "input_gerant_non_prenom_nom",
			"visibility": true
					}]
				}
				
			]
	},
	{
			"inputId": "input_gerant_non",
			"valuesConstraints": [{
			"value": "Non",
			"constraints": [{
			"elementId": "input_gerant_non_prenom_nom",
			"visibility": false
					}]
				}
				
			]
	},
		
	{
		"inputId": "input_nombre_personne",
		"valuesConstraints": [
        {
			"value": "select_input_generator",
			"constraints": [
            {
              "elementId": "bloc_personne_1",
              "visibility": true
            },
            {
              "elementId": "bloc_personne_2",
              "visibility": true
            },
            {
              "elementId": "bloc_personne_3",
              "visibility": true
            },
            {
              "elementId": "bloc_personne_4",
              "visibility": true
            },
            {
              "elementId": "bloc_personne_5",
              "visibility": true
            },
			{
              "elementId": "bloc_personne_6",
              "visibility": true
            },
			{
              "elementId": "bloc_personne_7",
              "visibility": true
            },
			{
              "elementId": "bloc_personne_8",
              "visibility": true
            },
			{
              "elementId": "bloc_personne_9",
              "visibility": true
            },
			{
              "elementId": "bloc_personne_10",
              "visibility": true
            },
			{
              "elementId": "bloc_personne_11",
              "visibility": true
            },
			{
              "elementId": "bloc_personne_12",
              "visibility": true
            },
			{
              "elementId": "bloc_personne_12",
              "visibility": true
            },
			{
              "elementId": "bloc_personne_13",
              "visibility": true
            },
			{
              "elementId": "bloc_personne_14",
              "visibility": true
            },
			{
              "elementId": "bloc_personne_15",
              "visibility": true
            },
			{
              "elementId": "bloc_personne_16",
              "visibility": true
            },
			{
              "elementId": "bloc_personne_17",
              "visibility": true
            },
			{
              "elementId": "bloc_personne_18",
              "visibility": true
            },
			{
              "elementId": "bloc_personne_19",
              "visibility": true
            },
			{
              "elementId": "bloc_personne_20",
              "visibility": true
            },
			{
              "elementId": "bloc_personne_21",
              "visibility": true
            },
			{
              "elementId": "bloc_personne_22",
              "visibility": true
            },
			{
              "elementId": "bloc_personne_23",
              "visibility": true
            },
			{
              "elementId": "bloc_personne_24",
              "visibility": true
            },
			{
              "elementId": "bloc_personne_25",
              "visibility": true
            },
			{
              "elementId": "bloc_personne_26",
              "visibility": true
            },
			{
              "elementId": "bloc_personne_27",
              "visibility": true
            },
			{
              "elementId": "bloc_personne_28",
              "visibility": true
            },
			{
              "elementId": "bloc_personne_29",
              "visibility": true
            },
			{
              "elementId": "bloc_personne_30",
              "visibility": true
            },
			{
              "elementId": "bloc_personne_31",
              "visibility": true
            },
			{
              "elementId": "bloc_personne_32",
              "visibility": true
            },
			{
              "elementId": "bloc_personne_33",
              "visibility": true
            },
			{
              "elementId": "bloc_personne_34",
              "visibility": true
            },
			{
              "elementId": "bloc_personne_35",
              "visibility": true
            },
			{
              "elementId": "bloc_personne_36",
              "visibility": true
            },
			{
              "elementId": "bloc_personne_37",
              "visibility": true
            },
			{
              "elementId": "bloc_personne_38",
              "visibility": true
            },
			{
              "elementId": "bloc_personne_39",
              "visibility": true
            },
			{
              "elementId": "bloc_personne_40",
              "visibility": true
            },
			{
              "elementId": "bloc_personne_41",
              "visibility": true
            },
			{
              "elementId": "bloc_personne_42",
              "visibility": true
            },
			{
              "elementId": "bloc_personne_43",
              "visibility": true
            },
			{
              "elementId": "bloc_personne_44",
              "visibility": true
            },
			{
              "elementId": "bloc_personne_45",
              "visibility": true
            },
			{
              "elementId": "bloc_personne_46",
              "visibility": true
            },
			{
              "elementId": "bloc_personne_47",
              "visibility": true
            },
			{
              "elementId": "bloc_personne_48",
              "visibility": true
            },
			{
              "elementId": "bloc_personne_49",
              "visibility": true
            },
			{
              "elementId": "bloc_personne_50",
              "visibility": true
            }
          ]
        }
      ]
    },
	
	{
	
        "inputId": "input_nombre_autres_personnes",
		"valuesConstraints": [
        {
			"value": "select_input_generator",
			"constraints": [
            {
				"elementId": "bloc_autre_personne_1",
				"visibility": true
            },
            {
				"elementId": "bloc_autre_personne_2",
				"visibility": true
            },
            {
				"elementId": "bloc_autre_personne_3",
				"visibility": true
            },
            {
				"elementId": "bloc_autre_personne_4",
				"visibility": true
            },
            {
				"elementId": "bloc_autre_personne_5",
				"visibility": true
            }
          ]
        }
      ]
    },
	
	{
	
        "inputId": "input_nombre_autres_personnees",
		"valuesConstraints": [
        {
			"value": "select_input_generator",
			"constraints": [
            {
				"elementId": "bloc_autre_personnee_1",
				"visibility": true
            },
            {
				"elementId": "bloc_autre_personnee_2",
				"visibility": true
            },
            {
				"elementId": "bloc_autre_personnee_3",
				"visibility": true
            },
            {
				"elementId": "bloc_autre_personnee_4",
				"visibility": true
            },
            {
				"elementId": "bloc_autre_personnee_5",
				"visibility": true
            },
			{
				"elementId": "bloc_autre_personnee_6",
				"visibility": true
            },
			{
				"elementId": "bloc_autre_personnee_7",
				"visibility": true
            },
			{
				"elementId": "bloc_autre_personnee_8",
				"visibility": true
            },
			{
				"elementId": "bloc_autre_personnee_9",
				"visibility": true
            },
			{
				"elementId": "bloc_autre_personnee_10",
				"visibility": true
            },
			{
				"elementId": "bloc_autre_personnee_11",
				"visibility": true
            },{
				"elementId": "bloc_autre_personnee_12",
				"visibility": true
            },
			{
				"elementId": "bloc_autre_personnee_13",
				"visibility": true
            },{
				"elementId": "bloc_autre_personnee_14",
				"visibility": true
            },
			{
				"elementId": "bloc_autre_personnee_15",
				"visibility": true
            },
			{
				"elementId": "bloc_autre_personnee_16",
				"visibility": true
            },
			{
				"elementId": "bloc_autre_personnee_17",
				"visibility": true
            },{
				"elementId": "bloc_autre_personnee_18",
				"visibility": true
            },
			{
				"elementId": "bloc_autre_personnee_19",
				"visibility": true
            },{
				"elementId": "bloc_autre_personnee_20",
				"visibility": true
            },
			{
				"elementId": "bloc_autre_personnee_21",
				"visibility": true
            },
			{
				"elementId": "bloc_autre_personnee_22",
				"visibility": true
            },
			{
				"elementId": "bloc_autre_personnee_23",
				"visibility": true
            },
			{
				"elementId": "bloc_autre_personnee_24",
				"visibility": true
            },

{
				"elementId": "bloc_autre_personnee_25",
				"visibility": true
            },
			{
				"elementId": "bloc_autre_personnee_26",
				"visibility": true
            },
			{
				"elementId": "bloc_autre_personnee_27",
				"visibility": true
            },
			{
				"elementId": "bloc_autre_personnee_28",
				"visibility": true
            },{
				"elementId": "bloc_autre_personnee_29",
				"visibility": true
            },
			{
				"elementId": "bloc_autre_personnee_30",
				"visibility": true
            },
			{
				"elementId": "bloc_autre_personnee_31",
				"visibility": true
            },
			{
				"elementId": "bloc_autre_personnee_32",
				"visibility": true
            },
			{
				"elementId": "bloc_autre_personnee_33",
				"visibility": true
            },
			{
				"elementId": "bloc_autre_personnee_34",
				"visibility": true
            },
			{
				"elementId": "bloc_autre_personnee_35",
				"visibility": true
            },
			{
				"elementId": "bloc_autre_personnee_36",
				"visibility": true
            },
			{
				"elementId": "bloc_autre_personnee_37",
				"visibility": true
            },
			{
				"elementId": "bloc_autre_personnee_38",
				"visibility": true
            },
			{
				"elementId": "bloc_autre_personnee_39",
				"visibility": true
            },
			{
				"elementId": "bloc_autre_personnee_40",
				"visibility": true
            },
			{
				"elementId": "bloc_autre_personnee_41",
				"visibility": true
            },
			{
				"elementId": "bloc_autre_personnee_42",
				"visibility": true
            },
			{
				"elementId": "bloc_autre_personnee_43",
				"visibility": true
            },
			{
				"elementId": "bloc_autre_personnee_44",
				"visibility": true
            },
			{
				"elementId": "bloc_autre_personnee_45",
				"visibility": true
            },
			{
				"elementId": "bloc_autre_personnee_46",
				"visibility": true
            },
			{
				"elementId": "bloc_autre_personnee_47",
				"visibility": true
            },
			{
				"elementId": "bloc_autre_personnee_48",
				"visibility": true
            },
			{
				"elementId": "bloc_autre_personnee_49",
				"visibility": true
            },
			{
				"elementId": "bloc_autre_personnee_50",
				"visibility": true
            }
			
			
          ]
        }
      ]
    },
	
	{
	
        "inputId": "input_nombre_autres_personneees",
		"valuesConstraints": [
        {
			"value": "select_input_generator",
			"constraints": [
            {
				"elementId": "bloc_autre_personneee_1",
				"visibility": true
            },
            {
				"elementId": "bloc_autre_personneee_2",
				"visibility": true
            },
            {
				"elementId": "bloc_autre_personneee_3",
				"visibility": true
            },
            {
				"elementId": "bloc_autre_personneee_4",
				"visibility": true
            },
            {
				"elementId": "bloc_autre_personneee_5",
				"visibility": true
            },
			{
				"elementId": "bloc_autre_personneee_6",
				"visibility": true
            },
			{
				"elementId": "bloc_autre_personneee_7",
				"visibility": true
            },
			{
				"elementId": "bloc_autre_personneee_8",
				"visibility": true
            },
			{
				"elementId": "bloc_autre_personneee_9",
				"visibility": true
            },
			{
				"elementId": "bloc_autre_personneee_10",
				"visibility": true
            },
			{
				"elementId": "bloc_autre_personneee_11",
				"visibility": true
            },{
				"elementId": "bloc_autre_personneee_12",
				"visibility": true
            },
			{
				"elementId": "bloc_autre_personneee_13",
				"visibility": true
            },{
				"elementId": "bloc_autre_personneee_14",
				"visibility": true
            },
			{
				"elementId": "bloc_autre_personneee_15",
				"visibility": true
            },
			{
				"elementId": "bloc_autre_personneee_16",
				"visibility": true
            },
			{
				"elementId": "bloc_autre_personneee_17",
				"visibility": true
            },{
				"elementId": "bloc_autre_personneee_18",
				"visibility": true
            },
			{
				"elementId": "bloc_autre_personneee_19",
				"visibility": true
            },{
				"elementId": "bloc_autre_personneee_20",
				"visibility": true
            },
			{
				"elementId": "bloc_autre_personneee_21",
				"visibility": true
            },
			{
				"elementId": "bloc_autre_personneee_22",
				"visibility": true
            },
			{
				"elementId": "bloc_autre_personneee_23",
				"visibility": true
            },
			{
				"elementId": "bloc_autre_personneee_24",
				"visibility": true
            },

{
				"elementId": "bloc_autre_personneee_25",
				"visibility": true
            },
			{
				"elementId": "bloc_autre_personneee_26",
				"visibility": true
            },
			{
				"elementId": "bloc_autre_personneee_27",
				"visibility": true
            },
			{
				"elementId": "bloc_autre_personneee_28",
				"visibility": true
            },{
				"elementId": "bloc_autre_personneee_29",
				"visibility": true
            },
			{
				"elementId": "bloc_autre_personneee_30",
				"visibility": true
            },
			{
				"elementId": "bloc_autre_personneee_31",
				"visibility": true
            },
			{
				"elementId": "bloc_autre_personneee_32",
				"visibility": true
            },
			{
				"elementId": "bloc_autre_personneee_33",
				"visibility": true
            },
			{
				"elementId": "bloc_autre_personneee_34",
				"visibility": true
            },
			{
				"elementId": "bloc_autre_personneee_35",
				"visibility": true
            },
			{
				"elementId": "bloc_autre_personneee_36",
				"visibility": true
            },
			{
				"elementId": "bloc_autre_personneee_37",
				"visibility": true
            },
			{
				"elementId": "bloc_autre_personneee_38",
				"visibility": true
            },
			{
				"elementId": "bloc_autre_personneee_39",
				"visibility": true
            },
			{
				"elementId": "bloc_autre_personneee_40",
				"visibility": true
            },
			{
				"elementId": "bloc_autre_personneee_41",
				"visibility": true
            },
			{
				"elementId": "bloc_autre_personneee_42",
				"visibility": true
            },
			{
				"elementId": "bloc_autre_personneee_43",
				"visibility": true
            },
			{
				"elementId": "bloc_autre_personneee_44",
				"visibility": true
            },
			{
				"elementId": "bloc_autre_personneee_45",
				"visibility": true
            },
			{
				"elementId": "bloc_autre_personneee_46",
				"visibility": true
            },
			{
				"elementId": "bloc_autre_personneee_47",
				"visibility": true
            },
			{
				"elementId": "bloc_autre_personneee_48",
				"visibility": true
            },
			{
				"elementId": "bloc_autre_personneee_49",
				"visibility": true
            },
			{
				"elementId": "bloc_autre_personneee_50",
				"visibility": true
            }
			
		
			
          ]
        }
      ]
    },
	
	{
	
        "inputId": "input_nombre_autres_personneeees",
		"valuesConstraints": [
        {
			"value": "select_input_generator",
			"constraints": [
            {
				"elementId": "bloc_autre_personneeee_1",
				"visibility": true
            },
            {
				"elementId": "bloc_autre_personneeee_2",
				"visibility": true
            },
            {
				"elementId": "bloc_autre_personneeee_3",
				"visibility": true
            },
            {
				"elementId": "bloc_autre_personneeee_4",
				"visibility": true
            },
            {
				"elementId": "bloc_autre_personneeee_5",
				"visibility": true
            },
			{
				"elementId": "bloc_autre_personneeee_6",
				"visibility": true
            },
			{
				"elementId": "bloc_autre_personneeee_7",
				"visibility": true
            },
			{
				"elementId": "bloc_autre_personneeee_8",
				"visibility": true
            },
			{
				"elementId": "bloc_autre_personneeee_9",
				"visibility": true
            },
			{
				"elementId": "bloc_autre_personneeee_10",
				"visibility": true
            },
			{
				"elementId": "bloc_autre_personneeee_11",
				"visibility": true
            },{
				"elementId": "bloc_autre_personneeee_12",
				"visibility": true
            },
			{
				"elementId": "bloc_autre_personneeee_13",
				"visibility": true
            },{
				"elementId": "bloc_autre_personneeee_14",
				"visibility": true
            },
			{
				"elementId": "bloc_autre_personneeee_15",
				"visibility": true
            },
			{
				"elementId": "bloc_autre_personneeee_16",
				"visibility": true
            },
			{
				"elementId": "bloc_autre_personneeee_17",
				"visibility": true
            },{
				"elementId": "bloc_autre_personneeee_18",
				"visibility": true
            },
			{
				"elementId": "bloc_autre_personneeee_19",
				"visibility": true
            },{
				"elementId": "bloc_autre_personneeee_20",
				"visibility": true
            },
			{
				"elementId": "bloc_autre_personneeee_21",
				"visibility": true
            },
			{
				"elementId": "bloc_autre_personneeee_22",
				"visibility": true
            },
			{
				"elementId": "bloc_autre_personneeee_23",
				"visibility": true
            },
			{
				"elementId": "bloc_autre_personneeee_24",
				"visibility": true
            },

{
				"elementId": "bloc_autre_personneeee_25",
				"visibility": true
            },
			{
				"elementId": "bloc_autre_personneeee_26",
				"visibility": true
            },
			{
				"elementId": "bloc_autre_personneeee_27",
				"visibility": true
            },
			{
				"elementId": "bloc_autre_personneeee_28",
				"visibility": true
            },{
				"elementId": "bloc_autre_personneeee_29",
				"visibility": true
            },
			{
				"elementId": "bloc_autre_personneeee_30",
				"visibility": true
            },
			{
				"elementId": "bloc_autre_personneeee_31",
				"visibility": true
            },
			{
				"elementId": "bloc_autre_personneeee_32",
				"visibility": true
            },
			{
				"elementId": "bloc_autre_personneeee_33",
				"visibility": true
            },
			{
				"elementId": "bloc_autre_personneeee_34",
				"visibility": true
            },
			{
				"elementId": "bloc_autre_personneeee_35",
				"visibility": true
            },
			{
				"elementId": "bloc_autre_personneeee_36",
				"visibility": true
            },
			{
				"elementId": "bloc_autre_personneeee_37",
				"visibility": true
            },
			{
				"elementId": "bloc_autre_personneeee_38",
				"visibility": true
            },
			{
				"elementId": "bloc_autre_personneeee_39",
				"visibility": true
            },
			{
				"elementId": "bloc_autre_personneeee_40",
				"visibility": true
            },
			{
				"elementId": "bloc_autre_personneeee_41",
				"visibility": true
            },
			{
				"elementId": "bloc_autre_personneeee_42",
				"visibility": true
            },
			{
				"elementId": "bloc_autre_personneeee_43",
				"visibility": true
            },
			{
				"elementId": "bloc_autre_personneeee_44",
				"visibility": true
            },
			{
				"elementId": "bloc_autre_personneeee_45",
				"visibility": true
            },
			{
				"elementId": "bloc_autre_personneeee_46",
				"visibility": true
            },
			{
				"elementId": "bloc_autre_personneeee_47",
				"visibility": true
            },
			{
				"elementId": "bloc_autre_personneeee_48",
				"visibility": true
            },
			{
				"elementId": "bloc_autre_personneeee_49",
				"visibility": true
            },
			{
				"elementId": "bloc_autre_personneeee_50",
				"visibility": true
            }
			
		
			
          ]
        }
      ]
    }
	  
	
	
	]
	
}
	
		
		
		
		
		
		
		
		
		
		
		
 