{
	"workflow": [
	
	
			{
			"inputId": "input_gerant_oui",
			"valuesConstraints": [{
			"value": "Oui",
			"constraints": [{
			"elementId": "input_gerant_non_prenom_nom",
			"visibility": true
					}]
				}
				
			]
	},
	{
			"inputId": "input_gerant_non",
			"valuesConstraints": [{
			"value": "Non",
			"constraints": [{
			"elementId": "input_gerant_non_prenom_nom",
			"visibility": false
					}]
				}
				
			]
	},
		{
		"inputId": "input_nombre_personne",
		"valuesConstraints": [
        {
			"value": "select_input_generator",
			"constraints": [
            {
              "elementId": "bloc_personne_1",
              "visibility": true
            },
            {
              "elementId": "bloc_personne_2",
              "visibility": true
            },
            {
              "elementId": "bloc_personne_3",
              "visibility": true
            },
            {
              "elementId": "bloc_personne_4",
              "visibility": true
            },
            {
              "elementId": "bloc_personne_5",
              "visibility": true
            },
			{
              "elementId": "bloc_personne_6",
              "visibility": true
            },
			{
              "elementId": "bloc_personne_7",
              "visibility": true
            },
			{
              "elementId": "bloc_personne_8",
              "visibility": true
            },
			{
              "elementId": "bloc_personne_9",
              "visibility": true
            },
			{
              "elementId": "bloc_personne_10",
              "visibility": true
            },
			{
              "elementId": "bloc_personne_11",
              "visibility": true
            },
			{
              "elementId": "bloc_personne_12",
              "visibility": true
            },
			{
              "elementId": "bloc_personne_12",
              "visibility": true
            },
			{
              "elementId": "bloc_personne_13",
              "visibility": true
            },
			{
              "elementId": "bloc_personne_14",
              "visibility": true
            },
			{
              "elementId": "bloc_personne_15",
              "visibility": true
            },
			{
              "elementId": "bloc_personne_16",
              "visibility": true
            },
			{
              "elementId": "bloc_personne_17",
              "visibility": true
            },
			{
              "elementId": "bloc_personne_18",
              "visibility": true
            },
			{
              "elementId": "bloc_personne_19",
              "visibility": true
            },
			{
              "elementId": "bloc_personne_20",
              "visibility": true
            },
			{
              "elementId": "bloc_personne_21",
              "visibility": true
            },
			{
              "elementId": "bloc_personne_22",
              "visibility": true
            },
			{
              "elementId": "bloc_personne_23",
              "visibility": true
            },
			{
              "elementId": "bloc_personne_24",
              "visibility": true
            },
			{
              "elementId": "bloc_personne_25",
              "visibility": true
            },
			{
              "elementId": "bloc_personne_26",
              "visibility": true
            },
			{
              "elementId": "bloc_personne_27",
              "visibility": true
            },
			{
              "elementId": "bloc_personne_28",
              "visibility": true
            },
			{
              "elementId": "bloc_personne_29",
              "visibility": true
            },
			{
              "elementId": "bloc_personne_30",
              "visibility": true
            },
			{
              "elementId": "bloc_personne_31",
              "visibility": true
            },
			{
              "elementId": "bloc_personne_32",
              "visibility": true
            },
			{
              "elementId": "bloc_personne_33",
              "visibility": true
            },
			{
              "elementId": "bloc_personne_34",
              "visibility": true
            },
			{
              "elementId": "bloc_personne_35",
              "visibility": true
            },
			{
              "elementId": "bloc_personne_36",
              "visibility": true
            },
			{
              "elementId": "bloc_personne_37",
              "visibility": true
            },
			{
              "elementId": "bloc_personne_38",
              "visibility": true
            },
			{
              "elementId": "bloc_personne_39",
              "visibility": true
            },
			{
              "elementId": "bloc_personne_40",
              "visibility": true
            },
			{
              "elementId": "bloc_personne_41",
              "visibility": true
            },
			{
              "elementId": "bloc_personne_42",
              "visibility": true
            },
			{
              "elementId": "bloc_personne_43",
              "visibility": true
            },
			{
              "elementId": "bloc_personne_44",
              "visibility": true
            },
			{
              "elementId": "bloc_personne_45",
              "visibility": true
            },
			{
              "elementId": "bloc_personne_46",
              "visibility": true
            },
			{
              "elementId": "bloc_personne_47",
              "visibility": true
            },
			{
              "elementId": "bloc_personne_48",
              "visibility": true
            },
			{
              "elementId": "bloc_personne_49",
              "visibility": true
            },
			{
              "elementId": "bloc_personne_50",
              "visibility": true
            }
          ]
        }
      ]
    },
	
	{
	
        "inputId": "input_nombre_autres_personnes",
		"valuesConstraints": [
        {
			"value": "select_input_generator",
			"constraints": [
            {
				"elementId": "bloc_autre_personne_1",
				"visibility": true
            },
            {
				"elementId": "bloc_autre_personne_2",
				"visibility": true
            },
            {
				"elementId": "bloc_autre_personne_3",
				"visibility": true
            },
            {
				"elementId": "bloc_autre_personne_4",
				"visibility": true
            },
            {
				"elementId": "bloc_autre_personne_5",
				"visibility": true
            }
          ]
        }
      ]
    }
		
	]
}