{
  "workflow":  [
 {
      "inputId":"input_gerant_non",
      "valuesConstraints": [
        {
          "value":"true",
          "constraints": [
            {
              "elementId": "input_gerant_non_prenom_nom",
              "visibility":true
            }
          ]
        },
		{
          "value":"false",
          "constraints": [
            {
              "elementId": "input_gerant_non_prenom_nom",
              "visibility":false
            }
          ]
        }
	]
	},
	
	{
      "inputId": "input_nbre",
	  
      "valuesConstraints": [
        {
          "value": "select_input_generator",
          "constraints": [
		  
            {
              "elementId": "bloc_ass_1",
              "visibility": true
            },
			
            {
              "elementId": "bloc_ass_2",
              "visibility": true
            },
			
            {
              "elementId": "bloc_ass_3",
              "visibility": true
            },
            {
              "elementId": "bloc_ass_4",
              "visibility": true
            },
            {
              "elementId": "bloc_ass_5",
              "visibility": true
            },
			 {
              "elementId": "bloc_ass_6",
              "visibility": true
            }, {
              "elementId": "bloc_ass_7",
              "visibility": true
            }, {
              "elementId": "bloc_ass_8",
              "visibility": true
            }, {
              "elementId": "bloc_ass_9",
              "visibility": true
            }, {
              "elementId": "bloc_ass_10",
              "visibility": true
            }, {
              "elementId": "bloc_ass_11",
              "visibility": true
            }, {
              "elementId": "bloc_ass_12",
              "visibility": true
            },
			 {
              "elementId": "bloc_ass_13",
              "visibility": true
            }, {
              "elementId": "bloc_ass_14",
              "visibility": true
            }, {
              "elementId": "bloc_ass_15",
              "visibility": true
            },
			 {
              "elementId": "bloc_ass_16",
              "visibility": true
            }, {
              "elementId": "bloc_ass_17",
              "visibility": true
            }, {
              "elementId": "bloc_ass_18",
              "visibility": true
            }, {
              "elementId": "bloc_ass_19",
              "visibility": true
            },
			 {
              "elementId": "bloc_ass_20",
              "visibility": true
            },{
              "elementId": "bloc_ass_21",
              "visibility": true
            },{
              "elementId": "bloc_ass_22",
              "visibility": true
            },{
              "elementId": "bloc_ass_23",
              "visibility": true
            },{
              "elementId": "bloc_ass_24",
              "visibility": true
            },{
              "elementId": "bloc_ass_25",
              "visibility": true
            },{
              "elementId": "bloc_ass_26",
              "visibility": true
            },{
              "elementId": "bloc_ass_27",
              "visibility": true
            },{
              "elementId": "bloc_ass_28",
              "visibility": true
            },{
              "elementId": "bloc_ass_29",
              "visibility": true
            },{
              "elementId": "bloc_ass_30",
              "visibility": true
            },{
              "elementId": "bloc_ass_31",
              "visibility": true
            },{
              "elementId": "bloc_ass_32",
              "visibility": true
            },{
              "elementId": "bloc_ass_33",
              "visibility": true
            },{
              "elementId": "bloc_ass_34",
              "visibility": true
            },{
              "elementId": "bloc_ass_35",
              "visibility": true
            },{
              "elementId": "bloc_ass_36",
              "visibility": true
            },{
              "elementId": "bloc_ass_37",
              "visibility": true
            },{
              "elementId": "bloc_ass_38",
              "visibility": true
            },{
              "elementId": "bloc_ass_39",
              "visibility": true
            },{
              "elementId": "bloc_ass_40",
              "visibility": true
            },{
              "elementId": "bloc_ass_41",
              "visibility": true
            },{
              "elementId": "bloc_ass_42",
              "visibility": true
            },
			{
              "elementId": "bloc_ass_43",
              "visibility": true
            },{
              "elementId": "bloc_ass_44",
              "visibility": true
            },{
              "elementId": "bloc_ass_45",
              "visibility": true
            },{
              "elementId": "bloc_ass_46",
              "visibility": true
            },{
              "elementId": "bloc_ass_47",
              "visibility": true
            },{
              "elementId": "bloc_ass_48",
              "visibility": true
            },{
              "elementId": "bloc_ass_49",
              "visibility": true
            },
			{
              "elementId": "bloc_ass_50",
              "visibility": true
            }
          ]
        }
      ]
    },
	
	
	  {
      "inputId": "input_question_10_phy",
      "valuesConstraints": [
        {
          "value": "true",
          "constraints": [
            
			{
              "elementId": "input_question_9_1",
              "visibility": true
            }
			
			
          ]
        }
      ]
    },
	  {
      "inputId": "input_question_10_phy",
      "valuesConstraints": [
        {
          "value": "false",
          "constraints": [
            
			{
              "elementId": "input_question_9_1",
              "visibility": false
            }
			
			
          ]
        }
      ]
    },
	
	{
      "inputId": "input_question_9_1", 
      "valuesConstraints": [
        {
          "value": "select_input_generator",
          "constraints": [
            
            {
              "elementId": "bloc_question_10_phy_1",
              "visibility": true
            },
            {
              "elementId": "bloc_question_10_phy_2",
              "visibility": true
            },
            {
              "elementId": "bloc_question_10_phy_3",
              "visibility": true
            },
            {
              "elementId": "bloc_question_10_phy_4",
              "visibility": true
            },
			 {
              "elementId": "bloc_question_10_phy_5",
              "visibility": true
            }, {
              "elementId": "bloc_question_10_phy_6",
              "visibility": true
            }, {
              "elementId": "bloc_question_10_phy_7",
              "visibility": true
            }, {
              "elementId": "bloc_question_10_phy_8",
              "visibility": true
            }, {
              "elementId": "bloc_question_10_phy_9",
              "visibility": true
            }, {
              "elementId": "bloc_question_10_phy_10",
              "visibility": true
            }, {
              "elementId": "bloc_question_10_phy_11",
              "visibility": true
            },
			 {
              "elementId": "bloc_question_10_phy_12",
              "visibility": true
            }, {
              "elementId": "bloc_question_10_phy_13",
              "visibility": true
            }, {
              "elementId": "bloc_question_10_phy_14",
              "visibility": true
            },
			 {
              "elementId": "bloc_question_10_phy_15",
              "visibility": true
            }, {
              "elementId": "bloc_question_10_phy_16",
              "visibility": true
            }, {
              "elementId": "bloc_question_10_phy_17",
              "visibility": true
            }, {
              "elementId": "bloc_question_10_phy_18",
              "visibility": true
            },
			 {
              "elementId": "bloc_question_10_phy_19",
              "visibility": true
            },{
              "elementId": "bloc_question_10_phy_20",
              "visibility": true
            },{
              "elementId": "bloc_question_10_phy_21",
              "visibility": true
            },{
              "elementId": "bloc_question_10_phy_22",
              "visibility": true
            },{
              "elementId": "bloc_question_10_phy_23",
              "visibility": true
            },{
              "elementId": "bloc_question_10_phy_24",
              "visibility": true
            },{
              "elementId": "bloc_question_10_phy_25",
              "visibility": true
            },{
              "elementId": "bloc_question_10_phy_26",
              "visibility": true
            },{
              "elementId": "bloc_question_10_phy_27",
              "visibility": true
            },{
              "elementId": "bloc_question_10_phy_28",
              "visibility": true
            },{
              "elementId": "bloc_question_10_phy_29",
              "visibility": true
            },{
              "elementId": "bloc_question_10_phy_30",
              "visibility": true
            },{
              "elementId": "bloc_question_10_phy_31",
              "visibility": true
            },{
              "elementId": "bloc_question_10_phy_32",
              "visibility": true
            },{
              "elementId": "bloc_question_10_phy_33",
              "visibility": true
            },{
              "elementId": "bloc_question_10_phy_34",
              "visibility": true
            },{
              "elementId": "bloc_question_10_phy_35",
              "visibility": true
            },{
              "elementId": "bloc_question_10_phy_36",
              "visibility": true
            },{
              "elementId": "bloc_question_10_phy_37",
              "visibility": true
            },{
              "elementId": "bloc_question_10_phy_38",
              "visibility": true
            },{
              "elementId": "bloc_question_10_phy_39",
              "visibility": true
            },{
              "elementId": "bloc_question_10_phy_40",
              "visibility": true
            },{
              "elementId": "bloc_question_10_phy_41",
              "visibility": true
            },
			{
              "elementId": "bloc_question_10_phy_42",
              "visibility": true
            },{
              "elementId": "bloc_question_10_phy_43",
              "visibility": true
            },{
              "elementId": "bloc_question_10_phy_44",
              "visibility": true
            },{
              "elementId": "bloc_question_10_phy_45",
              "visibility": true
            },{
              "elementId": "bloc_question_10_phy_46",
              "visibility": true
            },{
              "elementId": "bloc_question_10_phy_47",
              "visibility": true
            },{
              "elementId": "bloc_question_10_phy_48",
              "visibility": true
            },
			{
              "elementId": "bloc_question_10_phy_49",
              "visibility": true
            },
			{
              "elementId": "bloc_question_10_phy_50",
              "visibility": true
            }
          ]
        }
      ]
    },
	{
      "inputId": "input_question_10_morale",
      "valuesConstraints": [
        {
          "value": "true",
          "constraints": [
            
			{
              "elementId": "input_question_9_2",
              "visibility": true
            }
			
          ]
        }
      ]
    },
	{
      "inputId": "input_question_10_morale",
      "valuesConstraints": [
        {
          "value": "false",
          "constraints": [
            
			{
              "elementId": "input_question_9_2",
              "visibility": false
            }
			
          ]
        }
      ]
    },
	{
      "inputId": "input_question_9_2",
      "valuesConstraints": [
        {
          "value": "select_input_generator",
          "constraints": [
            
            {
              "elementId": "bloc_question_10_mor_1",
              "visibility": true
            },
            {
              "elementId": "bloc_question_10_mor_2",
              "visibility": true
            },
            {
              "elementId": "bloc_question_10_mor_3",
              "visibility": true
            },
            {
              "elementId": "bloc_question_10_mor_4",
              "visibility": true
            },
			 {
              "elementId": "bloc_question_10_mor_5",
              "visibility": true
            }, {
              "elementId": "bloc_question_10_mor_6",
              "visibility": true
            }, {
              "elementId": "bloc_question_10_mor_7",
              "visibility": true
            }, {
              "elementId": "bloc_question_10_mor_8",
              "visibility": true
            }, {
              "elementId": "bloc_question_10_mor_9",
              "visibility": true
            }, {
              "elementId": "bloc_question_10_mor_10",
              "visibility": true
            }, {
              "elementId": "bloc_question_10_mor_11",
              "visibility": true
            },
			 {
              "elementId": "bloc_question_10_mor_12",
              "visibility": true
            }, {
              "elementId": "bloc_question_10_mor_13",
              "visibility": true
            }, {
              "elementId": "bloc_question_10_mor_14",
              "visibility": true
            },
			 {
              "elementId": "bloc_question_10_mor_15",
              "visibility": true
            }, {
              "elementId": "bloc_question_10_mor_16",
              "visibility": true
            }, {
              "elementId": "bloc_question_10_mor_17",
              "visibility": true
            }, {
              "elementId": "bloc_question_10_mor_18",
              "visibility": true
            },
			 {
              "elementId": "bloc_question_10_mor_19",
              "visibility": true
            },{
              "elementId": "bloc_question_10_mor_20",
              "visibility": true
            },{
              "elementId": "bloc_question_10_mor_21",
              "visibility": true
            },{
              "elementId": "bloc_question_10_mor_22",
              "visibility": true
            },{
              "elementId": "bloc_question_10_mor_23",
              "visibility": true
            },{
              "elementId": "bloc_question_10_mor_24",
              "visibility": true
            },{
              "elementId": "bloc_question_10_mor_25",
              "visibility": true
            },{
              "elementId": "bloc_question_10_mor_26",
              "visibility": true
            },{
              "elementId": "bloc_question_10_mor_27",
              "visibility": true
            },{
              "elementId": "bloc_question_10_mor_28",
              "visibility": true
            },{
              "elementId": "bloc_question_10_mor_29",
              "visibility": true
            },{
              "elementId": "bloc_question_10_mor_30",
              "visibility": true
            },{
              "elementId": "bloc_question_10_mor_31",
              "visibility": true
            },{
              "elementId": "bloc_question_10_mor_32",
              "visibility": true
            },{
              "elementId": "bloc_question_10_mor_33",
              "visibility": true
            },{
              "elementId": "bloc_question_10_mor_34",
              "visibility": true
            },{
              "elementId": "bloc_question_10_mor_35",
              "visibility": true
            },{
              "elementId": "bloc_question_10_mor_36",
              "visibility": true
            },{
              "elementId": "bloc_question_10_mor_37",
              "visibility": true
            },{
              "elementId": "bloc_question_10_mor_38",
              "visibility": true
            },{
              "elementId": "bloc_question_10_mor_39",
              "visibility": true
            },{
              "elementId": "bloc_question_10_mor_40",
              "visibility": true
            },{
              "elementId": "bloc_question_10_mor_41",
              "visibility": true
            },
			{
              "elementId": "bloc_question_10_mor_42",
              "visibility": true
            },{
              "elementId": "bloc_question_10_mor_43",
              "visibility": true
            },{
              "elementId": "bloc_question_10_mor_44",
              "visibility": true
            },{
              "elementId": "bloc_question_10_mor_45",
              "visibility": true
            },{
              "elementId": "bloc_question_10_mor_46",
              "visibility": true
            },{
              "elementId": "bloc_question_10_mor_47",
              "visibility": true
            },{
              "elementId": "bloc_question_10_mor_48",
              "visibility": true
            },
			{
              "elementId": "bloc_question_10_mor_49",
              "visibility": true
            },
			{
              "elementId": "bloc_question_10_mor_50",
              "visibility": true
            }
          ]
        }
      ]
    },
	
    {
      "inputId":"input_choix",
      "valuesConstraints": [
        {
          "value":"select_input_generator",
          "constraints": [
           
			 {
              "elementId":"bloc_question_11_1",
              "visibility": true
            }, {
              "elementId":"bloc_question_11_2",
              "visibility":true
            }, {
              "elementId":"bloc_question_11_3",
              "visibility":true
            }, {
              "elementId":"bloc_question_11_4",
              "visibility":true
            }, {
              "elementId":"bloc_question_11_5",
              "visibility":true
            }
          ]
        }
      ]
    },
	
	 {
      "inputId": "input_question_20_phy",
      "valuesConstraints": [
        {
          "value": "true",
          "constraints": [
            
			{
              "elementId": "input_associe",
              "visibility": true
            }
			
          ]
        }
      ]
    },
	
	 {
      "inputId": "input_question_20_phy",
      "valuesConstraints": [
        {
          "value": "false",
          "constraints": [
            
			{
              "elementId": "input_associe",
              "visibility": false
            }
          ]
        }
      ]
    },
	
	
	{
      "inputId": "input_associe",
      "valuesConstraints": [
        {
          "value": "select_input_generator",
          "constraints": [
            
            {
              "elementId": "bloc_question_20_phy_1",
              "visibility": true
            },
            {
              "elementId": "bloc_question_20_phy_2",
              "visibility": true
            },
            {
              "elementId": "bloc_question_20_phy_3",
              "visibility": true
            },
            {
              "elementId": "bloc_question_20_phy_4",
              "visibility": true
            },
			 {
              "elementId": "bloc_question_20_phy_5",
              "visibility": true
            }, {
              "elementId": "bloc_question_20_phy_6",
              "visibility": true
            }, {
              "elementId": "bloc_question_20_phy_7",
              "visibility": true
            }, {
              "elementId": "bloc_question_20_phy_8",
              "visibility": true
            }, {
              "elementId": "bloc_question_20_phy_9",
              "visibility": true
            }, 
			 {
              "elementId": "bloc_question_20_phy_10",
              "visibility": true
            }, {
              "elementId": "bloc_question_20_phy_11",
              "visibility": true
            }, {
              "elementId": "bloc_question_20_phy_12",
              "visibility": true
            },
			 {
              "elementId": "bloc_question_20_phy_13",
              "visibility": true
            }, {
              "elementId": "bloc_question_20_phy_14",
              "visibility": true
            }, {
              "elementId": "bloc_question_20_phy_15",
              "visibility": true
            }, {
              "elementId": "bloc_question_20_phy_16",
              "visibility": true
            },
			 {
              "elementId": "bloc_question_20_phy_17",
              "visibility": true
            },{
              "elementId": "bloc_question_20_phy_18",
              "visibility": true
            },{
              "elementId": "bloc_question_20_phy_19",
              "visibility": true
            },
			{
              "elementId": "bloc_question_20_phy_20",
              "visibility": true
            },{
              "elementId": "bloc_question_20_phy_21",
              "visibility": true
            },{
              "elementId": "bloc_question_20_phy_22",
              "visibility": true
            },{
              "elementId": "bloc_question_20_phy_23",
              "visibility": true
            },{
              "elementId": "bloc_question_20_phy_24",
              "visibility": true
            },{
              "elementId": "bloc_question_20_phy_25",
              "visibility": true
            },{
              "elementId": "bloc_question_20_phy_26",
              "visibility": true
            },{
              "elementId": "bloc_question_20_phy_27",
              "visibility": true
            },{
              "elementId": "bloc_question_20_phy_28",
              "visibility": true
            },{
              "elementId": "bloc_question_20_phy_29",
              "visibility": true
            },{
              "elementId": "bloc_question_20_phy_30",
              "visibility": true
            },{
              "elementId": "bloc_question_20_phy_31",
              "visibility": true
            },{
              "elementId": "bloc_question_20_phy_32",
              "visibility": true
            },{
              "elementId": "bloc_question_20_phy_33",
              "visibility": true
            }, 
			{
              "elementId": "bloc_question_20_phy_34",
              "visibility": true
            },{
              "elementId": "bloc_question_20_phy_35",
              "visibility": true
            },{
              "elementId": "bloc_question_20_phy_36",
              "visibility": true
            },{
              "elementId": "bloc_question_20_phy_37",
              "visibility": true
            },{
              "elementId": "bloc_question_20_phy_38",
              "visibility": true
            },{
              "elementId": "bloc_question_20_phy_39",
              "visibility": true
            },{
              "elementId": "bloc_question_20_phy_40",
              "visibility": true
            },{
              "elementId": "bloc_question_20_phy_41",
              "visibility": true
            },
			{
              "elementId": "bloc_question_20_phy_42",
              "visibility": true
            },{
              "elementId": "bloc_question_20_phy_43",
              "visibility": true
            },{
              "elementId": "bloc_question_20_phy_44",
              "visibility": true
            },{
              "elementId": "bloc_question_20_phy_45",
              "visibility": true
            },{
              "elementId": "bloc_question_20_phy_46",
              "visibility": true
            },{
              "elementId": "bloc_question_20_phy_47",
              "visibility": true
            },{
              "elementId": "bloc_question_20_phy_48",
              "visibility": true
            },
			{
              "elementId": "bloc_question_20_phy_49",
              "visibility": true
            },
			{
              "elementId": "bloc_question_20_phy_50",
              "visibility": true
            }
          ]
        }
      ]
    },
	{
      "inputId": "input_question_23_morale",
      "valuesConstraints": [
        {
          "value": "true",
          "constraints": [
            
			{
              "elementId":  "input_question_23_choix_number_morale",
              "visibility": true
            }
			
          ]
        }
      ]
    },
	
		{
      "inputId": "input_question_23_morale",
      "valuesConstraints": [
        {
          "value": "false",
          "constraints": [
            
			{
              "elementId":  "input_question_23_choix_number_morale",
              "visibility": false
            }
			
          ]
        }
      ]
    },
	
	{
      "inputId": "input_question_23_choix_number_morale",
      "valuesConstraints": [
        {
          "value": "select_input_generator",
          "constraints": [
            
            {
              "elementId": "bloc_question_23_morale_1",
              "visibility": true
            },
            {
              "elementId": "bloc_question_23_morale_2",
              "visibility": true
            },
            {
              "elementId": "bloc_question_23_morale_3",
              "visibility": true
            },
            {
              "elementId": "bloc_question_23_morale_4",
              "visibility": true
            },
			 {
              "elementId": "bloc_question_23_morale_5",
              "visibility": true
            }, {
              "elementId": "bloc_question_23_morale_6",
              "visibility": true
            }, {
              "elementId": "bloc_question_23_morale_7",
              "visibility": true
            }, {
              "elementId": "bloc_question_23_morale_8",
              "visibility": true
            }, {
              "elementId": "bloc_question_23_morale_9",
              "visibility": true
            }, {
              "elementId": "bloc_question_23_morale_10",
              "visibility": true
            }, {
              "elementId": "bloc_question_23_morale_11",
              "visibility": true
            },
			 {
              "elementId": "bloc_question_23_morale_12",
              "visibility": true
            }, {
              "elementId": "bloc_question_23_morale_13",
              "visibility": true
            }, {
              "elementId": "bloc_question_23_morale_14",
              "visibility": true
            },
			 {
              "elementId": "bloc_question_23_morale_15",
              "visibility": true
            }, {
              "elementId": "bloc_question_23_morale_16",
              "visibility": true
            }, {
              "elementId": "bloc_question_23_morale_17",
              "visibility": true
            }, {
              "elementId": "bloc_question_23_morale_18",
              "visibility": true
            },
			 {
              "elementId": "bloc_question_23_morale_19",
              "visibility": true
            },{
              "elementId": "bloc_question_23_morale_20",
              "visibility": true
            },{
              "elementId": "bloc_question_23_morale_21",
              "visibility": true
            },{
              "elementId": "bloc_question_23_morale_22",
              "visibility": true
            },{
              "elementId": "bloc_question_23_morale_23",
              "visibility": true
            },{
              "elementId": "bloc_question_23_morale_24",
              "visibility": true
            },{
              "elementId": "bloc_question_23_morale_25",
              "visibility": true
            },{
              "elementId": "bloc_question_23_morale_26",
              "visibility": true
            },{
              "elementId": "bloc_question_23_morale_27",
              "visibility": true
            },{
              "elementId": "bloc_question_23_morale_28",
              "visibility": true
            },{
              "elementId": "bloc_question_23_morale_29",
              "visibility": true
            },{
              "elementId": "bloc_question_23_morale_30",
              "visibility": true
            },{
              "elementId": "bloc_question_23_morale_31",
              "visibility": true
            },{
              "elementId": "bloc_question_23_morale_32",
              "visibility": true
            },{
              "elementId": "bloc_question_23_morale_33",
              "visibility": true
            },{
              "elementId": "bloc_question_23_morale_34",
              "visibility": true
            },{
              "elementId": "bloc_question_23_morale_35",
              "visibility": true
            },{
              "elementId": "bloc_question_23_morale_36",
              "visibility": true
            },{
              "elementId": "bloc_question_23_morale_37",
              "visibility": true
            },{
              "elementId": "bloc_question_23_morale_38",
              "visibility": true
            },{
              "elementId": "bloc_question_23_morale_39",
              "visibility": true
            },{
              "elementId": "bloc_question_23_morale_40",
              "visibility": true
            },{
              "elementId": "bloc_question_23_morale_41",
              "visibility": true
            },
			{
              "elementId": "bloc_question_23_morale_42",
              "visibility": true
            },{
              "elementId": "bloc_question_23_morale_43",
              "visibility": true
            },{
              "elementId": "bloc_question_23_morale_44",
              "visibility": true
            },{
              "elementId": "bloc_question_23_morale_45",
              "visibility": true
            },{
              "elementId": "bloc_question_23_morale_46",
              "visibility": true
            },{
              "elementId": "bloc_question_23_morale_47",
              "visibility": true
            },{
              "elementId": "bloc_question_23_morale_48",
              "visibility": true
            },
			{
              "elementId": "bloc_question_23_morale_49",
              "visibility": true
            },
			{
              "elementId": "bloc_question_23_morale_50",
              "visibility": true
            }
          ]
        }
      ]
    },
	
	
	
	
	
	
	{
      "inputId": "input_quest_21",
      "valuesConstraints": [
        {
          "value": "select_input_generator",
          "constraints": [
            
            {
              "elementId": "bloc_q_1",
              "visibility": true
            },
            {
              "elementId": "bloc_q_2",
              "visibility": true
            },
            {
              "elementId": "bloc_q_3",
              "visibility": true
            },
            {
              "elementId": "bloc_q_4",
              "visibility": true
            },
			 {
              "elementId": "bloc_q_5",
              "visibility": true
            }, {
              "elementId": "bloc_q_6",
              "visibility": true
            }, {
              "elementId": "bloc_q_7",
              "visibility": true
            }, {
              "elementId": "bloc_q_8",
              "visibility": true
            }, {
              "elementId": "bloc_q_9",
              "visibility": true
            }, {
              "elementId": "bloc_q_10",
              "visibility": true
            }, {
              "elementId": "bloc_q_11",
              "visibility": true
            },
			 {
              "elementId": "bloc_q_12",
              "visibility": true
            }, {
              "elementId": "bloc_q_13",
              "visibility": true
            }, {
              "elementId": "bloc_q_14",
              "visibility": true
            },
			 {
              "elementId": "bloc_q_15",
              "visibility": true
            }, {
              "elementId": "bloc_q_16",
              "visibility": true
            }, {
              "elementId": "bloc_q_17",
              "visibility": true
            }, {
              "elementId": "bloc_q_18",
              "visibility": true
            },
			 {
              "elementId": "bloc_q_19",
              "visibility": true
            },{
              "elementId": "bloc_q_20",
              "visibility": true
            },{
              "elementId": "bloc_q_21",
              "visibility": true
            },{
              "elementId": "bloc_q_22",
              "visibility": true
            },{
              "elementId": "bloc_q_23",
              "visibility": true
            },{
              "elementId": "bloc_q_24",
              "visibility": true
            },{
              "elementId": "bloc_q_25",
              "visibility": true
            },{
              "elementId": "bloc_q_26",
              "visibility": true
            },{
              "elementId": "bloc_q_27",
              "visibility": true
            },{
              "elementId": "bloc_q_28",
              "visibility": true
            },{
              "elementId": "bloc_q_29",
              "visibility": true
            },{
              "elementId": "bloc_q_30",
              "visibility": true
            },{
              "elementId": "bloc_q_31",
              "visibility": true
            },{
              "elementId": "bloc_q_32",
              "visibility": true
            },{
              "elementId": "bloc_q_33",
              "visibility": true
            },{
              "elementId": "bloc_q_34",
              "visibility": true
            },{
              "elementId": "bloc_q_35",
              "visibility": true
            },{
              "elementId": "bloc_q_36",
              "visibility": true
            },{
              "elementId": "bloc_q_37",
              "visibility": true
            },{
              "elementId": "bloc_q_38",
              "visibility": true
            },{
              "elementId": "bloc_q_39",
              "visibility": true
            },{
              "elementId": "bloc_q_40",
              "visibility": true
            },{
              "elementId": "bloc_q_41",
              "visibility": true
            },
			{
              "elementId": "bloc_q_42",
              "visibility": true
            },{
              "elementId": "bloc_q_43",
              "visibility": true
            },{
              "elementId": "bloc_q_44",
              "visibility": true
            },{
              "elementId": "bloc_q_45",
              "visibility": true
            },{
              "elementId": "bloc_q_46",
              "visibility": true
            },{
              "elementId": "bloc_q_47",
              "visibility": true
            },{
              "elementId": "bloc_q_48",
              "visibility": true
            },
			{
              "elementId": "bloc_q_49",
              "visibility": true
            },
			{
              "elementId": "bloc_q_50",
              "visibility": true
            }
          ]
        }
      ]
    },

	{
      "inputId": "input_quest_25",
      "valuesConstraints": [
        {
          "value": "select_input_generator",
          "constraints": [
            
            {
              "elementId": "bloc_25_1",
              "visibility": true
            },
            {
              "elementId": "bloc_25_2",
              "visibility": true
            },
            {
              "elementId": "bloc_25_3",
              "visibility": true
            },
            {
              "elementId": "bloc_25_4",
              "visibility": true
            },
			 {
              "elementId": "bloc_25_5",
              "visibility": true
            }, {
              "elementId": "bloc_25_6",
              "visibility": true
            }, {
              "elementId": "bloc_25_7",
              "visibility": true
            }, {
              "elementId": "bloc_25_8",
              "visibility": true
            }, {
              "elementId": "bloc_25_9",
              "visibility": true
            }, {
              "elementId": "bloc_25_10",
              "visibility": true
            }, {
              "elementId": "bloc_25_11",
              "visibility": true
            },
			 {
              "elementId": "bloc_25_12",
              "visibility": true
            }, {
              "elementId": "bloc_25_13",
              "visibility": true
            }, {
              "elementId": "bloc_25_14",
              "visibility": true
            },
			 {
              "elementId": "bloc_25_15",
              "visibility": true
            }, {
              "elementId": "bloc_25_16",
              "visibility": true
            }, {
              "elementId": "bloc_25_17",
              "visibility": true
            }, {
              "elementId": "bloc_25_18",
              "visibility": true
            },
			 {
              "elementId": "bloc_25_19",
              "visibility": true
            },{
              "elementId": "bloc_25_20",
              "visibility": true
            },{
              "elementId": "bloc_25_21",
              "visibility": true
            },{
              "elementId": "bloc_25_22",
              "visibility": true
            },{
              "elementId": "bloc_25_23",
              "visibility": true
            },{
              "elementId": "bloc_25_24",
              "visibility": true
            },{
              "elementId": "bloc_25_25",
              "visibility": true
            },{
              "elementId": "bloc_25_26",
              "visibility": true
            },{
              "elementId": "bloc_25_27",
              "visibility": true
            },{
              "elementId": "bloc_25_28",
              "visibility": true
            },{
              "elementId": "bloc_25_29",
              "visibility": true
            },{
              "elementId": "bloc_25_30",
              "visibility": true
            },{
              "elementId": "bloc_25_31",
              "visibility": true
            },{
              "elementId": "bloc_25_32",
              "visibility": true
            },{
              "elementId": "bloc_25_33",
              "visibility": true
            },{
              "elementId": "bloc_25_34",
              "visibility": true
            },{
              "elementId": "bloc_25_35",
              "visibility": true
            },{
              "elementId": "bloc_25_36",
              "visibility": true
            },{
              "elementId": "bloc_25_37",
              "visibility": true
            },{
              "elementId": "bloc_25_38",
              "visibility": true
            },{
              "elementId": "bloc_25_39",
              "visibility": true
            },{
              "elementId": "bloc_25_40",
              "visibility": true
            },{
              "elementId": "bloc_25_41",
              "visibility": true
            },
			{
              "elementId": "bloc_25_42",
              "visibility": true
            },{
              "elementId": "bloc_25_43",
              "visibility": true
            },{
              "elementId": "bloc_25_44",
              "visibility": true
            },{
              "elementId": "bloc_25_45",
              "visibility": true
            },{
              "elementId": "bloc_25_46",
              "visibility": true
            },{
              "elementId": "bloc_25_47",
              "visibility": true
            },{
              "elementId": "bloc_25_48",
              "visibility": true
            },
			{
              "elementId": "bloc_25_49",
              "visibility": true
            },
			{
              "elementId": "bloc_25_50",
              "visibility": true
            }
          ]
        }
      ]
    }
	
	]}
		
		
		
		
		
		
		
		
		
		
		
 