{
  "workflow":  [
 
 {
			"inputId": "input_gerant_oui",
			"valuesConstraints": [{
			"value": "Oui",
			"constraints": [{
			"elementId": "input_gerant_non_prenom_nom",
			"visibility": true
					}]
				}
				
			]
	},
	{
			"inputId": "input_gerant_non",
			"valuesConstraints": [{
			"value": "Non",
			"constraints": [{
			"elementId": "input_gerant_non_prenom_nom",
			"visibility": false
					}]
				}
				
			]
	},
	  
	  {
		"inputId": "input_nombre_personne",
		"valuesConstraints": [
        {
			"value": "select_input_generator",
			"constraints": [
            {
              "elementId": "bloc_personne_1",
              "visibility": true
            },
            {
              "elementId": "bloc_personne_2",
              "visibility": true
            },
            {
              "elementId": "bloc_personne_3",
              "visibility": true
            },
            {
              "elementId": "bloc_personne_4",
              "visibility": true
            },
            {
              "elementId": "bloc_personne_5",
              "visibility": true
            },
			{
              "elementId": "bloc_personne_6",
              "visibility": true
            },
			{
              "elementId": "bloc_personne_7",
              "visibility": true
            },
			{
              "elementId": "bloc_personne_8",
              "visibility": true
            },
			{
              "elementId": "bloc_personne_9",
              "visibility": true
            },
			{
              "elementId": "bloc_personne_10",
              "visibility": true
            },
			{
              "elementId": "bloc_personne_11",
              "visibility": true
            },
			{
              "elementId": "bloc_personne_12",
              "visibility": true
            },
			{
              "elementId": "bloc_personne_12",
              "visibility": true
            },
			{
              "elementId": "bloc_personne_13",
              "visibility": true
            },
			{
              "elementId": "bloc_personne_14",
              "visibility": true
            },
			{
              "elementId": "bloc_personne_15",
              "visibility": true
            },
			{
              "elementId": "bloc_personne_16",
              "visibility": true
            },
			{
              "elementId": "bloc_personne_17",
              "visibility": true
            },
			{
              "elementId": "bloc_personne_18",
              "visibility": true
            },
			{
              "elementId": "bloc_personne_19",
              "visibility": true
            },
			{
              "elementId": "bloc_personne_20",
              "visibility": true
            },
			{
              "elementId": "bloc_personne_21",
              "visibility": true
            },
			{
              "elementId": "bloc_personne_22",
              "visibility": true
            },
			{
              "elementId": "bloc_personne_23",
              "visibility": true
            },
			{
              "elementId": "bloc_personne_24",
              "visibility": true
            },
			{
              "elementId": "bloc_personne_25",
              "visibility": true
            },
			{
              "elementId": "bloc_personne_26",
              "visibility": true
            },
			{
              "elementId": "bloc_personne_27",
              "visibility": true
            },
			{
              "elementId": "bloc_personne_28",
              "visibility": true
            },
			{
              "elementId": "bloc_personne_29",
              "visibility": true
            },
			{
              "elementId": "bloc_personne_30",
              "visibility": true
            },
			{
              "elementId": "bloc_personne_31",
              "visibility": true
            },
			{
              "elementId": "bloc_personne_32",
              "visibility": true
            },
			{
              "elementId": "bloc_personne_33",
              "visibility": true
            },
			{
              "elementId": "bloc_personne_34",
              "visibility": true
            },
			{
              "elementId": "bloc_personne_35",
              "visibility": true
            },
			{
              "elementId": "bloc_personne_36",
              "visibility": true
            },
			{
              "elementId": "bloc_personne_37",
              "visibility": true
            },
			{
              "elementId": "bloc_personne_38",
              "visibility": true
            },
			{
              "elementId": "bloc_personne_39",
              "visibility": true
            },
			{
              "elementId": "bloc_personne_40",
              "visibility": true
            },
			{
              "elementId": "bloc_personne_41",
              "visibility": true
            },
			{
              "elementId": "bloc_personne_42",
              "visibility": true
            },
			{
              "elementId": "bloc_personne_43",
              "visibility": true
            },
			{
              "elementId": "bloc_personne_44",
              "visibility": true
            },
			{
              "elementId": "bloc_personne_45",
              "visibility": true
            },
			{
              "elementId": "bloc_personne_46",
              "visibility": true
            },
			{
              "elementId": "bloc_personne_47",
              "visibility": true
            },
			{
              "elementId": "bloc_personne_48",
              "visibility": true
            },
			{
              "elementId": "bloc_personne_49",
              "visibility": true
            },
			{
              "elementId": "bloc_personne_50",
              "visibility": true
            }
          ]
        }
      ]
    },
		
		{
	
        "inputId": "input_nombre_autres_personnes",
		"valuesConstraints": [
        {
			"value": "select_input_generator",
			"constraints": [
            {
				"elementId": "bloc_autre_personne_1",
				"visibility": true
            },
            {
				"elementId": "bloc_autre_personne_2",
				"visibility": true
            },
            {
				"elementId": "bloc_autre_personne_3",
				"visibility": true
            },
            {
				"elementId": "bloc_autre_personne_4",
				"visibility": true
            },
            {
				"elementId": "bloc_autre_personne_5",
				"visibility": true
            }
          ]
        }
      ]
    },
	
	
	{
	
        "inputId": "input_nombre_autrees_personnes",
		"valuesConstraints": [
        {
			"value": "select_input_generator",
			"constraints": [
            {
				"elementId": "bloc_autree_personne_1",
				"visibility": true
            },
            {
				"elementId": "bloc_autree_personne_2",
				"visibility": true
            },
            {
				"elementId": "bloc_autree_personne_3",
				"visibility": true
            },
            {
				"elementId": "bloc_autree_personne_4",
				"visibility": true
            },
            {
				"elementId": "bloc_autree_personne_5",
				"visibility": true
            },
			 {
				"elementId": "bloc_autree_personne_6",
				"visibility": true
            },
            {
				"elementId": "bloc_autree_personne_7",
				"visibility": true
            },
            {
				"elementId": "bloc_autree_personne_8",
				"visibility": true
            },
            {
				"elementId": "bloc_autree_personne_9",
				"visibility": true
            },
            {
				"elementId": "bloc_autree_personne_10",
				"visibility": true
            },
			 {
				"elementId": "bloc_autree_personne_11",
				"visibility": true
            },
            {
				"elementId": "bloc_autree_personne_12",
				"visibility": true
            },
            {
				"elementId": "bloc_autree_personne_13",
				"visibility": true
            },
            {
				"elementId": "bloc_autree_personne_14",
				"visibility": true
            },
            {
				"elementId": "bloc_autree_personne_15",
				"visibility": true
            },
			 {
				"elementId": "bloc_autree_personne_16",
				"visibility": true
            },
            {
				"elementId": "bloc_autree_personne_17",
				"visibility": true
            },
            {
				"elementId": "bloc_autree_personne_18",
				"visibility": true
            },
            {
				"elementId": "bloc_autree_personne_19",
				"visibility": true
            },
            {
				"elementId": "bloc_autree_personne_20",
				"visibility": true
            },
			 {
				"elementId": "bloc_autree_personne_21",
				"visibility": true
            },
            {
				"elementId": "bloc_autree_personne_22",
				"visibility": true
            },
            {
				"elementId": "bloc_autree_personne_23",
				"visibility": true
            },
            {
				"elementId": "bloc_autree_personne_24",
				"visibility": true
            },
            {
				"elementId": "bloc_autree_personne_25",
				"visibility": true
            },
			 {
				"elementId": "bloc_autree_personne_26",
				"visibility": true
            },
            {
				"elementId": "bloc_autree_personne_27",
				"visibility": true
            },
            {
				"elementId": "bloc_autree_personne_28",
				"visibility": true
            },
            {
				"elementId": "bloc_autree_personne_29",
				"visibility": true
            },
            {
				"elementId": "bloc_autree_personne_30",
				"visibility": true
            },
			 {
				"elementId": "bloc_autree_personne_31",
				"visibility": true
            },
            {
				"elementId": "bloc_autree_personne_32",
				"visibility": true
            },
            {
				"elementId": "bloc_autree_personne_33",
				"visibility": true
            },
            {
				"elementId": "bloc_autree_personne_34",
				"visibility": true
            },
            {
				"elementId": "bloc_autree_personne_35",
				"visibility": true
            },
			 {
				"elementId": "bloc_autree_personne_36",
				"visibility": true
            },
            {
				"elementId": "bloc_autree_personne_37",
				"visibility": true
            },
            {
				"elementId": "bloc_autree_personne_38",
				"visibility": true
            },
            {
				"elementId": "bloc_autree_personne_39",
				"visibility": true
            },
            {
				"elementId": "bloc_autree_personne_40",
				"visibility": true
            },
			 {
				"elementId": "bloc_autree_personne_41",
				"visibility": true
            },
            {
				"elementId": "bloc_autree_personne_42",
				"visibility": true
            },
            {
				"elementId": "bloc_autree_personne_43",
				"visibility": true
            },
            {
				"elementId": "bloc_autree_personne_44",
				"visibility": true
            },
            {
				"elementId": "bloc_autree_personne_45",
				"visibility": true
            },
			 {
				"elementId": "bloc_autree_personne_46",
				"visibility": true
            },
            {
				"elementId": "bloc_autree_personne_47",
				"visibility": true
            },
            {
				"elementId": "bloc_autree_personne_48",
				"visibility": true
            },
            {
				"elementId": "bloc_autree_personne_49",
				"visibility": true
            },
            {
				"elementId": "bloc_autree_personne_50",
				"visibility": true
            }
          ]
        }
      ]
    },
	
	
	{
	
        "inputId": "input_nombre_autreees_personnes",
		"valuesConstraints": [
        {
			"value": "select_input_generator",
			"constraints": [
            {
				"elementId": "bloc_autreee_personne_1",
				"visibility": true
            },
            {
				"elementId": "bloc_autreee_personne_2",
				"visibility": true
            },
            {
				"elementId": "bloc_autreee_personne_3",
				"visibility": true
            },
            {
				"elementId": "bloc_autreee_personne_4",
				"visibility": true
            },
            {
				"elementId": "bloc_autreee_personne_5",
				"visibility": true
            },
			 {
				"elementId": "bloc_autreee_personne_6",
				"visibility": true
            },
            {
				"elementId": "bloc_autreee_personne_7",
				"visibility": true
            },
            {
				"elementId": "bloc_autreee_personne_8",
				"visibility": true
            },
            {
				"elementId": "bloc_autreee_personne_9",
				"visibility": true
            },
            {
				"elementId": "bloc_autreee_personne_10",
				"visibility": true
            },
			 {
				"elementId": "bloc_autreee_personne_11",
				"visibility": true
            },
            {
				"elementId": "bloc_autreee_personne_12",
				"visibility": true
            },
            {
				"elementId": "bloc_autreee_personne_13",
				"visibility": true
            },
            {
				"elementId": "bloc_autreee_personne_14",
				"visibility": true
            },
            {
				"elementId": "bloc_autreee_personne_15",
				"visibility": true
            },
			 {
				"elementId": "bloc_autreee_personne_16",
				"visibility": true
            },
            {
				"elementId": "bloc_autreee_personne_17",
				"visibility": true
            },
            {
				"elementId": "bloc_autreee_personne_18",
				"visibility": true
            },
            {
				"elementId": "bloc_autreee_personne_19",
				"visibility": true
            },
            {
				"elementId": "bloc_autreee_personne_20",
				"visibility": true
            },
			 {
				"elementId": "bloc_autreee_personne_21",
				"visibility": true
            },
            {
				"elementId": "bloc_autreee_personne_22",
				"visibility": true
            },
            {
				"elementId": "bloc_autreee_personne_23",
				"visibility": true
            },
            {
				"elementId": "bloc_autreee_personne_24",
				"visibility": true
            },
            {
				"elementId": "bloc_autreee_personne_25",
				"visibility": true
            },
			 {
				"elementId": "bloc_autreee_personne_26",
				"visibility": true
            },
            {
				"elementId": "bloc_autreee_personne_27",
				"visibility": true
            },
            {
				"elementId": "bloc_autreee_personne_28",
				"visibility": true
            },
            {
				"elementId": "bloc_autreee_personne_29",
				"visibility": true
            },
            {
				"elementId": "bloc_autreee_personne_30",
				"visibility": true
            },
			 {
				"elementId": "bloc_autreee_personne_31",
				"visibility": true
            },
            {
				"elementId": "bloc_autreee_personne_32",
				"visibility": true
            },
            {
				"elementId": "bloc_autreee_personne_33",
				"visibility": true
            },
            {
				"elementId": "bloc_autreee_personne_34",
				"visibility": true
            },
            {
				"elementId": "bloc_autreee_personne_35",
				"visibility": true
            },
			 {
				"elementId": "bloc_autreee_personne_36",
				"visibility": true
            },
            {
				"elementId": "bloc_autreee_personne_37",
				"visibility": true
            },
            {
				"elementId": "bloc_autreee_personne_38",
				"visibility": true
            },
            {
				"elementId": "bloc_autreee_personne_39",
				"visibility": true
            },
            {
				"elementId": "bloc_autreee_personne_40",
				"visibility": true
            },
			 {
				"elementId": "bloc_autreee_personne_41",
				"visibility": true
            },
            {
				"elementId": "bloc_autreee_personne_42",
				"visibility": true
            },
            {
				"elementId": "bloc_autreee_personne_43",
				"visibility": true
            },
            {
				"elementId": "bloc_autreee_personne_44",
				"visibility": true
            },
            {
				"elementId": "bloc_autreee_personne_45",
				"visibility": true
            },
			 {
				"elementId": "bloc_autreee_personne_46",
				"visibility": true
            },
            {
				"elementId": "bloc_autreee_personne_47",
				"visibility": true
            },
            {
				"elementId": "bloc_autreee_personne_48",
				"visibility": true
            },
            {
				"elementId": "bloc_autreee_personne_49",
				"visibility": true
            },
            {
				"elementId": "bloc_autreee_personne_50",
				"visibility": true
            }
          ]
        }
      ]
    },
	
	
	
	{
	
        "inputId": "input_nombre_associes_apports",
		"valuesConstraints": [
        {
			"value": "select_input_generator",
			"constraints": [
            {
				"elementId": "bloc_apport_associes_1",
				"visibility": true
            },
            {
				"elementId": "bloc_apport_associes_2",
				"visibility": true
            },
            {
				"elementId": "bloc_apport_associes_3",
				"visibility": true
            },
            {
				"elementId": "bloc_apport_associes_4",
				"visibility": true
            },
            {
				"elementId": "bloc_apport_associes_5",
				"visibility": true
            }
          ]
        }
      ]
    }
	 
	
	
	
	
	
	
	
	]}
		
		
		
		
		
		
		
		
		
		
		
 