{
  "steps": [
  
  {
      "id": "step_informations_sur_lassemblee",
      "title": "Informations sur l'assemblée",
      "description": "",
      "blocs": ["bloc_details_assemblee","bloc_gerant_preside_lassemblee",
	  
				"bloc_personne",
				"bloc_personne_1",
				"bloc_personne_2",
				"bloc_personne_3",
				"bloc_personne_4",
				"bloc_personne_5",
				"bloc_personne_6",
				"bloc_personne_7",
				"bloc_personne_8",
				"bloc_personne_9",
				"bloc_personne_10",
				"bloc_personne_11",
				"bloc_personne_12",
				"bloc_personne_13",
				"bloc_personne_14",
				"bloc_personne_15",
				"bloc_personne_16",
				"bloc_personne_17",
				"bloc_personne_18",
				"bloc_personne_19",
				"bloc_personne_20",
				"bloc_personne_21",
				"bloc_personne_22",
				"bloc_personne_23",
				"bloc_personne_24",
				"bloc_personne_25",
				"bloc_personne_26",
				"bloc_personne_27",
				"bloc_personne_28",
				"bloc_personne_29",
				"bloc_personne_30",
				"bloc_personne_31",
				"bloc_personne_32",
				"bloc_personne_33",
				"bloc_personne_34",
				"bloc_personne_35",
				"bloc_personne_36",
				"bloc_personne_37",
				"bloc_personne_38",
				"bloc_personne_39",
				"bloc_personne_40",
				"bloc_personne_41",
				"bloc_personne_42",
				"bloc_personne_43",
				"bloc_personne_44",
				"bloc_personne_45",
				"bloc_personne_46",
				"bloc_personne_47",
				"bloc_personne_48",
				"bloc_personne_49",
				"bloc_personne_50",
				
				
				
				
				"bloc_autres_personnes",
				"bloc_autre_personne_1",
				"bloc_autre_personne_2",
				"bloc_autre_personne_3",
				"bloc_autre_personne_4",
				"bloc_autre_personne_5",
      
	  "bloc_question_12"
	  
	  ],
      "visibility": true
    },
	  
	{
      "id": "step_gérant",
      "title": "Le gérant",
      "description": "",
      "blocs": ["bloc_Nom_Prenom_du_gerant",
	             "bloc_gerant_tun_or_not","bloc_question_dureee_mondat","bloc_gerant_remunere_or_not"
    
	  
	  ],
      "visibility": true
    },
	
	{
      "id": "step_vote",
      "title": "Vote",
      "description": "",
      "blocs": ["bloc_quest_17","bloc_quest_18","bloc_quest_19"
    
	  
	  ],
      "visibility": true
    }
	

  ],
  "blocs": [
  
   {
      "id": "bloc_details_assemblee",
      "title": "",
      "description": "",
      "inputs": [
	    "input_denomination_sociale",
		"input_siege_social",
        "input_capital_sociale_en_dinars",
		"input_identifiant_unique",
		"input_date_de_reunion_de_lassemblee",
		"input_heure_de_debut_de_la_reunion_de_lassemblee",
		"input_heure_de_fin_de_la_reunion_de_lassemblee"
		
		
		],
      "visibility": true
    },
	
	{
			"id": "bloc_gerant_preside_lassemblee",
			"title": "7- Est ce que le gérant préside l'assemblée?",
			"description": "",
			"inputs": [

				
				"input_gerant_non",
				"input_gerant_oui",
				"input_gerant_non_prenom_nom"

			],
			"visibility": true
		},
	
	{
      "id": "bloc_personne",
      "title": "8- Liste des associés présents ou représentés :",
      "description": "",
      "inputs": [
        "input_nombre_personne"
      ],
      "visibility": true
    },
	
    {"id": "bloc_personne_1","title": "","description": "","inputs": ["input_nom_prénom_associé_1"],"visibility": false},
    {"id": "bloc_personne_2","title": "","description": "","inputs": ["input_nom_prénom_associé_2"],"visibility": false},
    {"id": "bloc_personne_3","title": "","description": "","inputs": ["input_nom_prénom_associé_3"],"visibility": false},
    {"id": "bloc_personne_4","title": "","description": "","inputs": ["input_nom_prénom_associé_4"],"visibility": false},
    {"id": "bloc_personne_5","title": "","description": "","inputs": ["input_nom_prénom_associé_5"],"visibility": false},
	{"id": "bloc_personne_6","title": "","description": "","inputs": ["input_nom_prénom_associé_6"],"visibility": false},
	{"id": "bloc_personne_7","title": "","description": "","inputs": ["input_nom_prénom_associé_7"],"visibility": false},
    {"id": "bloc_personne_8","title": "","description": "","inputs": ["input_nom_prénom_associé_8"],"visibility": false},
    {"id": "bloc_personne_9","title": "","description": "","inputs": ["input_nom_prénom_associé_9"],"visibility": false},
    {"id": "bloc_personne_10","title": "","description": "","inputs": ["input_nom_prénom_associé_10"],"visibility": false},
    {"id": "bloc_personne_11","title": "","description": "","inputs": ["input_nom_prénom_associé_11"],"visibility": false},
	{"id": "bloc_personne_12","title": "","description": "","inputs": ["input_nom_prénom_associé_12"],"visibility": false},
	{"id": "bloc_personne_13","title": "","description": "","inputs": ["input_nom_prénom_associé_13"],"visibility": false},
    {"id": "bloc_personne_14","title": "","description": "","inputs": ["input_nom_prénom_associé_14"],"visibility": false},
    {"id": "bloc_personne_15","title": "","description": "","inputs": ["input_nom_prénom_associé_15"],"visibility": false},
    {"id": "bloc_personne_16","title": "","description": "","inputs": ["input_nom_prénom_associé_16"],"visibility": false},
    {"id": "bloc_personne_17","title": "","description": "","inputs": ["input_nom_prénom_associé_17"],"visibility": false},
	{"id": "bloc_personne_18","title": "","description": "","inputs": ["input_nom_prénom_associé_18"],"visibility": false},
	{"id": "bloc_personne_19","title": "","description": "","inputs": ["input_nom_prénom_associé_19"],"visibility": false},
    {"id": "bloc_personne_20","title": "","description": "","inputs": ["input_nom_prénom_associé_20"],"visibility": false},
    {"id": "bloc_personne_21","title": "","description": "","inputs": ["input_nom_prénom_associé_21"],"visibility": false},
    {"id": "bloc_personne_22","title": "","description": "","inputs": ["input_nom_prénom_associé_22"],"visibility": false},
    {"id": "bloc_personne_23","title": "","description": "","inputs": ["input_nom_prénom_associé_23"],"visibility": false},
	{"id": "bloc_personne_24","title": "","description": "","inputs": ["input_nom_prénom_associé_24"],"visibility": false},
	{"id": "bloc_personne_25","title": "","description": "","inputs": ["input_nom_prénom_associé_25"],"visibility": false},
    {"id": "bloc_personne_26","title": "","description": "","inputs": ["input_nom_prénom_associé_26"],"visibility": false},
    {"id": "bloc_personne_27","title": "","description": "","inputs": ["input_nom_prénom_associé_27"],"visibility": false},
    {"id": "bloc_personne_28","title": "","description": "","inputs": ["input_nom_prénom_associé_28"],"visibility": false},
    {"id": "bloc_personne_29","title": "","description": "","inputs": ["input_nom_prénom_associé_29"],"visibility": false},
	{"id": "bloc_personne_30","title": "","description": "","inputs": ["input_nom_prénom_associé_30"],"visibility": false},
	{"id": "bloc_personne_31","title": "","description": "","inputs": ["input_nom_prénom_associé_31"],"visibility": false},
    {"id": "bloc_personne_32","title": "","description": "","inputs": ["input_nom_prénom_associé_32"],"visibility": false},
    {"id": "bloc_personne_33","title": "","description": "","inputs": ["input_nom_prénom_associé_33"],"visibility": false},
    {"id": "bloc_personne_34","title": "","description": "","inputs": ["input_nom_prénom_associé_34"],"visibility": false},
    {"id": "bloc_personne_35","title": "","description": "","inputs": ["input_nom_prénom_associé_35"],"visibility": false},
	{"id": "bloc_personne_36","title": "","description": "","inputs": ["input_nom_prénom_associé_36"],"visibility": false},
	{"id": "bloc_personne_37","title": "","description": "","inputs": ["input_nom_prénom_associé_37"],"visibility": false},
    {"id": "bloc_personne_38","title": "","description": "","inputs": ["input_nom_prénom_associé_38"],"visibility": false},
    {"id": "bloc_personne_39","title": "","description": "","inputs": ["input_nom_prénom_associé_39"],"visibility": false},
    {"id": "bloc_personne_40","title": "","description": "","inputs": ["input_nom_prénom_associé_40"],"visibility": false},
    {"id": "bloc_personne_41","title": "","description": "","inputs": ["input_nom_prénom_associé_41"],"visibility": false},
	{"id": "bloc_personne_42","title": "","description": "","inputs": ["input_nom_prénom_associé_42"],"visibility": false},
	{"id": "bloc_personne_43","title": "","description": "","inputs": ["input_nom_prénom_associé_43"],"visibility": false},
    {"id": "bloc_personne_44","title": "","description": "","inputs": ["input_nom_prénom_associé_44"],"visibility": false},
    {"id": "bloc_personne_45","title": "","description": "","inputs": ["input_nom_prénom_associé_45"],"visibility": false},
    {"id": "bloc_personne_46","title": "","description": "","inputs": ["input_nom_prénom_associé_46"],"visibility": false},
    {"id": "bloc_personne_47","title": "","description": "","inputs": ["input_nom_prénom_associé_47"],"visibility": false},
	{"id": "bloc_personne_48","title": "","description": "","inputs": ["input_nom_prénom_associé_48"],"visibility": false},
	{"id": "bloc_personne_49","title": "","description": "","inputs": ["input_nom_prénom_associé_49"],"visibility": false},
	{"id": "bloc_personne_50","title": "","description": "","inputs": ["input_nom_prénom_associé_50"],"visibility": false},
   
   
   
   
   
   
	{
      "id": "bloc_autres_personnes",
      "title": "10- Autre(s) personne(s) présente(s) :",
      "description": "",
      "inputs": [
        "input_nombre_autres_personnes"
      ],
      "visibility": true
    },
	
	{"id": "bloc_autre_personne_1","title": "Autre personne présente 1","description": "","inputs": ["input_qualité_autres_personnes_1","input_nom_prénom_autres_personnes_1"],"visibility": false},
    {"id": "bloc_autre_personne_2","title": "Autre personne présente 2","description": "","inputs": ["input_qualité_autres_personnes_2","input_nom_prénom_autres_personnes_2"],"visibility": false},
    {"id": "bloc_autre_personne_3","title": "Autre personne présente 3","description": "","inputs": ["input_qualité_autres_personnes_3","input_nom_prénom_autres_personnes_3"],"visibility": false},
    {"id": "bloc_autre_personne_4","title": "Autre personne présente 4","description": "","inputs": ["input_qualité_autres_personnes_4","input_nom_prénom_autres_personnes_4"],"visibility": false},
    {"id": "bloc_autre_personne_5","title": "Autre personne présente 5","description": "","inputs": ["input_qualité_autres_personnes_5","input_nom_prénom_autres_personnes_5"],"visibility": false},
    
	
  
    {
			"id": "bloc_question_12",
			"title": "11- Est-ce que les associés présent ou représentés représentent plus de 50% du capital social de la société ?",
			"description": "",
			"inputs": [
				
				
				"input_question_12_non",
				"input_question_12_oui"
			],
			"visibility": true
		},
	{
      "id": "bloc_Nom_Prenom_du_gerant",
      "title": "",
      "description": "",
      "inputs": [
	    
		"input_nom_prenom_du_gerant"],
      "visibility": true
    },
	{
			"id": "bloc_gerant_tun_or_not",
			"title": "13- Est-ce que le nouveau gérant est ?",
			"description": "",
			"inputs": [

				
				"input_reponse_non",
				"input_reponse_oui_num_cin",
				"input_reponse_oui",
				"input_reponse_non_num_passeport",
				"input_reponse_non_nationalite"
				
				
			],
			"visibility": true
		},
	
	{
			"id": "bloc_question_dureee_mondat",
			"title": "14- Durée du mandat en années",
			"description": "",
			"inputs": [

				"input_question_dureee_mondat"

			],
			"visibility": true
		},
  
	{
			"id": "bloc_gerant_remunere_or_not",
			"title": "15- Est-ce que le gérant est rémunéré ?",
			"description": "",
			"inputs": [

				"input_reponse_remunere_non",
				"input_reponse_remuneration_brute",
				
				"input_reponse_remunere_oui"
				
			],
			"visibility": true
		},
	
	 {
	   "id":"bloc_quest_17",
      "title": "Quel est le résultat du vote relatif à:",
      "description": "",
      "inputs": [
	  
		"input_quest_17"
		],
      "visibility": true

    },
	{
	   "id":"bloc_quest_18",
      "title": "",
      "description": "",
      "inputs": [
	  
		"input_quest_18"
		
		],
      "visibility": true

    },
	
	{
	   "id":"bloc_quest_19",
      "title": "",
      "description": "",
      "inputs": [

		"input_quest_19"
		
		],
      "visibility": true

    }
	

  ],
  "inputs": [ 
  {
      "id": "input_denomination_sociale",
      "type": "text",
      "description": "",
      "name": "input_denomination_sociale",
      "label": "1- Dénomination sociale",
      "placeHolder": "",
      "help": "",
      "options": [],
      "value": "",
      "bookmarkIdPerValue": {
        "text": ["bookmark_denomination_sociale","bookmark_denomination_sociale_2"]
	
        },
      "visibility": true
    },
	
	
	{
      "id": "input_nombre_personne",
      "type": "select_input_generator",
      "description": "",
      "name": "input_nombre_personne",
      "label": "9- Nombre d'associés présents ou représentés :",
      "placeHolder": "-- Nombre d'associés présents --",
      "help": "  Personne physique [Nom/ Prénom]    Personne morale [Dénomination sociale / représentée par /nom/prénom du représentant].  ",
      "options": ["1", "2", "3", "4", "5","6","7", "8", "9", "10", "11","12","13", "14", "15", "16", "17", "18", "19", "20", "21", "22", "23", "24", "25", "26", "27", "28", "29", "30", "31", "32", "33", "34", "35", "36", "37", "38", "39", "40", "41", "42", "43", "44", "45", "46", "47", "48", "49", "50"],
      "value": "",
      "bookmarkIdPerValue": {
	  
				"1": ["Associés_1", "Associés_3"], "2": ["Associés_1", "Associés_3"], "3": ["Associés_1", "Associés_3"],
				"4": ["Associés_1", "Associés_3"], "5": ["Associés_1", "Associés_3"], "6": ["Associés_1", "Associés_3"],
				"7": ["Associés_1", "Associés_3"], "8": ["Associés_1", "Associés_3"], "9": ["Associés_1", "Associés_3"],
				"10": ["Associés_1", "Associés_3"], "11": ["Associés_1", "Associés_3"],"12": ["Associés_1", "Associés_3"],
				"13": ["Associés_1", "Associés_3"], "14": ["Associés_1", "Associés_3"], "15": ["Associés_1", "Associés_3"],
				"16": ["Associés_1", "Associés_3"], "17": ["Associés_1", "Associés_3"], "18": ["Associés_1", "Associés_3"],
				"19": ["Associés_1", "Associés_3"], "20": ["Associés_1", "Associés_3"], "21": ["Associés_1", "Associés_3"], 
				"22": ["Associés_1", "Associés_3"], "23": ["Associés_1", "Associés_3"], "24": ["Associés_1", "Associés_3"],
				"25": ["Associés_1", "Associés_3"], "26": ["Associés_1", "Associés_3"], "27": ["Associés_1", "Associés_3"],
				"28": ["Associés_1", "Associés_3"], "29": ["Associés_1", "Associés_3"], "30": ["Associés_1", "Associés_3"],
				"31": ["Associés_1", "Associés_3"], "32": ["Associés_1", "Associés_3"], "33": ["Associés_1", "Associés_3"],
				"34": ["Associés_1", "Associés_3"], "35": ["Associés_1", "Associés_3"], "36": ["Associés_1", "Associés_3"],
				"37": ["Associés_1", "Associés_3"], "38": ["Associés_1", "Associés_3"], "39": ["Associés_1", "Associés_3"],
				"40": ["Associés_1", "Associés_3"], "41": ["Associés_1", "Associés_3"], "42": ["Associés_1", "Associés_3"],
				"43": ["Associés_1", "Associés_3"], "44": ["Associés_1", "Associés_3"], "45": ["Associés_1", "Associés_3"], 
				"46": ["Associés_1", "Associés_3"], "47": ["Associés_1", "Associés_3"], "48": ["Associés_1", "Associés_3"],
				"49": ["Associés_1", "Associés_3"], "50": ["Associés_1", "Associés_3"]
       
      },
      "visibility": true
    },
	
	
		
		{
      "id": "input_nombre_autres_personnes",
      "type": "select_input_generator",
      "description": "",
      "name": "input_nombre_autres_personnes",
      "label": "Nombre d'autres personnes présentes :",
      "placeHolder": "--Autres personnes présentes--",
      "help": "",
      "options": ["0","1", "2", "3", "4", "5"],
      "value": "0",
      "bookmarkIdPerValue": {
		"0": ["Autre_personnes_non", "Autre_personnes_non_2"],
        "1": ["Autre_personnes"],
        "2": ["Autre_personnes"],
        "3": ["Autre_personnes"],
        "4": ["Autre_personnes"],
        "5": ["Autre_personnes"]
      },
      "visibility": true
    },
		
		
	
    
    {"id": "input_qualité_autres_personnes_1","type": "text","description": "","name": "input_qualité_autres_personnes_1","label": "Qualité :","placeHolder": "","help": "","options": [],"value": "","bookmarkIdPerValue": {},"visibility": true},
    {"id": "input_qualité_autres_personnes_2","type": "text","description": "","name": "input_qualité_autres_personnes_2","label": "Qualité :","placeHolder": "","help": "","options": [],"value": "","bookmarkIdPerValue": {},"visibility": true},
    {"id": "input_qualité_autres_personnes_3","type": "text","description": "","name": "input_qualité_autres_personnes_3","label": "Qualité :","placeHolder": "","help": "","options": [],"value": "","bookmarkIdPerValue": {},"visibility": true},
    {"id": "input_qualité_autres_personnes_4","type": "text","description": "","name": "input_qualité_autres_personnes_4","label": "Qualité :","placeHolder": "","help": "","options": [],"value": "","bookmarkIdPerValue": {},"visibility": true},
    {"id": "input_qualité_autres_personnes_5","type": "text","description": "","name": "input_qualité_autres_personnes_5","label": "Qualité :","placeHolder": "","help": "","options": [],"value": "","bookmarkIdPerValue": {},"visibility": true},

    {"id": "input_nom_prénom_autres_personnes_1","type": "text","description": "","name": "input_nom_prénom_autres_personnes_1","label": "Nom et prénom :","placeHolder": "","help": "","options": [],"value": "","bookmarkIdPerValue": {},"visibility": true},
    {"id": "input_nom_prénom_autres_personnes_2","type": "text","description": "","name": "input_nom_prénom_autres_personnes_2","label": "Nom et prénom :","placeHolder": "","help": "","options": [],"value": "","bookmarkIdPerValue": {},"visibility": true},
    {"id": "input_nom_prénom_autres_personnes_3","type": "text","description": "","name": "input_nom_prénom_autres_personnes_3","label": "Nom et prénom :","placeHolder": "","help": "","options": [],"value": "","bookmarkIdPerValue": {},"visibility": true},
    {"id": "input_nom_prénom_autres_personnes_4","type": "text","description": "","name": "input_nom_prénom_autres_personnes_4","label": "Nom et prénom :","placeHolder": "","help": "","options": [],"value": "","bookmarkIdPerValue": {},"visibility": true},
    {"id": "input_nom_prénom_autres_personnes_5","type": "text","description": "","name": "input_nom_prénom_autres_personnes_5","label": "Nom et prénom :","placeHolder": "","help": "","options": [],"value": "","bookmarkIdPerValue": {},"visibility": true},
	
	
    
	
	{"id": "input_nom_prénom_associé_1","type": "text","description": "","name": "input_nom_prénom_associé_1","label": "Associé  1  :","placeHolder": "","help": "","options": [],"value": "","bookmarkIdPerValue": {},"visibility": true},
    {"id": "input_nom_prénom_associé_2","type": "text","description": "","name": "input_nom_prénom_associé_2","label": "Associé  2  :","placeHolder": "","help": "","options": [],"value": "","bookmarkIdPerValue": {},"visibility": true},
    {"id": "input_nom_prénom_associé_3","type": "text","description": "","name": "input_nom_prénom_associé_3","label": "Associé  3  :","placeHolder": "","help": "","options": [],"value": "","bookmarkIdPerValue": {},"visibility": true},
    {"id": "input_nom_prénom_associé_4","type": "text","description": "","name": "input_nom_prénom_associé_4","label": "Associé  4  :","placeHolder": "","help": "","options": [],"value": "","bookmarkIdPerValue": {},"visibility": true},
    {"id": "input_nom_prénom_associé_5","type": "text","description": "","name": "input_nom_prénom_associé_5","label": "Associé  5  :","placeHolder": "","help": "","options": [],"value": "","bookmarkIdPerValue": {},"visibility": true},
    {"id": "input_nom_prénom_associé_6","type": "text","description": "","name": "input_nom_prénom_associé_6","label": "Associé  6  :","placeHolder": "","help": "","options": [],"value": "","bookmarkIdPerValue": {},"visibility": true},
    {"id": "input_nom_prénom_associé_7","type": "text","description": "","name": "input_nom_prénom_associé_7","label": "Associé  7  :","placeHolder": "","help": "","options": [],"value": "","bookmarkIdPerValue": {},"visibility": true},
    {"id": "input_nom_prénom_associé_8","type": "text","description": "","name": "input_nom_prénom_associé_8","label": "Associé  8  :","placeHolder": "","help": "","options": [],"value": "","bookmarkIdPerValue": {},"visibility": true},
    {"id": "input_nom_prénom_associé_9","type": "text","description": "","name": "input_nom_prénom_associé_9","label": "Associé  9  :","placeHolder": "","help": "","options": [],"value": "","bookmarkIdPerValue": {},"visibility": true},
    {"id": "input_nom_prénom_associé_10","type": "text","description": "","name": "input_nom_prénom_associé_10","label":"Associé 10 :","placeHolder": "","help": "","options": [],"value": "","bookmarkIdPerValue": {},"visibility": true},
    {"id": "input_nom_prénom_associé_11","type": "text","description": "","name": "input_nom_prénom_associé_11","label":"Associé 11 :","placeHolder": "","help": "","options": [],"value": "","bookmarkIdPerValue": {},"visibility": true},
    {"id": "input_nom_prénom_associé_12","type": "text","description": "","name": "input_nom_prénom_associé_12","label":"Associé 12 :","placeHolder": "","help": "","options": [],"value": "","bookmarkIdPerValue": {},"visibility": true},
    {"id": "input_nom_prénom_associé_13","type": "text","description": "","name": "input_nom_prénom_associé_13","label":"Associé 13 :","placeHolder": "","help": "","options": [],"value": "","bookmarkIdPerValue": {},"visibility": true},
    {"id": "input_nom_prénom_associé_14","type": "text","description": "","name": "input_nom_prénom_associé_14","label":"Associé 14 :","placeHolder": "","help": "","options": [],"value": "","bookmarkIdPerValue": {},"visibility": true},
    {"id": "input_nom_prénom_associé_15","type": "text","description": "","name": "input_nom_prénom_associé_15","label":"Associé 15 :","placeHolder": "","help": "","options": [],"value": "","bookmarkIdPerValue": {},"visibility": true},
    {"id": "input_nom_prénom_associé_16","type": "text","description": "","name": "input_nom_prénom_associé_16","label":"Associé 16 :","placeHolder": "","help": "","options": [],"value": "","bookmarkIdPerValue": {},"visibility": true},
    {"id": "input_nom_prénom_associé_17","type": "text","description": "","name": "input_nom_prénom_associé_17","label":"Associé 17 :","placeHolder": "","help": "","options": [],"value": "","bookmarkIdPerValue": {},"visibility": true},
    {"id": "input_nom_prénom_associé_18","type": "text","description": "","name": "input_nom_prénom_associé_18","label":"Associé 18 :","placeHolder": "","help": "","options": [],"value": "","bookmarkIdPerValue": {},"visibility": true},
    {"id": "input_nom_prénom_associé_19","type": "text","description": "","name": "input_nom_prénom_associé_19","label":"Associé 19 :","placeHolder": "","help": "","options": [],"value": "","bookmarkIdPerValue": {},"visibility": true},
    {"id": "input_nom_prénom_associé_20","type": "text","description": "","name": "input_nom_prénom_associé_20","label":"Associé 20 :","placeHolder": "","help": "","options": [],"value": "","bookmarkIdPerValue": {},"visibility": true},
    {"id": "input_nom_prénom_associé_21","type": "text","description": "","name": "input_nom_prénom_associé_21","label":"Associé 21 :","placeHolder": "","help": "","options": [],"value": "","bookmarkIdPerValue": {},"visibility": true},
    {"id": "input_nom_prénom_associé_22","type": "text","description": "","name": "input_nom_prénom_associé_22","label":"Associé 22 :","placeHolder": "","help": "","options": [],"value": "","bookmarkIdPerValue": {},"visibility": true},
    {"id": "input_nom_prénom_associé_23","type": "text","description": "","name": "input_nom_prénom_associé_23","label":"Associé 23 :","placeHolder": "","help": "","options": [],"value": "","bookmarkIdPerValue": {},"visibility": true},
    {"id": "input_nom_prénom_associé_24","type": "text","description": "","name": "input_nom_prénom_associé_24","label":"Associé 24 :","placeHolder": "","help": "","options": [],"value": "","bookmarkIdPerValue": {},"visibility": true},
    {"id": "input_nom_prénom_associé_25","type": "text","description": "","name": "input_nom_prénom_associé_25","label":"Associé 25 :","placeHolder": "","help": "","options": [],"value": "","bookmarkIdPerValue": {},"visibility": true},
    {"id": "input_nom_prénom_associé_26","type": "text","description": "","name": "input_nom_prénom_associé_26","label":"Associé 26 :","placeHolder": "","help": "","options": [],"value": "","bookmarkIdPerValue": {},"visibility": true},
    {"id": "input_nom_prénom_associé_27","type": "text","description": "","name": "input_nom_prénom_associé_27","label":"Associé 27 :","placeHolder": "","help": "","options": [],"value": "","bookmarkIdPerValue": {},"visibility": true},
    {"id": "input_nom_prénom_associé_28","type": "text","description": "","name": "input_nom_prénom_associé_28","label":"Associé 28 :","placeHolder": "","help": "","options": [],"value": "","bookmarkIdPerValue": {},"visibility": true},
    {"id": "input_nom_prénom_associé_29","type": "text","description": "","name": "input_nom_prénom_associé_29","label":"Associé 29 :","placeHolder": "","help": "","options": [],"value": "","bookmarkIdPerValue": {},"visibility": true},
    {"id": "input_nom_prénom_associé_30","type": "text","description": "","name": "input_nom_prénom_associé_30","label":"Associé 30 :","placeHolder": "","help": "","options": [],"value": "","bookmarkIdPerValue": {},"visibility": true},
    {"id": "input_nom_prénom_associé_31","type": "text","description": "","name": "input_nom_prénom_associé_31","label":"Associé 31 :","placeHolder": "","help": "","options": [],"value": "","bookmarkIdPerValue": {},"visibility": true},
    {"id": "input_nom_prénom_associé_32","type": "text","description": "","name": "input_nom_prénom_associé_32","label":"Associé 32 :","placeHolder": "","help": "","options": [],"value": "","bookmarkIdPerValue": {},"visibility": true},
    {"id": "input_nom_prénom_associé_33","type": "text","description": "","name": "input_nom_prénom_associé_33","label":"Associé 33 :","placeHolder": "","help": "","options": [],"value": "","bookmarkIdPerValue": {},"visibility": true},
    {"id": "input_nom_prénom_associé_34","type": "text","description": "","name": "input_nom_prénom_associé_34","label":"Associé 34 :","placeHolder": "","help": "","options": [],"value": "","bookmarkIdPerValue": {},"visibility": true},
    {"id": "input_nom_prénom_associé_35","type": "text","description": "","name": "input_nom_prénom_associé_35","label":"Associé 35 :","placeHolder": "","help": "","options": [],"value": "","bookmarkIdPerValue": {},"visibility": true},
    {"id": "input_nom_prénom_associé_36","type": "text","description": "","name": "input_nom_prénom_associé_36","label":"Associé 36 :","placeHolder": "","help": "","options": [],"value": "","bookmarkIdPerValue": {},"visibility": true},
    {"id": "input_nom_prénom_associé_37","type": "text","description": "","name": "input_nom_prénom_associé_37","label":"Associé 37:","placeHolder": "","help": "","options": [],"value": "","bookmarkIdPerValue": {},"visibility": true},
    {"id": "input_nom_prénom_associé_38","type": "text","description": "","name": "input_nom_prénom_associé_38","label":"Associé 38 :","placeHolder": "","help": "","options": [],"value": "","bookmarkIdPerValue": {},"visibility": true},
    {"id": "input_nom_prénom_associé_39","type": "text","description": "","name": "input_nom_prénom_associé_39","label":"Associé 39 :","placeHolder": "","help": "","options": [],"value": "","bookmarkIdPerValue": {},"visibility": true},
    {"id": "input_nom_prénom_associé_40","type": "text","description": "","name": "input_nom_prénom_associé_40","label":"Associé 40 :","placeHolder": "","help": "","options": [],"value": "","bookmarkIdPerValue": {},"visibility": true},
    {"id": "input_nom_prénom_associé_41","type": "text","description": "","name": "input_nom_prénom_associé_41","label":"Associé 41 :","placeHolder": "","help": "","options": [],"value": "","bookmarkIdPerValue": {},"visibility": true},
    {"id": "input_nom_prénom_associé_42","type": "text","description": "","name": "input_nom_prénom_associé_42","label":"Associé 42 :","placeHolder": "","help": "","options": [],"value": "","bookmarkIdPerValue": {},"visibility": true},
    {"id": "input_nom_prénom_associé_43","type": "text","description": "","name": "input_nom_prénom_associé_43","label":"Associé 43 :","placeHolder": "","help": "","options": [],"value": "","bookmarkIdPerValue": {},"visibility": true},
    {"id": "input_nom_prénom_associé_44","type": "text","description": "","name": "input_nom_prénom_associé_44","label":"Associé 44 :","placeHolder": "","help": "","options": [],"value": "","bookmarkIdPerValue": {},"visibility": true},
    {"id": "input_nom_prénom_associé_45","type": "text","description": "","name": "input_nom_prénom_associé_45","label":"Associé 45 :","placeHolder": "","help": "","options": [],"value": "","bookmarkIdPerValue": {},"visibility": true},
    {"id": "input_nom_prénom_associé_46","type": "text","description": "","name": "input_nom_prénom_associé_46","label":"Associé 46 :","placeHolder": "","help": "","options": [],"value": "","bookmarkIdPerValue": {},"visibility": true},
    {"id": "input_nom_prénom_associé_47","type": "text","description": "","name": "input_nom_prénom_associé_47","label":"Associé 47 :","placeHolder": "","help": "","options": [],"value": "","bookmarkIdPerValue": {},"visibility": true},
    {"id": "input_nom_prénom_associé_48","type": "text","description": "","name": "input_nom_prénom_associé_48","label":"Associé 48 :","placeHolder": "","help": "","options": [],"value": "","bookmarkIdPerValue": {},"visibility": true},
    {"id": "input_nom_prénom_associé_49","type": "text","description": "","name": "input_nom_prénom_associé_49","label":"Associé 49 :","placeHolder": "","help": "","options": [],"value": "","bookmarkIdPerValue": {},"visibility": true},
    {"id": "input_nom_prénom_associé_50","type": "text","description": "","name": "input_nom_prénom_associé_50","label":"Associé 50 :","placeHolder": "","help": "","options": [],"value": "","bookmarkIdPerValue": {},"visibility": true},

	
	
	{
      "id": "input_siege_social",
      "type": "text",
      "description": "",
      "name": "input_siege_social",
      "label": "2- Siège social",
      "placeHolder": "",
      "help": "",
      "options": [],
      "value": "",
      "bookmarkIdPerValue": {
        "text": ["bookmark_siege_social"]
	
        },
      "visibility": true
    },
	
	 {
      "id": "input_capital_sociale_en_dinars",
      "type": "number",
      "description": "",
      "name": "input_capital_sociale_en_dinars",
      "label": "3- Capital social en dinars",
      "placeHolder": "",
      "help": "",
      "options": [],
      "value": "",
      "bookmarkIdPerValue": {
        "text": ["bookmark_capital_sociale_en_dinars","bookmark_capital_sociale_en_dinars_2"]
	
        },
      "visibility": true
    },
	
	
	
	{
      "id": "input_identifiant_unique",
      "type": "text",
      "description": "",
      "name": "input_identifiant_unique",
      "label": "4- Identifiant unique",
      "placeHolder": "",
      "help": "",
      "options": [],
      "value": "",
      "bookmarkIdPerValue": {
        "text": [""]
	
        },
      "visibility": false
    },
	{
      "id": "input_date_de_reunion_de_lassemblee",
      "type": "date",
      "description": "",
      "name": "input_date_de_reunion_de_lassemblee",
      "label": "4- Date de réunion de l'assemblée",
      "placeHolder": "",
      "help": "",
      "options": [],
      "value": "",
      "bookmarkIdPerValue": {
        "text": ["bookmark_date_de_reunion_de_lassemblee","bookmark_date_reunion_lassemblee_2"]
	
        },
      "visibility": true
    },
	{
      "id": "input_heure_de_debut_de_la_reunion_de_lassemblee",
      "type": "time",
      "description": "",
      "name": "input_heure_de_debut_de_la_reunion_de_lassemblee",
      "label": "5- Heure de début de réunion de l'assemblée",
      "placeHolder": "",
      "help": "",
      "options": [],
      "value": "",
      "bookmarkIdPerValue": {
        "text": ["bookmark_heure_debut_reunion_lassemblee"]
	
        },
      "visibility": true
    },
	
	{
      "id": "input_heure_de_fin_de_la_reunion_de_lassemblee",
      "type": "time",
      "description": "",
      "name": "input_heure_de_fin_de_la_reunion_de_lassemblee",
      "label": "6- Heure de fin de la réunion de l'assemblé",
      "placeHolder": "",
      "help": "",
      "options": [],
      "value": "",
      "bookmarkIdPerValue": {
        "text": ["bookmark_heure_fin_la_reunion_lassemblee"]
	
        },
      "visibility": true
    },

{
			"id": "input_gerant_oui",
			"type": "radio",
			"description": "",
			"name": "gérant",
			"label": "Non",
			"placeHolder": "",
			"help": "",
			"options": [],
			"value": "Oui",
			"bookmarkIdPerValue": {
				"Oui": ["bookmark_gerant_oui"]
			},
			"visibility": true
		},
		
	
		{
			"id": "input_gerant_non",
			"type": "radio",
			"description": "",
			"name": "gérant",
			"label": "Oui(c’est la situation habituelle)",
			"placeHolder": "",
			"help": "",
			"options": [],
			"value": "Non",
			"bookmarkIdPerValue": {
				
				"Non" :["bookmark_gerant_non"]

			},
			"visibility": true
		},
		
		
		{
			"id": "input_gerant_non_prenom_nom",
			"type": "text",
			"description": "",
			"name": "input_gerant_non_prenom_nom",
			"label": "Nom et Prénom de la personne qui préside l'assemblée ",
			"placeHolder": "",
			"help": "",
			"options": [],
			"value": "",
			"bookmarkIdPerValue": {
				"text": ["bookmark_gerant_non_prenom_nom", "bookmark_gerant_non_prenom_nom_2"]

			},
			"visibility": false
		},
	
	

	
{
			"id": "input_question_12_non",
			"type": "radio",
			"description": "",
			"name": "question_12",
			"label": "Oui",
			"placeHolder": "",
			"help": "",
			"options": [],
			"value": "Non",
			"bookmarkIdPerValue": {
				"Non": ["bookmark_question_12_non"]

			},
			"visibility": true
		},
		{
			"id": "input_question_12_oui",
			"type": "radio",
			"description": "",
			"name": "question_12",
			"label": "Non",
			"placeHolder": "",
			"help": " --- L’assemblée est invalide il faut indiquer à la personne de refaire la convocation ---",
			"options": [],
			"value": "Oui",
			"bookmarkIdPerValue": {
				"Oui": ["bookmark_question_12_oui"]

			},
			"visibility": true
		},
		
	
	
	 {"id": "input_nom_prenom_du_gerant",
  "type": "text",
  "description": "",
  "name": "input_nom_prenom_du_gerant",
  "label": "12- Nom et Prénom du nouveau gérant statutaire",
  "placeHolder": "","help": "","options": [],"value": "",
  "bookmarkIdPerValue": {"text": ["nom_prenom_nouveau_comm","nom_prenom_nouveau_comm_1","nom_prenom_nouveau_comm_2"]},"visibility": true},
	{
			"id": "input_reponse_oui",
			"type": "radio",
			"description": "",
			"name": "reponse",
			"label": "Etranger",
			"placeHolder": "",
			"help": "",
			"options": [],
			"value": "Tunisien",
			"bookmarkIdPerValue": {
				"Tunisien": ["bookmark_reponse_oui"]
				
			},
			"visibility": true
		},
		{
			"id": "input_reponse_oui_num_cin",
			"type": "number",
			"description": "",
			"name": "input_reponse_oui_num_cin",
			"label": "Numéro de carte d’identité nationale du nouveau gérant",
			"placeHolder": "",
			"help": "",
			"options": [],
			"value": "",
			"bookmarkIdPerValue": {
				"text": ["num_cin_nv_gerant"]
			},
			"visibility": false
		},
		
		
		

		{
			"id": "input_reponse_non",
			"type": "radio",
			"description": "",
			"name": "reponse",
			"label": "Tunisien",
			"placeHolder": "",
			"help": "",
			"options": [],
			"value": "Etranger",
			"bookmarkIdPerValue": {
				"Etranger": ["bookmark_reponse_non"]
				
			},
			"visibility": true
		},
		
		{
			"id": "input_reponse_non_num_passeport",
			"type": "text",
			"description": "",
			"name": "input_reponse_non_num_passeport",
			"label": "Numéro de Passeport",
			"placeHolder": "",
			"help": "",
			"options": [],
			"value": "",
			"bookmarkIdPerValue": {
				"text": ["num_passport_gerant"]
			},
			"visibility": false
		},

		{
			"id": "input_reponse_non_nationalite",
			"type": "country",
			"description": "",
			"name": "input_reponse_non_nationalite",
			"label": "Nationalité du passeport",
			"placeHolder": "",
			"help": "",
			"options": [],
			"value": "",
			"bookmarkIdPerValue": {
				"text": ["nationalité_grant"]
			},
			"visibility": false
		},
	 {
			"id": "input_question_dureee_mondat",
			"type": "number",
			"description": "",
			"name": "input_question_dureee_mondat",
			"label": "Durée du mandat",
			"placeHolder": "",
			"help": "",
			"options": [],
			"value": "",
			"bookmarkIdPerValue": {
				"text": ["duree_mondat_question_15", "duree_mondat_question_15_1"]
			},
			"visibility": true
		},



  
  {
			"id": "input_reponse_remunere_oui",
			"type": "radio",
			"description": "",
			"name": "remunere",
			"label": "Non",
			"placeHolder": "",
			"help": "",
			"options": [],
			"value": "Oui",
			"bookmarkIdPerValue": {
				"Oui": ["remunere_oui"]
				
			},
			"visibility": true
		},
		
		{
			"id": "input_reponse_remuneration_brute",
			"type": "number",
			"description": "",
			"name": "input_reponse_remuneration_brute",
			"label": "Quelle sera sa rémunération mensuelle brute en dinars ?",
			"placeHolder": "",
			"help": "",
			"options": [],
			"value": "",
			"bookmarkIdPerValue": {
				"text": ["remuneration_brute_oui"]
			},
			"visibility":false
		},

		

		{
			"id": "input_reponse_remunere_non",
			"type": "radio",
			"description": "",
			"name": "remunere",
			"label": "Oui",
			"placeHolder": "",
			"help": "",
			"options": [],
			"value": "Non",
			"bookmarkIdPerValue": {
				"Non": ["remunere_non"]
				
			},
			"visibility": true
		},
		
	  {
      "id": "input_quest_17",
      "type": "select",
      "description": "",
      "name": "input_quest_17",
      "label": "16- Ratification des délai et mode de convocation a été?",
      "placeHolder": "",
      "help": "",
      "options": ["votée à la majorité","rejetée"],
      "value": "",
      "bookmarkIdPerValue": {
        "votée à la majorité": ["bookmark_quest_17"],
		"rejetée": ["bookmark_quest_17"]
		
        },
      "visibility": true
	  },
	 
   {
	  "id": "input_quest_18",
      "type": "select",
      "description": "",
      "name": "input_quest_18",
      "label": "17- Approbation du renouvellement du mandat du gérant?",
      "placeHolder": "",
      "help": "",
      "options": ["votée à la majorité","rejetée"],
      "value": "",
      "bookmarkIdPerValue": {
        "votée à la majorité": ["bookmark_quest_18"],
		"rejetée": ["bookmark_quest_18"]
		
        },
      "visibility": true
    },

 {
      "id": "input_quest_19",
      "type": "select",
      "description": "",
      "name": "input_quest_19",
      "label": "18- Pouvoirs au porteur d’un extrait du procès-verbal pour l’accomplissement des formalités",
      "placeHolder": "",
      "help": "",
      "options": ["votée à la majorité","rejetée"],
      "value": "",
      "bookmarkIdPerValue": {
        "votée à la majorité": ["bookmark_quest_19"],
		"rejetée": ["bookmark_quest_19"]
		
        },
      "visibility": true
	  }

   ],
   
  "bookmarks": [
  
  {
      "bookmarkId": "bookmark_denomination_sociale",
      "value": "",
      "fontFamily": "Times New Roman",
      "color": null,
      "bold": true,
      "italic": false,
      "capitalized": true,
      "type": "USER_INPUT",
	  "underline": "single",
      "fontSize": 12
    },
	
	{
      "bookmarkId": "bookmark_denomination_sociale_2",
      "value": "",
      "fontFamily": "Times New Roman",
      "color": null,
      "bold": false,
      "italic": false,
      "capitalized": false,
      "type": "USER_INPUT",
      "fontSize": 12
    },
	
	
	
	 {
      "bookmarkId": "bookmark_siege_social",
      "value": "",
      "fontFamily": "Times New Roman",
      "color": null,
      "bold": true,
      "italic": false,
      "capitalized": true,
	  "underline": "single",
      "type": "USER_INPUT",
      "fontSize": 12
    },
	
	 {
      "bookmarkId": "bookmark_capital_sociale_en_dinars",
      "value": "",
      "fontFamily": "Times New Roman",
      "color": null,
      "bold": true,
      "italic": false,
      "capitalized": true,
	  "underline": "single",
      "type": "USER_INPUT",
      "fontSize": 12
    },
	{
      "bookmarkId": "bookmark_capital_sociale_en_dinars_2",
      "value": "",
      "fontFamily": "Times New Roman",
      "color": null,
      "bold": true,
      "italic": false,
      "capitalized": false,
      "type": "USER_INPUT",
      "fontSize": 12
    },
	
	
	{
      "bookmarkId": "bookmark_date_de_reunion_de_lassemblee",
      "value": "",
      "fontFamily": "Times New Roman",
      "color": null,
      "bold": true,
      "italic": false,
      "capitalized": false,
	  "underline": "single",
      "type": "USER_INPUT",
      "fontSize": 12
    },
	
	
	{
      "bookmarkId": "bookmark_date_reunion_lassemblee_2",
      "value": "",
      "fontFamily": "Times New Roman",
      "color": null,
      "bold": false,
      "italic": false,
      "capitalized": false,
      "type": "USER_INPUT",
      "fontSize": 12
    },
	
	
	{
      "bookmarkId": "bookmark_heure_debut_reunion_lassemblee",
      "value": "",
      "fontFamily": "Times New Roman",
      "color": null,
      "bold": false,
      "italic": false,
      "capitalized": false,
      "type": "USER_INPUT",
      "fontSize": 12
    },
		{
      "bookmarkId": "bookmark_heure_fin_la_reunion_lassemblee",
      "value": "",
      "fontFamily": "Times New Roman",
      "color": null,
      "bold": false,
      "italic": false,
      "capitalized": false,
      "type": "USER_INPUT",
      "fontSize": 12
    },

	
{"bookmarkId": "bookmark_gerant_oui","value": "","fontFamily": "Times New Roman","color": null,"bold": false,"italic": false,"capitalized": false,"type": "PARAGRAPH_WITH_BOOKMARKS","fontSize": 12},
{"bookmarkId": "bookmark_gerant_non","value": "","fontFamily": "Times New Roman","color": null,"bold": false,"italic": false,"capitalized": false,"type": "PARAGRAPH_WITH_BOOKMARKS","fontSize": 12},
	
	{
      "bookmarkId": "bookmark_gerant_non_prenom_nom",
      "value": "",
      "fontFamily": "Times New Roman",
      "color": null,
      "bold": false,
      "italic": false,
      "capitalized": false,
      "type": "USER_INPUT",
      "fontSize": 12
    },
	
	{
      "bookmarkId": "bookmark_gerant_non_prenom_nom_2",
      "value": "",
      "fontFamily": "Times New Roman",
      "color": null,
      "bold": false,
      "italic": false,
      "capitalized": false,
      "type": "USER_INPUT",
      "fontSize": 12
    },
	
	
  
	
  {"bookmarkId": "autre_per_2","value": "","fontFamily": "Times New Roman","color": null,"bold": false,"italic": false,"capitalized": false,"underline": null,"type": "PARAGRAPH_WITH_BOOKMARKS", "fontSize": 12},
   	
	
	
	
{"bookmarkId": "bookmark_question_12_oui","value": "","fontFamily": "Times New Roman","color": null,"bold": false,"italic": false,"capitalized": false,"underline": null,"type": "PARAGRAPH_WITH_BOOKMARKS", "fontSize": 12},
{"bookmarkId": "bookmark_question_12_non","value": "","fontFamily": "Times New Roman","color": null,"bold": false,"italic": false,"capitalized": false,"underline": null,"type": "PARAGRAPH_WITH_BOOKMARKS", "fontSize": 12},

	
	{
      "bookmarkId": "nom_prenom_nouveau_comm",
      "value": "",
      "fontFamily": "Times New Roman",
      "color": null,
      "bold": false,
      "italic": false,
      "capitalized": false,
      "type": "USER_INPUT",
      "fontSize": 12
    },
	{
      "bookmarkId": "nom_prenom_nouveau_comm_1",
      "value": "",
      "fontFamily": "Times New Roman",
      "color": null,
      "bold": false,
      "italic": false,
      "capitalized": false,
      "type": "USER_INPUT",
      "fontSize": 12
    },{
      "bookmarkId": "nom_prenom_nouveau_comm_2",
      "value": "",
      "fontFamily": "Times New Roman",
      "color": null,
      "bold": false,
      "italic": false,
      "capitalized": false,
      "type": "USER_INPUT",
      "fontSize": 12
    },
	
	{"bookmarkId": "bookmark_reponse_oui","value": "","fontFamily": "Times New Roman","color": null,
"bold": false,"italic": false,"capitalized": false,"underline": null,"type": "PARAGRAPH_WITH_BOOKMARKS", "fontSize": 12},

    {"bookmarkId": "bookmark_reponse_non","value": "","fontFamily": "Times New Roman","color": null,
  "bold": false,"italic": false,"capitalized": false,"underline": null,"type": "PARAGRAPH_WITH_BOOKMARKS", "fontSize": 12},
  
	
	{
      "bookmarkId": "num_cin_nv_gerant",
      "value": "",
      "fontFamily": "Times New Roman",
      "color": null,
      "bold": false,
      "italic": false,
      "capitalized": false,
      "type": "USER_INPUT",
      "fontSize": 12
    },
	
	{
      "bookmarkId": "num_passport_gerant",
      "value": "",
      "fontFamily": "Times New Roman",
      "color": null,
      "bold": false,
      "italic": false,
      "capitalized": false,
      "type": "USER_INPUT",
      "fontSize": 12
    },
	{
      "bookmarkId": "nationalité_grant",
      "value": "",
      "fontFamily": "Times New Roman",
      "color": null,
      "bold": false,
      "italic": false,
      "capitalized": false,
      "type": "USER_INPUT",
      "fontSize": 12
    },
	 
	{"bookmarkId": "remunere_oui","value": "","fontFamily": "Times New Roman","color": null,
  "bold": false,"italic": false,"capitalized": false,"underline": null,"type": "PARAGRAPH_WITH_BOOKMARKS", "fontSize": 12},
  
    {"bookmarkId": "remunere_non","value": "","fontFamily": "Times New Roman","color": null,
  "bold": false,"italic": false,"capitalized": false,"underline": null,"type": "PARAGRAPH_WITH_BOOKMARKS", "fontSize": 12},
  
	
	{
      "bookmarkId": "remuneration_brute_oui",
      "value": "",
      "fontFamily": "Times New Roman",
      "color": null,
      "bold": false,
      "italic": false,
      "capitalized": false,
      "type": "USER_INPUT",
      "fontSize": 12
    },
	{
      "bookmarkId": "duree_mondat_question_15",
      "value": "",
      "fontFamily": "Times New Roman",
      "color": null,
      "bold": false,
      "italic": false,
      "capitalized": false,
      "type": "USER_INPUT",
      "fontSize": 12
    },
	{
      "bookmarkId": "duree_mondat_question_15_1",
      "value": "",
      "fontFamily": "Times New Roman",
      "color": null,
      "bold": false,
      "italic": false,
      "capitalized": false,
      "type": "USER_INPUT",
      "fontSize": 12
    },
	
   {
      "bookmarkId": "bookmark_quest_17",
      "value": "",
      "fontFamily": "Times New Roman",
      "color": null,
      "bold": false,
      "italic": false,
      "capitalized": false,
      "type": "USER_INPUT",
      "fontSize": 12
    },
	{
      "bookmarkId": "bookmark_quest_18",
      "value": "",
      "fontFamily": "Times New Roman",
      "color": null,
      "bold": false,
      "italic": false,
      "capitalized": false,
      "type": "USER_INPUT",
      "fontSize": 12
    },
	 {
      "bookmarkId": "bookmark_quest_19",
      "value": "",
      "fontFamily": "Times New Roman",
      "color": null,
      "bold": true,
      "italic": false,
      "capitalized": false,
      "type": "USER_INPUT",
      "fontSize": 12
	  },
	  
	  	{
      "bookmarkId": "Autre_personnes_non",
      "value": "",
      "fontFamily": "Times New Roman",
      "color": null,
      "bold": false,
      "italic": false,
      "capitalized": false,
      "underline": null,
      "type": "PARAGRAPH_WITH_BOOKMARKS",
      "fontSize": 12
    },
    {
      "bookmarkId": "Autre_personnes_non_2",
      "value": "",
      "fontFamily": "Times New Roman",
      "color": null,
      "bold": false,
      "italic": false,
      "capitalized": false,
      "underline": null,
      "type": "INPUT_GENERATOR",
      "fontSize": 12
    },
    {
      "bookmarkId": "Autre_personnes",
      "value": "input_qualité_autres_personnes_ input_nom_prénom_autres_personnes_",
      "fontFamily": "Times New Roman",
      "color": null,
      "bold": false,
      "italic": false,
      "capitalized": false,
      "type": "INPUT_GENERATOR",
      "fontSize": 12
	},
		{
      "bookmarkId": "Associés_1",
      "value": "input_nom_prénom_associé_",
      "fontFamily": "Times New Roman",
      "color": null,
      "bold": false,
      "italic": false,
      "capitalized": false,
      "type": "INPUT_GENERATOR",
      "fontSize": 12
    },
  
    {
      "bookmarkId": "Associés_3",
      "value": "input_nom_prénom_associé_",
      "fontFamily": "Times New Roman",
      "color": null,
      "bold": false,
      "italic": false,
      "capitalized": false,
      "type": "INPUT_GENERATOR",
      "fontSize": 12
    }
  
  ]
  
}	