{
  "steps": [
  {
      "id": "step_informations_sur_lassemble",
      "title": "Informations sur l'assemblée",
      "description": "",
      "blocs": ["bloc_details_assemblé",
	   "bloc_autres_personnes",
	            "bloc_autre_personne_1",
				"bloc_autre_personne_2",
				"bloc_autre_personne_3",
				"bloc_autre_personne_4",
				"bloc_autre_personne_5"],
      "visibility": true
    },
	
  

	 {
      "id": "step_convocation",
      "title": "Le gérant",
      "description": "",
      "blocs": ["bloc_resultat_exercice_beneficiare_deficiare",
	             "bloc_gerant_tun_or_not","bloc_question_dureee_mondat","bloc_gerant_remunere_or_not"],
      "visibility": true
    }
  ],
  "blocs": [
  

         
 
  
  {
      "id": "bloc_details_assemblé",
      "title": "",
      "description": "",
      "inputs": [
	    "input_denomination_sociale",
		"input_siege_social",
		"input_capital_sociale_en_dinars",
		"input_identifiant_unique",
		"input_date_reunion_de_lassemble",
		"input_heure_debut_reuiion_lassemble",
		"input_heure_fin_reuiion_lassemble",
		"input_questionn_8"],
      "visibility": true
    },
	
 {
      "id": "bloc_autres_personnes",
      "title": "9- Autre(s) personne(s) présente(s) :",
      "description": "",
      "inputs": [
        "input_nombre_autres_personnes"
      ],
      "visibility": true
    },
	
	{"id": "bloc_autre_personne_1","title": "Autre personne présente 1","description": "","inputs": ["input_qualité_autres_personnes_1","input_nom_prénom_autres_personnes_1"],"visibility": false},
    {"id": "bloc_autre_personne_2","title": "Autre personne présente 2","description": "","inputs": ["input_qualité_autres_personnes_2","input_nom_prénom_autres_personnes_2"],"visibility": false},
    {"id": "bloc_autre_personne_3","title": "Autre personne présente 3","description": "","inputs": ["input_qualité_autres_personnes_3","input_nom_prénom_autres_personnes_3"],"visibility": false},
    {"id": "bloc_autre_personne_4","title": "Autre personne présente 4","description": "","inputs": ["input_qualité_autres_personnes_4","input_nom_prénom_autres_personnes_4"],"visibility": false},
    {"id": "bloc_autre_personne_5","title": "Autre personne présente 5","description": "","inputs": ["input_qualité_autres_personnes_5","input_nom_prénom_autres_personnes_5"],"visibility": false},


 
 {
      "id": "bloc_resultat_exercice_beneficiare_deficiare",
      "title": "",
      "description": "",
      "inputs": [
	    "input_nom_prenom_du_ancien_gerant",
		"input_nom_prenom_du_nouveau_gerant"],
      "visibility": true
    },
	{
      "id": "bloc_gerant_tun_or_not",
      "title": "12- Est-ce que le nouveau gérant est Tunisien ?",
      "description": "",
      "inputs": [
	    
		"input_reponse_non",
		"input_reponse_oui_num_cin",
		"input_reponse_oui",
		"input_reponse_non_num_passeport",
		"input_reponse_non_nationalite"],
      "visibility": true
    },
	{
      "id": "bloc_gerant_remunere_or_not",
      "title": "14- Est-ce que le gérant est rémunéré ?",
      "description": "",
      "inputs": [
	    
		"input_reponse_remunere_oui",
		"input_reponse_remuneration_brute",
		"input_reponse_remunere_non"
		],
      "visibility": true
    },
	{
      "id": "bloc_question_dureee_mondat",
      "title": "",
      "description": "",
      "inputs": [
	    
		"input_question_dureee_mondat"
		
		],
      "visibility": true
    }
  
  ],
  "inputs": [ 
  
  {"id": "input_question_dureee_mondat","type": "number","description": "",
  "name": "input_question_dureee_mondat","label": "13- Durée du mandat en années","placeHolder": "","help": "","options": [],
  "value": "","bookmarkIdPerValue": {"text": ["duree_mondat_question_12","duree_mondat_question_12_1"]},"visibility": true},
  
  
  {"id": "input_reponse_remuneration_brute","type": "number","description": "",
  "name": "input_reponse_remuneration_brute","label": "Quelle sera sa rémunération mensuelle brute en dinars ?","placeHolder": "","help": "","options": [],
  "value": "","bookmarkIdPerValue": {"text": ["remuneration_brute_oui"]},"visibility": false},
  
  
  {
			"id": "input_reponse_remunere_oui",
			"type": "radio",
			"description": "",
			"name": "remunere",
			"label": "Non",
			"placeHolder": "",
			"help": "",
			"options": [],
			"value": "Oui",
			"bookmarkIdPerValue": {
				"Oui": ["remunere_oui"]
				
			},
			"visibility": true
		},
        {
			"id": "input_reponse_remunere_non",
			"type": "radio",
			"description": "",
			"name": "remunere",
			"label": "Oui",
			"placeHolder": "",
			"help": "",
			"options": [],
			"value": "Non",
			"bookmarkIdPerValue": {
				"Non": ["remunere_non"]
				
			},
			"visibility": true
		},
  
  {"id": "input_reponse_oui_num_cin","type": "number","description": "",
  "name": "input_reponse_oui_num_cin","label": "Numéro de carte d’identité nationale du nouveau gérant","placeHolder": "","help": "","options": [],
  "value": "","bookmarkIdPerValue": {"text": ["num_cin_nv_gerant"]},"visibility": false},
  
  {"id": "input_reponse_non_num_passeport","type": "text","description": "",
  "name": "input_reponse_non_num_passeport","label": "Numéro de Passeport","placeHolder": "","help": "","options": [],
  "value": "","bookmarkIdPerValue": {"text": ["num_passport_gerant"]},"visibility": false},
  
  {"id": "input_reponse_non_nationalite","type": "country","description": "",
  "name": "input_reponse_non_nationalite","label": "Nationalité du passeport","placeHolder": "","help": "","options": [],
  "value": "","bookmarkIdPerValue": {"text": ["nationalité_grant"]},"visibility": false},
 
 
  
  {
			"id": "input_reponse_oui",
			"type": "radio",
			"description": "",
			"name": "reponse",
			"label": "Etranger",
			"placeHolder": "",
			"help": "",
			"options": [],
			"value": "Tunisien",
			"bookmarkIdPerValue": {
				"Tunisien": ["bookmarks_reponse_oui"]
				
			},
			"visibility": true
		},
  
       {
			"id": "input_reponse_non",
			"type": "radio",
			"description": "",
			"name": "reponse",
			"label": "Tunisien",
			"placeHolder": "",
			"help": "",
			"options": [],
			"value": "Etranger",
			"bookmarkIdPerValue": {
				"Etranger": ["bookmarks_reponse_non"]
				
			},
			"visibility": true
		},
  
  
  
  

  {"id": "input_nom_prenom_du_ancien_gerant",
  "type": "text","description": "",
  "name": "input_nom_prenom_du_ancien_gerant",
  "label": "10- Nom et Prénom du ancien gérant",
  "placeHolder": "","help": "","options": [],"value": "",
  "bookmarkIdPerValue": {"text": ["nom_prenom_ancien_gerant"]},"visibility": true},
  
  
  {"id": "input_nom_prenom_du_nouveau_gerant",
  "type": "text","description": "",
  "name": "input_nom_prenom_du_nouveau_gerant",
  "label": "11- Nom et Prénom du nouveau gérant",
  "placeHolder": "","help": "","options": [],"value": "",
  "bookmarkIdPerValue": {"text": ["nom_prenom_nouveau_gerant","nom_prenom_nouveau_gerant_2","nom_prenom_nouveau_gerant_3"]},"visibility": true},
 


{
      "id": "input_nombre_autres_personnes",
      "type": "select_input_generator",
      "description": "",
      "name": "input_nombre_autres_personnes",
      "label": "Nombre d'autres personnes présentes :",
      "placeHolder": "--Autres personnes présentes--",
      "help": " --- Il peut s’agir du nouveau gérant ---",
      "options": ["0","1", "2", "3", "4", "5"],
      "value": "0",
      "bookmarkIdPerValue": {
		"0": ["Autre_personnes_non", "Autre_personnes_non_2"],
        "1": ["Autre_personnes"],
        "2": ["Autre_personnes"],
        "3": ["Autre_personnes"],
        "4": ["Autre_personnes"],
        "5": ["Autre_personnes"]
      },
      "visibility": true
    },
    {"id": "input_qualité_autres_personnes_1","type": "text","description": "","name": "input_qualité_autres_personnes_1","label": "Qualité :","placeHolder": "","help": "","options": [],"value": "","bookmarkIdPerValue": {},"visibility": true},
    {"id": "input_qualité_autres_personnes_2","type": "text","description": "","name": "input_qualité_autres_personnes_2","label": "Qualité :","placeHolder": "","help": "","options": [],"value": "","bookmarkIdPerValue": {},"visibility": true},
    {"id": "input_qualité_autres_personnes_3","type": "text","description": "","name": "input_qualité_autres_personnes_3","label": "Qualité :","placeHolder": "","help": "","options": [],"value": "","bookmarkIdPerValue": {},"visibility": true},
    {"id": "input_qualité_autres_personnes_4","type": "text","description": "","name": "input_qualité_autres_personnes_4","label": "Qualité :","placeHolder": "","help": "","options": [],"value": "","bookmarkIdPerValue": {},"visibility": true},
    {"id": "input_qualité_autres_personnes_5","type": "text","description": "","name": "input_qualité_autres_personnes_5","label": "Qualité :","placeHolder": "","help": "","options": [],"value": "","bookmarkIdPerValue": {},"visibility": true},

    {"id": "input_nom_prénom_autres_personnes_1","type": "text","description": "","name": "input_nom_prénom_autres_personnes_1","label": "Nom et prénom :","placeHolder": "","help": "","options": [],"value": "","bookmarkIdPerValue": {},"visibility": true},
    {"id": "input_nom_prénom_autres_personnes_2","type": "text","description": "","name": "input_nom_prénom_autres_personnes_2","label": "Nom et prénom :","placeHolder": "","help": "","options": [],"value": "","bookmarkIdPerValue": {},"visibility": true},
    {"id": "input_nom_prénom_autres_personnes_3","type": "text","description": "","name": "input_nom_prénom_autres_personnes_3","label": "Nom et prénom :","placeHolder": "","help": "","options": [],"value": "","bookmarkIdPerValue": {},"visibility": true},
    {"id": "input_nom_prénom_autres_personnes_4","type": "text","description": "","name": "input_nom_prénom_autres_personnes_4","label": "Nom et prénom :","placeHolder": "","help": "","options": [],"value": "","bookmarkIdPerValue": {},"visibility": true},
    {"id": "input_nom_prénom_autres_personnes_5","type": "text","description": "","name": "input_nom_prénom_autres_personnes_5","label": "Nom et prénom :","placeHolder": "","help": "","options": [],"value": "","bookmarkIdPerValue": {},"visibility": true},
	   


  
	  
	  
    {"id": "input_denomination_sociale","type": "text","description": "","name": "input_denomination_sociale","label": "1- Dénomination Sociale","placeHolder": "","help": "","options": [],"value": "","bookmarkIdPerValue": { "text": ["denomination_sociale","denomination_sociale_1"]},"visibility": true},
	{"id": "input_capital_sociale_en_dinars", "type": "text", "description": "", "name": "input_capital_sociale_en_dinars", "label": "3- Capital social en Dinars", "placeHolder": "","help": "","options": [],"value": "","bookmarkIdPerValue": {  "text": ["capital_sociale_en_dinars","capital_sociale_en_dinars_1"]},"visibility": true},
	{"id": "input_siege_social","type": "text","description": "","name": "input_siege_social","label": "2- Siège Social","placeHolder": "","help": "","options": [],"value": "","bookmarkIdPerValue": { "text": ["siege_social"] }, "visibility": true},
	{"id": "input_identifiant_unique","type": "text","description": "","name": "input_identifiant_unique","label": "4- Identifiant Unique","placeHolder": "","help": "","options": [],"value": "","bookmarkIdPerValue": {"text": ["identifiant_unique"]}, "visibility": true},
	{"id": "input_date_reunion_de_lassemble","type": "date", "description": "","name": "input_date_reunion_de_lassemble", "label": "5- Date de réunion de l'assemblée", "placeHolder": "", "help": "","options": [],"value": "","bookmarkIdPerValue": { "text": ["date_reunion_lassemble","date_reunion_lassemble_1"]}, "visibility": true},
	{"id": "input_heure_debut_reuiion_lassemble","type": "time","description": "","name": "input_heure_debut_reuiion_lassemble","label": "6- Heure de début de la réunion de l'assemblée","placeHolder": "","help": "", "options": [], "value": "","bookmarkIdPerValue": {  "text": ["heure_debut_reuiion"]},"visibility": true},
	{"id": "input_heure_fin_reuiion_lassemble","type": "time","description": "","name": "input_heure_fin_reuiion_lassemble","label": "7- Heure de fin de la réunion de l'assemblée","placeHolder": "","help": "","options": [],"value": "","bookmarkIdPerValue": {"text": ["heure_fin_reuiion"] }, "visibility": true},
  	{"id": "input_questionn_8","type": "text","description": "","name": "input_questionn_8","label": "8- Quel est le nom et le prénom de l’associé unique ?","placeHolder": "","help": "","options": [],"value": "","bookmarkIdPerValue": {"text": ["question_8","question_8_1"] }, "visibility": true}

 
  
 
  
   ],
  "bookmarks": [
  
 





  
  {"bookmarkId": "denomination_sociale","value": "","fontFamily": "Times New Roman","color": null,"bold": true,"underline": "single","italic": false,"capitalized": false,"type": "USER_INPUT","fontSize": 12},
  {"bookmarkId": "denomination_sociale_1","value": "","fontFamily": "Times New Roman","color": null,"bold": false,"italic": false,"capitalized": false,"type": "USER_INPUT","fontSize": 12},
  {"bookmarkId": "capital_sociale_en_dinars","value": "","fontFamily": "Times New Roman","color": null,"bold": true,"underline": "single","italic": false,"capitalized": false,"type": "USER_INPUT","fontSize": 12},
  {"bookmarkId": "capital_sociale_en_dinars_1","value": "","fontFamily": "Times New Roman","color": null,"bold": false,"italic": false,"capitalized": false,"type": "USER_INPUT","fontSize": 12},
  {"bookmarkId": "siege_social","value": "","fontFamily": "Times New Roman","color": null,"bold": true,"italic": false,"underline": "single","capitalized": false,"type": "USER_INPUT","fontSize": 12},
  {"bookmarkId": "identifiant_unique","value": "","fontFamily": "Times New Roman","color": null,"bold": true,"italic": false,"underline": "single","capitalized": false,"type": "USER_INPUT","fontSize": 12},
  {"bookmarkId": "date_reunion_lassemble","value": "","fontFamily": "Times New Roman","color": null,"bold": true,"underline": "single","italic": false,"capitalized": false,"type": "USER_INPUT","fontSize": 12},
  {"bookmarkId": "date_reunion_lassemble_1","value": "","fontFamily": "Times New Roman","color": null,"bold": false,"italic": false,"capitalized": false,"type": "USER_INPUT","fontSize": 12},
  {"bookmarkId": "heure_debut_reuiion","value": "","fontFamily": "Times New Roman","color": null,"bold": false,"italic": false,"capitalized": false,"type": "USER_INPUT","fontSize": 12},
  {"bookmarkId": "heure_fin_reuiion","value": "","fontFamily": "Times New Roman","color": null,"bold": false,"italic": false,"capitalized": false,"type": "USER_INPUT","fontSize": 12},
  {"bookmarkId": "question_8","value": "","fontFamily": "Times New Roman","color": null,"bold": false,"italic": false,"capitalized": false,"type": "USER_INPUT","fontSize": 12},
  {"bookmarkId": "question_8_1","value": "","fontFamily": "Times New Roman","color": null,"bold": true,"italic": false,"capitalized": false,"type": "USER_INPUT","fontSize": 12},

  
  {
      "bookmarkId": "Autre_personnes_non",
      "value": "",
      "fontFamily": "Times New Roman",
      "color": null,
      "bold": false,
      "italic": false,
      "capitalized": false,
      "type": "PARAGRAPH_WITH_BOOKMARKS",
      "fontSize": 12
    },
    {
      "bookmarkId": "Autre_personnes_non_2",
      "value": "",
      "fontFamily": "Times New Roman",
      "color": null,
      "bold": false,
      "italic": false,
      "capitalized": false,
      "type": "INPUT_GENERATOR",
      "fontSize": 12
    },
    {
      "bookmarkId": "Autre_personnes",
      "value": "input_qualité_autres_personnes_ input_nom_prénom_autres_personnes_",
      "fontFamily": "Times New Roman",
      "color": null,
      "bold": false,
      "italic": false,
      "capitalized": false,
      "type": "INPUT_GENERATOR",
      "fontSize": 12
	},
 

 
   
	
	{
      "bookmarkId": "nom_prenom_ancien_gerant",
      "value": "",
      "fontFamily": "Times New Roman",
      "color": null,
      "bold": false,
      "italic": false,
      "capitalized": false,
      "type": "USER_INPUT",
      "fontSize": 12
    },
	{
      "bookmarkId": "nom_prenom_nouveau_gerant",
      "value": "",
      "fontFamily": "Times New Roman",
      "color": null,
      "bold": false,
	  
      "italic": false,
      "capitalized": false,
      "type": "USER_INPUT",
      "fontSize": 12
    },
	{
      "bookmarkId": "nom_prenom_nouveau_gerant_2",
      "value": "",
      "fontFamily": "Times New Roman",
      "color": null,
      "bold": false,
      "italic": false,
      "capitalized": false,
      "type": "USER_INPUT",
      "fontSize": 12
    },
	{
      "bookmarkId": "nom_prenom_nouveau_gerant_3",
      "value": "",
      "fontFamily": "Times New Roman",
      "color": null,
      "bold": true,
      "italic": false,
      "capitalized": false,
      "type": "USER_INPUT",
      "fontSize": 12
    },
	
	{
      "bookmarkId": "num_cin_nv_gerant",
      "value": "",
      "fontFamily": "Times New Roman",
      "color": null,
      "bold": false,
      "italic": false,
      "capitalized": false,
      "type": "USER_INPUT",
      "fontSize": 12
    },
	{
      "bookmarkId": "num_passport_gerant",
      "value": "",
      "fontFamily": "Times New Roman",
      "color": null,
      "bold": false,
      "italic": false,
      "capitalized": false,
      "type": "USER_INPUT",
      "fontSize": 12
    },
	{
      "bookmarkId": "nationalité_grant",
      "value": "",
      "fontFamily": "Times New Roman",
      "color": null,
      "bold": false,
      "italic": false,
      "capitalized": false,
      "type": "USER_INPUT",
      "fontSize": 12
    },
	{
      "bookmarkId": "remuneration_brute_oui",
      "value": "",
      "fontFamily": "Times New Roman",
      "color": null,
      "bold": false,
      "italic": false,
      "capitalized": false,
      "type": "USER_INPUT",
      "fontSize": 12
    },
	{
      "bookmarkId": "duree_mondat_question_12",
      "value": "",
      "fontFamily": "Times New Roman",
      "color": null,
      "bold": false,
      "italic": false,
      "capitalized": false,
      "type": "USER_INPUT",
      "fontSize": 12
    },
	{
      "bookmarkId": "duree_mondat_question_12_1",
      "value": "",
      "fontFamily": "Times New Roman",
      "color": null,
      "bold": false,
      "italic": false,
      "capitalized": false,
      "type": "USER_INPUT",
      "fontSize": 12
    },
{"bookmarkId": "bookmarks_reponse_oui","value": "","fontFamily": "Times New Roman","color": null,
"bold": false,"italic": false,"capitalized": false,"underline": null,"type": "PARAGRAPH_WITH_BOOKMARKS", "fontSize": 12},
  {"bookmarkId": "bookmarks_reponse_non","value": "","fontFamily": "Times New Roman","color": null,
  "bold": false,"italic": false,"capitalized": false,"underline": null,"type": "PARAGRAPH_WITH_BOOKMARKS", "fontSize": 12},

	 {"bookmarkId": "remunere_oui","value": "","fontFamily": "Times New Roman","color": null,
  "bold": false,"italic": false,"capitalized": false,"underline": null,"type": "PARAGRAPH_WITH_BOOKMARKS", "fontSize": 12},

	
 {"bookmarkId": "remunere_non","value": "","fontFamily": "Times New Roman","color": null,
  "bold": false,"italic": false,"capitalized": false,"underline": null,"type": "PARAGRAPH_WITH_BOOKMARKS", "fontSize": 12}

	


	

	

	



  ]
}