{
  "steps": [
    {
      "id": "step_informations_générales_société",
      "title": "La société",
      "description": "",
      "blocs": [
        "bloc_informations_générales_société"
 
      ],
      "visibility": true
    },
	
	 {
      "id": "step_entre_les_soussignees",
      "title": "Parties",
      "description": "",
      "blocs": ["bloc_personne_physique_morale"],
      "visibility": true
    }
	
	
	],
	
	
	
	 "blocs": [
    {
      "id": "bloc_informations_générales_société",
      "title": "",
      "description": "",
      "inputs": [
        "input_dénomination_de_la_société",
        "input_adresse_de_la_société",
        "input_domaine_activité_société"
      ],
      "visibility": true
    },
	
	
	{
			"id": "bloc_personne_physique_morale",
			"title": "4- Est-ce la personne est une personne morale ou physique ?",
			"description": "",
			"inputs": [

				
				"input_reponse_personne_1",
				"input_reponse_personne_2"
				
				
				
			],
			"visibility": true
		}
	
	
	],
	
	
	"inputs": [
    {
      "id": "input_dénomination_de_la_société",
      "type": "text",
      "description": "",
      "name": "input_dénomination_de_la_société",
      "label": "1- Dénomination de la société ",
      "placeHolder": "",
      "help": "",
      "options": [],
      "value": "",
      "bookmarkIdPerValue": {
        "text": [
          "Dénomination_de_la_société",
          "Dénomination_sociale_de_la_société"
        ]
      },
      "visibility": true
    },
    {
      "id": "input_adresse_de_la_société",
      "type": "text",
      "description": "",
      "name": "input_adresse_de_la_société",
      "label": "3- Siège social ",
      "placeHolder": "",
      "help": "",
      "options": [],
      "value": "",
      "bookmarkIdPerValue": {
        "text": [
          "Adresse_de_la_société",
          "Adresse_de_la_société_art4"
        ]
      },
      "visibility": true
    },
    {
      "id": "input_domaine_activité_société",
      "type": "text",
      "description": "",
      "name": "input_domaine_activité_société",
      "label": "2- Capital social en dinars",
      "placeHolder": "",
      "help": "",
      "options": [],
      "value": "",
      "bookmarkIdPerValue": {
        "text": [
			 "Capital_social_de_la_société"
        ]
      },
      "visibility": true
    },
	
	
	
	{
			"id": "input_reponse_personne_2",
			"type": "select_input_generator",
			"description": "",
			"name": "reponse",
			"label": "Personne 2:",
			"placeHolder": "",
			"help": "",
			"options": ["Personne physique","Personne morale"],
			"value": "",
			"bookmarkIdPerValue": {
				"Personne physique": [""],
				"Personne morale": [""]
				
			},
			"visibility": true
		},
		
		
		
		

		{
			"id": "input_reponse_personne_1",
			"type": "select_input_generator",
			"description": "",
			"name": "reponse",
			"label": "Personne 1:",
			"placeHolder": "",
			"help": "",
			"options": ["Personne physique","Personne morale"],
			"value": "",
			"bookmarkIdPerValue": {
				"Personne physique": [""],
				"Personne morale": [""]
				
			},
			"visibility": true
		}
		
		
	
	
	
	],
	
	"bookmarks": [

    {
      "bookmarkId": "Dénomination_de_la_société",
      "value": null,
      "fontFamily": "Times New Roman",
      "color": null,
      "bold": true,
      "italic": false,
      "capitalized": false,
      "type": "USER_INPUT",
      "fontSize": 11
    },
    {
      "bookmarkId": "Dénomination_sociale_de_la_société",
      "value": null,
      "fontFamily": "Times New Roman",
      "color": null,
      "bold": true,
      "italic": false,
      "capitalized": false,
      "type": "USER_INPUT",
      "fontSize": 11
    },
    {
      "bookmarkId": "Capital_social_de_la_société",
      "value": null,
      "fontFamily": "Times New Roman",
      "color": null,
      "bold": true,
      "italic": false,
      "capitalized": false,
      "type": "USER_INPUT",
      "fontSize": 11
    },
    
    {
      "bookmarkId": "Adresse_de_la_société",
      "value": null,
      "fontFamily": "Times New Roman",
      "color": null,
      "bold": true,
      "italic": false,
      "capitalized": false,
      "type": "USER_INPUT",
      "fontSize": 11
    },
    {
      "bookmarkId": "Adresse_de_la_société_art4",
      "value": null,
      "fontFamily": "Times New Roman",
      "color": null,
      "bold": true,
      "italic": false,
      "capitalized": false,
      "type": "USER_INPUT",
      "fontSize": 11
    }
	
	
	
	]
    
}	
	