{
  "steps": [
   {
      "id": "step_nature_peronne_caution",
      "title": "Le Bailleur",
      "description": "la partie qui donne en location l’immeuble en sa possession",
      "blocs": ["bloc_nature_peronne_caution"],
      "visibility": true
    },
	 {
      "id": "step_caution",
      "title": "Le Bailleur",
      "description": "",
      "blocs": [
        "bloc_personne_physique_tunisienne_caution",
        "bloc_personne_physique_etrangere_caution",
		"bloc_personne_morale_tunisienne_caution",
		"bloc_personne_morale_etrangere_caution"
      ],
      "visibility": true
    },
	{
      "id": "step_nature_peronne_debiteur",
      "title": "Le Preneur",
      "description": "la partie qui exploite l’immeuble par voie de location",
      "blocs": ["bloc_nature_peronne_debiteur"],
      "visibility": true
    },
	{
      "id": "step_debiteur",
      "title": "Le Preneur",
      "description": "",
      "blocs": [
        "bloc_personne_physique_tunisienne_debiteur",
        "bloc_personne_physique_etrangere_debiteur",
		"bloc_personne_morale_tunisienne_debiteur",
		"bloc_personne_morale_etrangere_debiteur"
      ],
      "visibility": true
    },
	{
      "id": "step_question_3_4_5_6_7_8_9",
      "title": "",
      "description": "",
      "blocs": [
        "bloc_question_3",
        "bloc_question_4",
		"bloc_question_5",
		"bloc_question_6_7",
		"bloc_question_8_9"
		
      ],
      "visibility": true
    }
  ],
  "blocs": [
    {
      "id": "bloc_question_8_9",
      "title": "Période de location",
      "description": "",
      "inputs": [
        "input_question_8",
		"input_question_9"],
      "visibility": true
    },
  {
      "id": "bloc_question_6_7",
      "title": "Caractéristiques du local loué ",
      "description": "",
      "inputs": [
        "input_question_6",
		"input_question_7",
		"input_question_7_1"],
      "visibility": true
    },
   {
      "id": "bloc_question_5",
      "title": "Loyer",
      "description": "",
      "inputs": [
        "input_question_5_loyer"],
      "visibility": true
    },
  {
      "id": "bloc_question_3",
      "title": "Quelle est la qualité de la personne qui a reçu le loyer ? ",
      "description": "",
      "inputs": [
        "input_question_3_bailleur",
        "input_question_3_mandataire_du_bailleur",
		"input_question_3_mandataire_du_bailleur_nom",
		"input_question_3_mandataire_du_bailleur_prenom"],
      "visibility": true
    },
	{
      "id": "bloc_question_4",
      "title": "Quelle est la qualité de la personne qui a payé le loyer ? ",
      "description": "",
      "inputs": [
        "input_question_4_preneur",
        "input_question_4_mandataire_du_preneur",
		"input_question_4_mandataire_du_preneur_nom",
		"input_question_4_mandataire_du_preneur_prenom"],
      "visibility": true
    },
   {
      "id": "bloc_nature_peronne_caution",
      "title": "",
      "description": "",
      "inputs": [
        "input_nature_personne_physique_tunisienne_caution",
        "input_nature_personne_physique_etrangere_caution",
		"input_nature_personne_morale_tunisienne_caution",
		"input_nature_personne_morale_etrangere_caution"],
      "visibility": true
    },
	{
      "id": "bloc_personne_physique_tunisienne_caution",
      "title": "Personne physique tunisienne",
      "description": "",
      "inputs": [
        "input_nom_personne_physique_tunisienne_caution",
		"input_prenom_personne_physique_tunisienne_caution",
		"input_date_naissance_personne_physique_tunisienne_caution",
		"input_lieu_naissance_personne_physique_tunisienne_caution",
		"input_numero_cin_personne_physique_tunisienne_caution",
		"input_lieu_delivrance_cin_personne_physique_tunisienne_caution",
		"input_date_delivrance_cin_personne_physique_tunisienne_caution",
		"input_adresse_personne_physique_tunisienne_caution"],
      "visibility": true
    },
	{
      "id": "bloc_personne_physique_etrangere_caution",
      "title": "Personne physique étrangère",
      "description": "",
      "inputs": [
        "input_nom_personne_physique_etrangere_caution",
		"input_prenom_personne_physique_etrangere_caution",
		"input_nationalité_personne_physique_etrangere_caution",
		"input_pays_emmetteur_passeport_personne_physique_etrangere_caution",
		"input_numero_passeport_personne_physique_etrangere_caution",
		"input_date_delivrance_passeport_personne_physique_etrangere_caution",
		"input_adresse_personne_physique_etrangere_caution"],
      "visibility": false
    },
	{
      "id": "bloc_personne_morale_tunisienne_caution",
      "title": "Personne morale tunisienne",
      "description": "",
      "inputs": [
        "input_denomination_personne_morale_tunisienne_caution",
		"input_forme_personne_morale_tunisienne_caution",
		"input_champ_libre_forme_1",
		"input_capital_personne_morale_tunisienne_caution",
		"input_adresse_siege_personne_morale_tunisienne_caution",
		"input_identifiant_unique_personne_morale_tunisienne_caution",
		"input_nom_personne_morale_tunisienne_caution",
		"input_prenom_personne_morale_tunisienne_caution"],
      "visibility": false
    },
	{
      "id": "bloc_personne_morale_etrangere_caution",
      "title": "Personne morale étrangère",
      "description": "",
      "inputs": [
        "input_denomination_personne_morale_etrangere_caution",
		"input_forme_personne_morale_etrangere_caution",
		"input_champ_libre_forme_2",
		"input_pays_immatriculation_personne_morale_etrangere_caution",
		"input_adresse_siege_personne_morale_etrangere_caution",
		"input_num_immatriculation_personne_morale_etrangere_caution",
		"input_nom_personne_morale_etrangere_caution",
		"input_prenom_personne_morale_etrangere_caution"],
      "visibility": false
    },
	{
      "id": "bloc_nature_peronne_debiteur",
      "title": "",
      "description": "",
      "inputs": [
        "input_nature_personne_physique_tunisienne_debiteur",
        "input_nature_personne_physique_etrangere_debiteur",
		"input_nature_personne_morale_tunisienne_debiteur",
		"input_nature_personne_morale_etrangere_debiteur"],
      "visibility": true
    },
	{
      "id": "bloc_personne_physique_tunisienne_debiteur",
      "title": "Personne physique tunisienne",
      "description": "",
      "inputs": [
        "input_nom_personne_physique_tunisienne_debiteur",
		"input_prenom_personne_physique_tunisienne_debiteur",
		"input_date_naissance_personne_physique_tunisienne_debiteur",
		"input_lieu_naissance_personne_physique_tunisienne_debiteur",
		"input_numero_cin_personne_physique_tunisienne_debiteur",
		"input_lieu_delivrance_cin_personne_physique_tunisienne_debiteur",
		"input_date_delivrance_cin_personne_physique_tunisienne_debiteur",
		"input_adresse_personne_physique_tunisienne_debiteur"],
      "visibility": true
    },
	{
      "id": "bloc_personne_physique_etrangere_debiteur",
      "title": "Personne physique étrangère",
      "description": "",
      "inputs": [
        "input_nom_personne_physique_etrangere_debiteur",
		"input_prenom_personne_physique_etrangere_debiteur",
		"input_nationalité_personne_physique_etrangere_debiteur",
		"input_pays_emmetteur_passeport_personne_physique_etrangere_debiteur",
		"input_numero_passeport_personne_physique_etrangere_debiteur",
		"input_date_delivrance_passeport_personne_physique_etrangere_debiteur",
		"input_adresse_personne_physique_etrangere_debiteur"],
      "visibility": false
    },
	{
      "id": "bloc_personne_morale_tunisienne_debiteur",
      "title": "Personne morale tunisienne",
      "description": "",
      "inputs": [
        "input_denomination_personne_morale_tunisienne_debiteur",
		"input_forme_personne_morale_tunisienne_debiteur",
		"input_champ_libre_forme_3",
		"input_capital_personne_morale_tunisienne_debiteur",
		"input_adresse_siege_personne_morale_tunisienne_debiteur",
		"input_identifiant_unique_personne_morale_tunisienne_debiteur",
		"input_nom_personne_morale_tunisienne_debiteur",
		"input_prenom_personne_morale_tunisienne_debiteur"],
      "visibility": false
    },
	{
      "id": "bloc_personne_morale_etrangere_debiteur",
      "title": "Personne morale étrangère",
      "description": "",
      "inputs": [
        "input_denomination_personne_morale_etrangere_debiteur",
		"input_forme_personne_morale_etrangere_debiteur",
		"input_champ_libre_forme_4",
		"input_pays_immatriculation_personne_morale_etrangere_debiteur",
		"input_adresse_siege_personne_morale_etrangere_debiteur",
		"input_num_immatriculation_personne_morale_etrangere_debiteur",
		"input_nom_personne_morale_etrangere_debiteur",
		"input_prenom_personne_morale_etrangere_debiteur"],
      "visibility": false
    }
  ],
  "inputs": [
  {
      "id": "input_question_8",
      "type": "text",
      "description": "",
      "name": "input_question_8",
      "label": "Quelle est la date du début de la période de location ?",
      "placeHolder": "",
      "help": "",
      "options": [],
      "value": "",
      "bookmarkIdPerValue": {
        "text": ["bookmarks_question_8"]
        },
      "visibility": true
    },
	{
      "id": "input_question_9",
      "type": "text",
      "description": "",
      "name": "input_question_9",
      "label": "Quelle est l’acte de la fin de la période de location ?",
      "placeHolder": "",
      "help": "",
      "options": [],
      "value": "",
      "bookmarkIdPerValue": {
        "text": ["bookmarks_question_9"]
        },
      "visibility": true
    },
  {
      "id": "input_question_7",
      "type": "select",
      "description": "",
      "name": "input_question_7",
      "label": "Titre foncier",
      "placeHolder": "------------------ Titre foncier ------------------",
      "help": "",
      "options": ["N° du titre foncier","Non applicable"],
      "value": "",
      "bookmarkIdPerValue": {
        "N° du titre foncier": ["bookmarks_question_7"],
		"Non applicable": ["bookmarks_question_7"]
		
        },
      "visibility": true
    },
	{
      "id": "input_question_7_1",
      "type": "text",
      "description": "",
      "name": "input_question_7_1",
      "label": "Quel est le numéro de titre foncier ?",
      "placeHolder": "",
      "help": "",
      "options": [],
      "value": "",
      "bookmarkIdPerValue": {
        "text": ["bookmarks_question_7_1"]
        },
      "visibility": false
    },
	
   {
      "id": "input_question_6",
      "type": "text",
      "description": "",
      "name": "input_question_6",
      "label": "Quelle est l’adresse du local ? ",
      "placeHolder": "",
      "help": "",
      "options": [],
      "value": "",
      "bookmarkIdPerValue": {
        "text": ["bookmarks_question_6"]
        },
      "visibility": true
    },
  {
      "id": "input_question_5_loyer",
      "type": "text",
      "description": "",
      "name": "input_question_5_loyer",
      "label": "Quel est le montant du loyer reçu en dinars tunisien ?",
      "placeHolder": "",
      "help": "",
      "options": [],
      "value": "",
      "bookmarkIdPerValue": {
        "text": ["question_5_loyer"]
        },
      "visibility": true
    },
   {
      "id": "input_question_3_bailleur",
      "type": "checkbox",
      "description": "",
      "name": "",
      "label": "Bailleur",
      "placeHolder": "",
      "help": "",
      "options": [],
      "value": "",
      "bookmarkIdPerValue": {
        "false": ["qustion_3_bailleur","qustion_3_bailleur_1"],
        "true": []
      },
      "visibility": true
	  },
	  {
      "id": "input_question_3_mandataire_du_bailleur",
      "type": "checkbox",
      "description": "",
      "name": "",
      "label": "Mandataire du bailleur ",
      "placeHolder": "",
      "help": "",
      "options": [],
      "value": "",
      "bookmarkIdPerValue": {
        "false": ["qustion_3_mandataire_bailleur","qustion_3_mandataire_bailleur_1"],
        "true": []
      },
      "visibility": true
	  },
	  {
      "id": "input_question_3_mandataire_du_bailleur_nom",
      "type": "text",
      "description": "",
      "name": "input_question_3_mandataire_du_bailleur_nom",
      "label": "Nom",
      "placeHolder": "",
      "help": "",
      "options": [],
      "value": "",
      "bookmarkIdPerValue": {
        "text": ["question_3_mandataire_du_bailleur_nom"]
        },
      "visibility": false
    },
	{
      "id": "input_question_3_mandataire_du_bailleur_prenom",
      "type": "text",
      "description": "",
      "name": "input_question_3_mandataire_du_bailleur_prenom",
      "label": "Prénom",
      "placeHolder": "",
      "help": "",
      "options": [],
      "value": "",
      "bookmarkIdPerValue": {
        "text": ["question_3_mandataire_du_bailleur_prenom"]
        },
      "visibility": false
    },
	 {
      "id": "input_question_4_preneur",
      "type": "checkbox",
      "description": "",
      "name": "",
      "label": "Preneur ",
      "placeHolder": "",
      "help": "",
      "options": [],
      "value": "",
      "bookmarkIdPerValue": {
        "false": ["qustion_4_preneur"],
        "true": []
      },
      "visibility": true
	  },
	  {
      "id": "input_question_4_mandataire_du_preneur",
      "type": "checkbox",
      "description": "",
      "name": "",
      "label": "Mandataire du preneur ",
      "placeHolder": "",
      "help": "",
      "options": [],
      "value": "",
      "bookmarkIdPerValue": {
        "false": ["qustion_4_mandataire_preneur"],
        "true": []
      },
      "visibility": true
	  },
	  {
      "id": "input_question_4_mandataire_du_preneur_nom",
      "type": "text",
      "description": "",
      "name": "input_question_4_mandataire_du_bailleur_nom",
      "label": "Nom",
      "placeHolder": "",
      "help": "",
      "options": [],
      "value": "",
      "bookmarkIdPerValue": {
        "text": ["question_4_mandataire_du_preneur_nom"]
        },
      "visibility": false
    },
	{
      "id": "input_question_4_mandataire_du_preneur_prenom",
      "type": "text",
      "description": "",
      "name": "input_question_4_mandataire_du_bailleur_prenom",
      "label": "Prénom",
      "placeHolder": "",
      "help": "",
      "options": [],
      "value": "",
      "bookmarkIdPerValue": {
        "text": ["question_4_mandataire_du_preneur_prenom"]
        },
      "visibility": false
    },


  {
      "id": "input_prenom_personne_morale_etrangere_debiteur",
      "type": "text",
      "description": "",
      "name": "input_prenom_personne_morale_etrangere_debiteur",
      "label": "Prénom du représentant",
      "placeHolder": "",
      "help": "",
      "options": [],
      "value": "",
      "bookmarkIdPerValue": {
        "text": ["prenom_morale_etrg_debiteur"]
        },
      "visibility": true
    },
   {
      "id": "input_nom_personne_morale_etrangere_debiteur",
      "type": "text",
      "description": "",
      "name": "input_nom_personne_morale_etrangere_debiteur",
      "label": "Nom du représentant signataire du document",
      "placeHolder": "",
      "help": "",
      "options": [],
      "value": "",
      "bookmarkIdPerValue": {
        "text": ["nom_morale_etrg_debiteur"]
        },
      "visibility": true
    },
  {
      "id": "input_num_immatriculation_personne_morale_etrangere_debiteur",
      "type": "text",
      "description": "",
      "name": "input_num_immatriculation_personne_morale_etrangere_debiteur",
      "label": "Numéro d’immatriculation dans le pays d’origine",
      "placeHolder": "",
      "help": "",
      "options": [],
      "value": "",
      "bookmarkIdPerValue": {
        "text": ["num_immat_morale_etrg_debiteur"]
        },
      "visibility": true
    },
  {
      "id": "input_adresse_siege_personne_morale_etrangere_debiteur",
      "type": "text",
      "description": "",
      "name": "input_adresse_siege_personne_morale_etrangere_debiteur",
      "label": "Adresse du siège social",
      "placeHolder": "",
      "help": "",
      "options": [],
      "value": "",
      "bookmarkIdPerValue": {
        "text": ["adress_morale_etrg_debiteur"]
        },
      "visibility": true
    },
   {
      "id": "input_pays_immatriculation_personne_morale_etrangere_debiteur",
      "type": "country",
      "description": "",
      "name": "input_pays_immatriculation_personne_morale_etrangere_debiteur",
      "label": "Pays d’immatriculation",
      "placeHolder": "",
      "help": "",
      "options": [],
      "value": "",
      "bookmarkIdPerValue": {
        "text": ["pays_immat_morale_etrg_debiteur"]
        },
      "visibility": true
    },
  {
      "id": "input_forme_personne_morale_etrangere_debiteur",
      "type": "select",
      "description": "",
      "name": "input_forme_personne_morale_etrangere_debiteur",
      "label": "Forme",
      "placeHolder": "",
      "help": "",
      "options": ["SA","SARL","SUARL","LLP","GMBH","Autre"],
      "value": "",
      "bookmarkIdPerValue": {
        "SA": ["forme_morale_etrg_debiteur"],
		"SARL": ["forme_morale_etrg_debiteur"],
		"SUARL": ["forme_morale_etrg_debiteur"],
		"LLP": ["forme_morale_etrg_debiteur"],
		"GMBH": ["forme_morale_etrg_debiteur"],
		"Autre": ["forme_morale_etrg_debiteur"]
        },
      "visibility": true
    },
	{
      "id": "input_champ_libre_forme_4",
      "type": "select",
      "description": "",
      "name": "input_champ_libre_forme_4",
      "label": "Préciser la forme",
      "placeHolder": "",
      "help": "",
      "options": [],
      "value": "",
      "bookmarkIdPerValue": {
          "text": ["forme_morale_etrg_debiteur"]
        },
      "visibility": false
    },
  {
      "id": "input_denomination_personne_morale_etrangere_debiteur",
      "type": "text",
      "description": "",
      "name": "input_denomination_personne_morale_etrangere_debiteur",
      "label": "Dénomination sociale",
      "placeHolder": "",
      "help": "",
      "options": [],
      "value": "",
      "bookmarkIdPerValue": {
        "text": ["denomi_morale_etrg_debiteur"]
        },
      "visibility": true
    },
  {
      "id": "input_prenom_personne_morale_tunisienne_debiteur",
      "type": "text",
      "description": "",
      "name": "input_prenom_personne_morale_tunisienne_debiteur",
      "label": "Prénom du représentant",
      "placeHolder": "",
      "help": "",
      "options": [],
      "value": "",
      "bookmarkIdPerValue": {
        "text": ["prenom_morale_tun_debiteur"]
        },
      "visibility": true
    },
  {
      "id": "input_nom_personne_morale_tunisienne_debiteur",
      "type": "text",
      "description": "",
      "name": "input_nom_personne_morale_tunisienne_debiteur",
      "label": "Nom du représentant signataire du document",
      "placeHolder": "",
      "help": "",
      "options": [],
      "value": "",
      "bookmarkIdPerValue": {
        "text": ["nom_morale_tun_debiteur"]
        },
      "visibility": true
    },
  {
      "id": "input_identifiant_unique_personne_morale_tunisienne_debiteur",
      "type": "text",
      "description": "",
      "name": "input_identifiant_unique_personne_morale_tunisienne_debiteur",
      "label": "Identifiant Unique",
      "placeHolder": "",
      "help": "",
      "options": [],
      "value": "",
      "bookmarkIdPerValue": {
        "text": ["identi_morale_tun_debiteur"]
        },
      "visibility": true
    },
  {
      "id": "input_adresse_siege_personne_morale_tunisienne_debiteur",
      "type": "text",
      "description": "",
      "name": "input_adresse_siege_personne_morale_tunisienne_debiteur",
      "label": "Adresse du siège social",
      "placeHolder": "",
      "help": "",
      "options": [],
      "value": "",
      "bookmarkIdPerValue": {
        "text": ["adresse_morale_tun_debiteur"]
        },
      "visibility": true
    },
  {
      "id": "input_capital_personne_morale_tunisienne_debiteur",
      "type": "text",
      "description": "",
      "name": "input_capital_personne_morale_tunisienne_debiteur",
      "label": "Capital social",
      "placeHolder": "",
      "help": "",
      "options": [],
      "value": "",
      "bookmarkIdPerValue": {
        "text": ["capital_morale_tun_debiteur"]
        },
      "visibility": true
    },
   {
      "id": "input_forme_personne_morale_tunisienne_debiteur",
      "type": "select",
      "description": "",
      "name": "input_forme_personne_morale_tunisienne_debiteur",
      "label": "Forme",
      "placeHolder": "",
      "help": "",
      "options": ["SA","SARL","SUARL","Autre"],
      "value": "",
      "bookmarkIdPerValue": {
        "SA": ["forme_morale_tun_debiteur"],
		"SARL": ["forme_morale_tun_debiteur"],
		"SUARL": ["forme_morale_tun_debiteur"],
		"Autre": ["forme_morale_tun_debiteur"]
        },
      "visibility": true
    },
	{
      "id": "input_champ_libre_forme_3",
      "type": "text",
      "description": "",
      "name": "input_champ_libre_forme_3",
      "label": "Préciser la forme",
      "placeHolder": "",
      "help": "",
      "options": [],
      "value": "",
      "bookmarkIdPerValue": {
        "text": ["forme_morale_tun_debiteur"]
        },
      "visibility": false
    },
  {
      "id": "input_denomination_personne_morale_tunisienne_debiteur",
      "type": "text",
      "description": "",
      "name": "input_denomination_personne_morale_tunisienne_debiteur",
      "label": "Dénomination sociale",
      "placeHolder": "",
      "help": "",
      "options": [],
      "value": "",
      "bookmarkIdPerValue": {
        "text": ["denomin_morale_tun_debiteur"]
        },
      "visibility": true
    },
  {
      "id": "input_adresse_personne_physique_etrangere_debiteur",
      "type": "text",
      "description": "",
      "name": "input_adresse_personne_physique_etrangere_debiteur",
      "label": "Adresse/Domiciliation",
      "placeHolder": "",
      "help": "",
      "options": [],
      "value": "",
      "bookmarkIdPerValue": {
        "text": ["adresse_phys_etrg_debiteur"]
        
      },
      "visibility": true
    },
  {
      "id": "input_date_delivrance_passeport_personne_physique_etrangere_debiteur",
      "type": "date",
      "description": "",
      "name": "input_date_delivrance_passeport_personne_physique_etrangere_debiteur",
      "label": "Date de délivrance du passeport",
      "placeHolder": "",
      "help": "",
      "options": [],
      "value": "",
      "bookmarkIdPerValue": {
        "text": ["date_passp_phys_etrg_debiteur"]
        
      },
      "visibility": true
    },
  {
      "id": "input_numero_passeport_personne_physique_etrangere_debiteur",
      "type": "text",
      "description": "",
      "name": "input_numero_passeport_personne_physique_etrangere_debiteur",
      "label": "Numéro de passeport",
      "placeHolder": "",
      "help": "",
      "options": [],
      "value": "",
      "bookmarkIdPerValue": {
        "text": ["num_passp_phys_etrg_debiteur"]
        
      },
      "visibility": true
    },
  {
      "id": "input_pays_emmetteur_passeport_personne_physique_etrangere_debiteur",
      "type": "country",
      "description": "",
      "name": "input_pays_emmetteur_passeport_personne_physique_etrangere_debiteur",
      "label": "Pays émetteur du Passeport",
      "placeHolder": "",
      "help": "",
      "options": [],
      "value": "",
      "bookmarkIdPerValue": {
        "text": ["pays_passp_phys_etrg_debiteur"]
        
      },
      "visibility": true
    },
  {
      "id": "input_nationalité_personne_physique_etrangere_debiteur",
      "type": "select",
      "description": "",
      "name": "input_nationalité_personne_physique_etrangere_debiteur",
      "label": "Nationalité",
      "placeHolder": "",
      "help": "",
      "options": ["Afghan-e",
"Sud-Africain-e",
"Albanais-e",
"Algérien-ne",
"Allemand-e",
"Andorran-e",
"Angolais-e",
"Saoudien-ne",
"Argentin-e",
"Arménien-ne",
"Arubain-ne",
"Australien-ne",
"Autrichien-ne",
"Azerbaïdjanais-e",
"Bahamien-ne",
"Bahreïnien-ne",
"Bangladais-e, Bangladeshi-e",
"Barbadien-ne",
"Biélorusse",
"Birman-e",
"Belge",
"Bélizien-ne",
"Béninois-e",
"Bermudien-ne",
"Bhoutanais-e",
"Bolivien-ne",
"Bosniaque, Bosnien-ne",
"Botswanais-e, Botswanéen-ne",
"Brésilien-ne",
"Brunéien-ne",
"Bulgare",
"Burkinabé-e, Burkinais-e",
"Burundais-e",
"Camerounais-e",
"Canadien-ne",
"Cap-Verdien-ne",
"Centrafricain-e",
"Chilien-ne",
"Chinois-e",
"Chypriote, Cypriote",
"Colombien-ne",
"Comorien-ne",
"Congolais-e",
"Congolais-e",
"Nord-Coréen-ne",
"Sud-Coréen-ne",
"Costaricain-e, Costaricien-ne",
"Ivoirien-ne",
"Croate",
"Cubain-e",
"Danois-e",
"Djiboutien-ne",
"Dominiquais-e",
"Égyptien-ne",
"Émirien-ne",
"Équatorien-ne",
"Érythréen-ne",
"Espagnol-e",
"Estonien-ne",
"Américain-e",
"Éthiopien-ne",
"Fidjien-ne",
"Finlandais-e",
"Français-e",
"Gabonais-e",
"Gambien-ne",
"Géorgien-ne",
"Ghanéen-ne",
"Gibraltarien-ne",
"Grec - Grecque",
"Grenadien-ne",
"Guatémaltèque",
"Guinéen-ne",
"Bissau-Guinéen-ne",
"Équato-Guinéen-ne",
"Guyanais-e, Guyanien-ne",
"Haïtien-ne",
"Hondurien-ne",
"Hongrois-e",
"Indien-ne",
"Indonésien-ne",
"Iranien-ne",
"Irakien-ne, Iraquien-ne",
"Irlandais-e",
"Islandais-e",
"Israélien-ne",
"Italien-ne",
"Jamaïcain-e",
"Japonais-e",
"Jordanien-ne",
"Kazakh(-e)",
"Kenyan-e",
"Kirghiz",
"Kiribatien-ne",
"Koweïtien-ne",
"Kosovar-e",
"Laotien-ne",
"Lesothan-e",
"Letton-(n)e",
"Libanais-e",
"Libérien-ne",
"Libyen-ne",
"Liechtensteinois-e",
"Lituanien-ne",
"Luxembourgeois-e",
"Macédonien-ne",
"Malgache",
"Malaisien-ne",
"Malawite, Malawien-ne",
"Maldivien-ne",
"Malien-ne",
"Maltais-e",
"Marocain-e",
"Mauricien-ne",
"Mauritanien-ne",
"Mexicain-e",
"Monégasque",
"Mongol-e",
"Monténégrin-e",
"Mozambicain-e",
"Namibien-ne",
"Népalais-e",
"Nicaraguayen-ne",
"Nigérien-ne",
"Nigérian-e",
"Norvégien-ne",
"Néo-Zélandais-e",
"Omanais-e",
"Ougandais-e",
"Ouzbek",
"Pakistanais-e",
"Panaméen-ne",
"Papouasien-ne",
"Paraguayen-ne",
"Néerlandais-e",
"Péruvien-ne",
"Philippin-e",
"Polonais-e",
"Portoricain-e",
"Portugais-e",
"Qatari-e, Qatarien-ne",
"Dominicain-e",
"Tchèque",
"Roumain-e",
"Britannique",
"Russe",
"Rwandais-e",
"Saint-Vincentais-e, Grenadin-e",
"Salvadorien-ne",
"Sénégalais-e",
"Serbe",
"Sierra-Léonais-e",
"Singapourien-ne",
"Slovaque",
"Slovène",
"Somalien-ne",
"Soudanais-e",
"Sri-Lankais-e",
"Suédois-e",
"Suisse",
"Surinamien-ne",
"Swazi-e",
"Syrien-ne",
"Tadjik",
"Taïwanais-e",
"Tanzanien-ne",
"Tchadien-ne",
"Thaïlandais-e",
"Est-Timorais-e",
"Togolais-e",
"Tunisien-ne",
"Turkmène",
"Turc - Turque",
"Tuvaluan-e",
"Ukrainien-ne",
"Uruguayen-ne",
"Vénézuélien-ne",
"Vietnamien-ne",
"Yéménite",
"Zambien-ne",
"Zimbabwéen-ne"],
      "value": "",
      "bookmarkIdPerValue": {
        "Afghan-e": ["nationalité_phy_etrg_debiteur"],
"Sud-Africain-e": ["nationalité_phy_etrg_debiteur"],
"Albanais-e": ["nationalité_phy_etrg_debiteur"],
"Algérien-ne": ["nationalité_phy_etrg_debiteur"],
"Allemand-e": ["nationalité_phy_etrg_debiteur"],
"Andorran-e": ["nationalité_phy_etrg_debiteur"],
"Angolais-e": ["nationalité_phy_etrg_debiteur"],
"Saoudien-ne": ["nationalité_phy_etrg_debiteur"],
"Argentin-e": ["nationalité_phy_etrg_debiteur"],
"Arménien-ne": ["nationalité_phy_etrg_debiteur"],
"Arubain-ne": ["nationalité_phy_etrg_debiteur"],
"Australien-ne": ["nationalité_phy_etrg_debiteur"],
"Autrichien-ne": ["nationalité_phy_etrg_debiteur"],
"Azerbaïdjanais-e": ["nationalité_phy_etrg_debiteur"],
"Bahamien-ne": ["nationalité_phy_etrg_debiteur"],
"Bahreïnien-ne": ["nationalité_phy_etrg_debiteur"],
"Bangladais-e, Bangladeshi-e": ["nationalité_phy_etrg_debiteur"],
"Barbadien-ne": ["nationalité_phy_etrg_debiteur"],
"Biélorusse": ["nationalité_phy_etrg_debiteur"],
"Birman-e": ["nationalité_phy_etrg_debiteur"],
"Belge": ["nationalité_phy_etrg_debiteur"],
"Bélizien-ne": ["nationalité_phy_etrg_debiteur"],
"Béninois-e": ["nationalité_phy_etrg_debiteur"],
"Bermudien-ne": ["nationalité_phy_etrg_debiteur"],
"Bhoutanais-e": ["nationalité_phy_etrg_debiteur"],
"Bolivien-ne": ["nationalité_phy_etrg_debiteur"],
"Bosniaque, Bosnien-ne": ["nationalité_phy_etrg_debiteur"],
"Botswanais-e, Botswanéen-ne": ["nationalité_phy_etrg_debiteur"],
"Brésilien-ne": ["nationalité_phy_etrg_debiteur"],
"Brunéien-ne": ["nationalité_phy_etrg_debiteur"],
"Bulgare": ["nationalité_phy_etrg_debiteur"],
"Burkinabé-e, Burkinais-e": ["nationalité_phy_etrg_debiteur"],
"Burundais-e": ["nationalité_phy_etrg_debiteur"],
"Camerounais-e": ["nationalité_phy_etrg_debiteur"],
"Canadien-ne": ["nationalité_phy_etrg_debiteur"],
"Cap-Verdien-ne": ["nationalité_phy_etrg_debiteur"],
"Centrafricain-e": ["nationalité_phy_etrg_debiteur"],
"Chilien-ne": ["nationalité_phy_etrg_debiteur"],
"Chinois-e": ["nationalité_phy_etrg_debiteur"],
"Chypriote, Cypriote": ["nationalité_phy_etrg_debiteur"],
"Colombien-ne": ["nationalité_phy_etrg_debiteur"],
"Comorien-ne": ["nationalité_phy_etrg_debiteur"],
"Congolais-e": ["nationalité_phy_etrg_debiteur"],
"Congolais-e": ["nationalité_phy_etrg_debiteur"],
"Nord-Coréen-ne": ["nationalité_phy_etrg_debiteur"],
"Sud-Coréen-ne": ["nationalité_phy_etrg_debiteur"],
"Costaricain-e, Costaricien-ne": ["nationalité_phy_etrg_debiteur"],
"Ivoirien-ne": ["nationalité_phy_etrg_debiteur"],
"Croate": ["nationalité_phy_etrg_debiteur"],
"Cubain-e": ["nationalité_phy_etrg_debiteur"],
"Danois-e": ["nationalité_phy_etrg_debiteur"],
"Djiboutien-ne": ["nationalité_phy_etrg_debiteur"],
"Dominiquais-e": ["nationalité_phy_etrg_debiteur"],
"Égyptien-ne": ["nationalité_phy_etrg_debiteur"],
"Émirien-ne": ["nationalité_phy_etrg_debiteur"],
"Équatorien-ne": ["nationalité_phy_etrg_debiteur"],
"Érythréen-ne": ["nationalité_phy_etrg_debiteur"],
"Espagnol-e": ["nationalité_phy_etrg_debiteur"],
"Estonien-ne": ["nationalité_phy_etrg_debiteur"],
"Américain-e": ["nationalité_phy_etrg_debiteur"],
"Éthiopien-ne": ["nationalité_phy_etrg_debiteur"],
"Fidjien-ne": ["nationalité_phy_etrg_debiteur"],
"Finlandais-e": ["nationalité_phy_etrg_debiteur"],
"Français-e": ["nationalité_phy_etrg_debiteur"],
"Gabonais-e": ["nationalité_phy_etrg_debiteur"],
"Gambien-ne": ["nationalité_phy_etrg_debiteur"],
"Géorgien-ne": ["nationalité_phy_etrg_debiteur"],
"Ghanéen-ne": ["nationalité_phy_etrg_debiteur"],
"Gibraltarien-ne": ["nationalité_phy_etrg_debiteur"],
"Grec - Grecque": ["nationalité_phy_etrg_debiteur"],
"Grenadien-ne": ["nationalité_phy_etrg_debiteur"],
"Guatémaltèque": ["nationalité_phy_etrg_debiteur"],
"Guinéen-ne": ["nationalité_phy_etrg_debiteur"],
"Bissau-Guinéen-ne": ["nationalité_phy_etrg_debiteur"],
"Équato-Guinéen-ne": ["nationalité_phy_etrg_debiteur"],
"Guyanais-e, Guyanien-ne": ["nationalité_phy_etrg_debiteur"],
"Haïtien-ne": ["nationalité_phy_etrg_debiteur"],
"Hondurien-ne": ["nationalité_phy_etrg_debiteur"],
"Hongrois-e": ["nationalité_phy_etrg_debiteur"],
"Indien-ne": ["nationalité_phy_etrg_debiteur"],
"Indonésien-ne": ["nationalité_phy_etrg_debiteur"],
"Iranien-ne": ["nationalité_phy_etrg_debiteur"],
"Irakien-ne, Iraquien-ne": ["nationalité_phy_etrg_debiteur"],
"Irlandais-e": ["nationalité_phy_etrg_debiteur"],
"Islandais-e": ["nationalité_phy_etrg_debiteur"],
"Israélien-ne": ["nationalité_phy_etrg_debiteur"],
"Italien-ne": ["nationalité_phy_etrg_debiteur"],
"Jamaïcain-e": ["nationalité_phy_etrg_debiteur"],
"Japonais-e": ["nationalité_phy_etrg_debiteur"],
"Jordanien-ne": ["nationalité_phy_etrg_debiteur"],
"Kazakh(-e)": ["nationalité_phy_etrg_debiteur"],
"Kenyan-e": ["nationalité_phy_etrg_debiteur"],
"Kirghiz": ["nationalité_phy_etrg_debiteur"],
"Kiribatien-ne": ["nationalité_phy_etrg_debiteur"],
"Koweïtien-ne": ["nationalité_phy_etrg_debiteur"],
"Kosovar-e": ["nationalité_phy_etrg_debiteur"],
"Laotien-ne": ["nationalité_phy_etrg_debiteur"],
"Lesothan-e": ["nationalité_phy_etrg_debiteur"],
"Letton-(n)e": ["nationalité_phy_etrg_debiteur"],
"Libanais-e": ["nationalité_phy_etrg_debiteur"],
"Libérien-ne": ["nationalité_phy_etrg_debiteur"],
"Libyen-ne": ["nationalité_phy_etrg_debiteur"],
"Liechtensteinois-e": ["nationalité_phy_etrg_debiteur"],
"Lituanien-ne": ["nationalité_phy_etrg_debiteur"],
"Luxembourgeois-e": ["nationalité_phy_etrg_debiteur"],
"Macédonien-ne": ["nationalité_phy_etrg_debiteur"],
"Malgache": ["nationalité_phy_etrg_debiteur"],
"Malaisien-ne": ["nationalité_phy_etrg_debiteur"],
"Malawite, Malawien-ne": ["nationalité_phy_etrg_debiteur"],
"Maldivien-ne": ["nationalité_phy_etrg_debiteur"],
"Malien-ne": ["nationalité_phy_etrg_debiteur"],
"Maltais-e": ["nationalité_phy_etrg_debiteur"],
"Marocain-e": ["nationalité_phy_etrg_debiteur"],
"Mauritanien-ne": ["nationalité_phy_etrg_debiteur"],
"Mexicain-e": ["nationalité_phy_etrg_debiteur"],
"Monégasque": ["nationalité_phy_etrg_debiteur"],
"Mongol-e": ["nationalité_phy_etrg_debiteur"],
"Monténégrin-e": ["nationalité_phy_etrg_debiteur"],
"Mozambicain-e": ["nationalité_phy_etrg_debiteur"],
"Namibien-ne": ["nationalité_phy_etrg_debiteur"],
"Népalais-e": ["nationalité_phy_etrg_debiteur"],
"Nicaraguayen-ne": ["nationalité_phy_etrg_debiteur"],
"Nigérien-ne": ["nationalité_phy_etrg_debiteur"],
"Nigérian-e": ["nationalité_phy_etrg_debiteur"],
"Norvégien-ne": ["nationalité_phy_etrg_debiteur"],
"Néo-Zélandais-e": ["nationalité_phy_etrg_debiteur"],
"Omanais-e": ["nationalité_phy_etrg_debiteur"],
"Ougandais-e": ["nationalité_phy_etrg_debiteur"],
"Ouzbek": ["nationalité_phy_etrg_debiteur"],
"Pakistanais-e": ["nationalité_phy_etrg_debiteur"],
"Panaméen-ne": ["nationalité_phy_etrg_debiteur"],
"Papouasien-ne": ["nationalité_phy_etrg_debiteur"],
"Paraguayen-ne": ["nationalité_phy_etrg_debiteur"],
"Néerlandais-e": ["nationalité_phy_etrg_debiteur"],
"Péruvien-ne": ["nationalité_phy_etrg_debiteur"],
"Philippin-e": ["nationalité_phy_etrg_debiteur"],
"Polonais-e": ["nationalité_phy_etrg_debiteur"],
"Portoricain-e": ["nationalité_phy_etrg_debiteur"],
"Portugais-e": ["nationalité_phy_etrg_debiteur"],
"Qatari-e, Qatarien-ne": ["nationalité_phy_etrg_debiteur"],
"Dominicain-e": ["nationalité_phy_etrg_debiteur"],
"Tchèque": ["nationalité_phy_etrg_debiteur"],
"Roumain-e": ["nationalité_phy_etrg_debiteur"],
"Britannique": ["nationalité_phy_etrg_debiteur"],
"Russe": ["nationalité_phy_etrg_debiteur"],
"Rwandais-e": ["nationalité_phy_etrg_debiteur"],
"Saint-Vincentais-e, Grenadin-e": ["nationalité_phy_etrg_debiteur"],
"Salvadorien-ne": ["nationalité_phy_etrg_debiteur"],
"Sénégalais-e": ["nationalité_phy_etrg_debiteur"],
"Serbe": ["nationalité_phy_etrg_debiteur"],
"Sierra-Léonais-e": ["nationalité_phy_etrg_debiteur"],
"Singapourien-ne": ["nationalité_phy_etrg_debiteur"],
"Slovaque": ["nationalité_phy_etrg_debiteur"],
"Slovène": ["nationalité_phy_etrg_debiteur"],
"Somalien-ne": ["nationalité_phy_etrg_debiteur"],
"Soudanais-e": ["nationalité_phy_etrg_debiteur"],
"Sri-Lankais-e": ["nationalité_phy_etrg_debiteur"],
"Suédois-e": ["nationalité_phy_etrg_debiteur"],
"Suisse": ["nationalité_phy_etrg_debiteur"],
"Surinamien-ne": ["nationalité_phy_etrg_debiteur"],
"Swazi-e": ["nationalité_phy_etrg_debiteur"],
"Syrien-ne": ["nationalité_phy_etrg_debiteur"],
"Tadjik": ["nationalité_phy_etrg_debiteur"],
"Taïwanais-e": ["nationalité_phy_etrg_debiteur"],
"Tanzanien-ne": ["nationalité_phy_etrg_debiteur"],
"Tchadien-ne": ["nationalité_phy_etrg_debiteur"],
"Thaïlandais-e": ["nationalité_phy_etrg_debiteur"],
"Est-Timorais-e": ["nationalité_phy_etrg_debiteur"],
"Togolais-e": ["nationalité_phy_etrg_debiteur"],
"Tunisien-ne": ["nationalité_phy_etrg_debiteur"],
"Turkmène": ["nationalité_phy_etrg_debiteur"],
"Turc - Turque": ["nationalité_phy_etrg_debiteur"],
"Tuvaluan-e": ["nationalité_phy_etrg_debiteur"],
"Ukrainien-ne": ["nationalité_phy_etrg_debiteur"],
"Uruguayen-ne": ["nationalité_phy_etrg_debiteur"],
"Vénézuélien-ne": ["nationalité_phy_etrg_debiteur"],
"Vietnamien-ne": ["nationalité_phy_etrg_debiteur"],
"Yéménite": ["nationalité_phy_etrg_debiteur"],
"Zambien-ne": ["nationalité_phy_etrg_debiteur"],
"Zimbabwéen-ne": ["nationalité_phy_etrg_debiteur"]
        
      },
      "visibility": true
    },
  {
      "id": "input_prenom_personne_physique_etrangere_debiteur",
      "type": "text",
      "description": "",
      "name": "input_prenom_personne_physique_etrangere_debiteur",
      "label": "Prénom",
      "placeHolder": "",
      "help": "",
      "options": [],
      "value": "",
      "bookmarkIdPerValue": {
        "text": ["prenom_phy_etrangere_debiteur"]
        
      },
      "visibility": true
    },
   {
      "id": "input_nom_personne_physique_etrangere_debiteur",
      "type": "text",
      "description": "",
      "name": "input_nom_personne_physique_etrangere_debiteur",
      "label": "Nom",
      "placeHolder": "",
      "help": "",
      "options": [],
      "value": "",
      "bookmarkIdPerValue": {
        "text": ["nom_phys_etrangere_debiteur"]
        
      },
      "visibility": true
    },
  {
      "id": "input_date_delivrance_cin_personne_physique_tunisienne_debiteur",
      "type": "date",
      "description": "",
      "name": "input_date_delivrance_cin_personne_physique_tunisienne_debiteur",
      "label": "Date de délivrance de la carte d’identité nationale",
      "placeHolder": "",
      "help": "",
      "options": [],
      "value": "",
      "bookmarkIdPerValue": {
        "text": ["date_cin_phy_tun_debiteur"]
        
      },
      "visibility": true
    },
  {
      "id": "input_adresse_personne_physique_tunisienne_debiteur",
      "type": "text",
      "description": "",
      "name": "input_adresse_personne_physique_tunisienne_debiteur",
      "label": "Adresse/Domiciliation",
      "placeHolder": "",
      "help": "",
      "options": [],
      "value": "",
      "bookmarkIdPerValue": {
        "text": ["adresse_phy_tun_debiteur"]
        
      },
      "visibility": true
    },
  {
      "id": "input_lieu_delivrance_cin_personne_physique_tunisienne_debiteur",
      "type": "text",
      "description": "",
      "name": "input_lieu_delivrance_cin_personne_physique_tunisienne_debiteur",
      "label": "Lieu de délivrance de la carte d’identité nationale",
      "placeHolder": "",
      "help": "",
      "options": [],
      "value": "",
      "bookmarkIdPerValue": {
        "text": ["lieu_cin_phys_tun_debiteur"]
        
      },
      "visibility": true
    },
  {
      "id": "input_numero_cin_personne_physique_tunisienne_debiteur",
      "type": "number",
      "description": "",
      "name": "input_numero_cin_personne_physique_tunisienne_debiteur",
      "label": "Numéro de carte d'identité nationale",
      "placeHolder": "",
      "help": "",
      "options": [],
      "value": "",
      "bookmarkIdPerValue": {
        "text": ["nume_cin_phy_tun_debiteur"]
        
      },
      "visibility": true
    },
  {
      "id": "input_lieu_naissance_personne_physique_tunisienne_debiteur",
      "type": "text",
      "description": "",
      "name": "input_lieu_naissance_personne_physique_tunisienne_debiteur",
      "label": "Lieu de naissance",
      "placeHolder": "",
      "help": "",
      "options": [],
      "value": "",
      "bookmarkIdPerValue": {
        "text": ["lieu_naiss_phy_tun_debiteur"]
        
      },
      "visibility": true
    },
  {
      "id": "input_date_naissance_personne_physique_tunisienne_debiteur",
      "type": "date",
      "description": "",
      "name": "input_date_naissance_personne_physique_tunisienne_debiteur",
      "label": "Date de naissance",
      "placeHolder": "",
      "help": "",
      "options": [],
      "value": "",
      "bookmarkIdPerValue": {
        "text": ["date_naiss_phys_tun_debiteur"]
        
      },
      "visibility": true
    },
   {
      "id": "input_nom_personne_physique_tunisienne_debiteur",
      "type": "text",
      "description": "",
      "name": "input_nom_personne_physique_tunisienne_debiteur",
      "label": "Nom",
      "placeHolder": "",
      "help": "",
      "options": [],
      "value": "",
      "bookmarkIdPerValue": {
        "text": ["nom_phys_tun_debiteur"]
        
      },
      "visibility": true
    },
	 {
      "id": "input_prenom_personne_physique_tunisienne_debiteur",
      "type": "text",
      "description": "",
      "name": "input_prenom_personne_physique_tunisienne_debiteur",
      "label": "Prénom",
      "placeHolder": "",
      "help": "",
      "options": [],
      "value": "",
      "bookmarkIdPerValue": {
        "text": ["prenom_phys_tun_debiteur"]
        
      },
      "visibility": true
    },
   {
      "id": "input_nature_personne_physique_tunisienne_debiteur",
      "type": "radio",
      "description": "",
      "name": "nature_employeur",
      "label": "Personne physique tunisienne",
      "placeHolder": "",
      "help": "",
      "options": [],
      "value": "physique tunisienne debiteur",
      "bookmarkIdPerValue": {
        "physique tunisienne debiteur": [
		                                "personne_physique_etrangere_debiteur",
										"personne_morale_tunisienne_debiteur",
										"personne_morale_etrangere_debiteur"]
      },
      "visibility": true
    },
	 {
      "id": "input_nature_personne_physique_etrangere_debiteur",
      "type": "radio",
      "description": "",
      "name": "nature_employeur",
      "label": "Personne physique étrangère",
      "placeHolder": "",
      "help": "",
      "options": [],
      "value": "physique etrangere debiteur",
      "bookmarkIdPerValue": {
        "physique etrangere debiteur": [
		                               "personne_physique_tunisienne_debiteur",
									   "personne_morale_tunisienne_debiteur",
									   "personne_morale_etrangere_debiteur"]
      },
      "visibility": true
    },
	{
      "id": "input_nature_personne_morale_tunisienne_debiteur",
      "type": "radio",
      "description": "",
      "name": "nature_employeur",
      "label": "Personne morale tunisienne",
      "placeHolder": "",
      "help": "",
      "options": [],
      "value": "morale tunisienne debiteur",
      "bookmarkIdPerValue": {
        "morale tunisienne debiteur": [
		                              "personne_physique_tunisienne_debiteur",
									  "personne_physique_etrangere_debiteur",
									  "personne_morale_etrangere_debiteur"]
      },
      "visibility": true
    },
	{
      "id": "input_nature_personne_morale_etrangere_debiteur",
      "type": "radio",
      "description": "",
      "name": "nature_employeur",
      "label": "Personne morale étrangère",
      "placeHolder": "",
      "help": "",
      "options": [],
      "value": "morale etrangere debiteur",
      "bookmarkIdPerValue": {
        "morale etrangere debiteur": [
		                             "personne_physique_tunisienne_debiteur",
									 "personne_physique_etrangere_debiteur",
									 "personne_morale_tunisienne_debiteur"]
      },
      "visibility": true
    },
  
   {
      "id": "input_prenom_personne_morale_etrangere_caution",
      "type": "text",
      "description": "",
      "name": "input_prenom_personne_morale_etrangere_caution",
      "label": "Prénom du représentant",
      "placeHolder": "",
      "help": "",
      "options": [],
      "value": "",
      "bookmarkIdPerValue": {
        "text": ["prenom_morale_etrg_caution"]
        },
      "visibility": true
    },
   {
      "id": "input_nom_personne_morale_etrangere_caution",
      "type": "text",
      "description": "",
      "name": "input_nom_personne_morale_etrangere_caution",
      "label": "Nom du représentant signataire du document",
      "placeHolder": "",
      "help": "",
      "options": [],
      "value": "",
      "bookmarkIdPerValue": {
        "text": ["nom_morale_etrg_caution"]
        },
      "visibility": true
    },
  {
      "id": "input_num_immatriculation_personne_morale_etrangere_caution",
      "type": "text",
      "description": "",
      "name": "input_num_immatriculation_personne_morale_etrangere_caution",
      "label": "Numéro d’immatriculation dans le pays d’origine",
      "placeHolder": "",
      "help": "",
      "options": [],
      "value": "",
      "bookmarkIdPerValue": {
        "text": ["num_immat_morale_etrg_caution"]
        },
      "visibility": true
    },
  {
      "id": "input_adresse_siege_personne_morale_etrangere_caution",
      "type": "text",
      "description": "",
      "name": "input_adresse_siege_personne_morale_etrangere_caution",
      "label": "Adresse du siège social",
      "placeHolder": "",
      "help": "",
      "options": [],
      "value": "",
      "bookmarkIdPerValue": {
        "text": ["adress_morale_etrg_caution"]
        },
      "visibility": true
    },
   {
      "id": "input_pays_immatriculation_personne_morale_etrangere_caution",
      "type": "country",
      "description": "",
      "name": "input_pays_immatriculation_personne_morale_etrangere_caution",
      "label": "Pays d’immatriculation",
      "placeHolder": "",
      "help": "",
      "options": [],
      "value": "",
      "bookmarkIdPerValue": {
        "text": ["pays_immat_morale_etrg_caution"]
        },
      "visibility": true
    },
  {
      "id": "input_forme_personne_morale_etrangere_caution",
      "type": "select",
      "description": "",
      "name": "input_forme_personne_morale_etrangere_caution",
      "label": "Forme",
      "placeHolder": "",
      "help": "",
      "options": ["SA","SARL","SUARL","LLP","GMBH","Autre"],
      "value": "",
      "bookmarkIdPerValue": {
        
		"SA": ["forme_morale_etrg_caution"],
		"SARL": ["forme_morale_etrg_caution"],
		"SUARL": ["forme_morale_etrg_caution"],
		"LLP": ["forme_morale_etrg_caution"],
		"GMBH": ["forme_morale_etrg_caution"],
		"Autre": ["forme_morale_etrg_caution"]
        },
      "visibility": true
    },
	{
      "id": "input_champ_libre_forme_2",
      "type": "text",
      "description": "",
      "name": "input_champ_libre_forme_2",
      "label": "Préciser la forme",
      "placeHolder": "",
      "help": "",
      "options": [],
      "value": "",
      "bookmarkIdPerValue": {
        "text": ["forme_morale_etrg_caution"]
        },
      "visibility": false
    },
  {
      "id": "input_denomination_personne_morale_etrangere_caution",
      "type": "text",
      "description": "",
      "name": "input_denomination_personne_morale_etrangere_caution",
      "label": "Dénomination sociale",
      "placeHolder": "",
      "help": "",
      "options": [],
      "value": "",
      "bookmarkIdPerValue": {
        "text": ["denomi_morale_etrg_caution"]
        },
      "visibility": true
    },
  {
      "id": "input_prenom_personne_morale_tunisienne_caution",
      "type": "text",
      "description": "",
      "name": "input_prenom_personne_morale_tunisienne_caution",
      "label": "Prénom du représentant",
      "placeHolder": "",
      "help": "",
      "options": [],
      "value": "",
      "bookmarkIdPerValue": {
        "text": ["prenom_morale_tun_caution"]
        },
      "visibility": true
    },
  {
      "id": "input_nom_personne_morale_tunisienne_caution",
      "type": "text",
      "description": "",
      "name": "input_nom_personne_morale_tunisienne_caution",
      "label": "Nom du représentant signataire du document",
      "placeHolder": "",
      "help": "",
      "options": [],
      "value": "",
      "bookmarkIdPerValue": {
        "text": ["nom_morale_tun_caution"]
        },
      "visibility": true
    },
  {
      "id": "input_identifiant_unique_personne_morale_tunisienne_caution",
      "type": "text",
      "description": "",
      "name": "input_identifiant_unique_personne_morale_tunisienne_caution",
      "label": "Identifiant Unique",
      "placeHolder": "",
      "help": "",
      "options": [],
      "value": "",
      "bookmarkIdPerValue": {
        "text": ["identi_morale_tun_caution"]
        },
      "visibility": true
    },
  {
      "id": "input_adresse_siege_personne_morale_tunisienne_caution",
      "type": "text",
      "description": "",
      "name": "input_adresse_siege_personne_morale_tunisienne_caution",
      "label": "Adresse du siège social",
      "placeHolder": "",
      "help": "",
      "options": [],
      "value": "",
      "bookmarkIdPerValue": {
        "text": ["adresse_morale_tun_caution"]
        },
      "visibility": true
    },
  {
      "id": "input_capital_personne_morale_tunisienne_caution",
      "type": "text",
      "description": "",
      "name": "input_capital_personne_morale_tunisienne_caution",
      "label": "Capital social",
      "placeHolder": "",
      "help": "",
      "options": [],
      "value": "",
      "bookmarkIdPerValue": {
        "text": ["capital_morale_tun_caution"]
        },
      "visibility": true
    },
   {
      "id": "input_forme_personne_morale_tunisienne_caution",
      "type": "select",
      "description": "",
      "name": "input_forme_personne_morale_tunisienne_caution",
      "label": "Forme",
      "placeHolder": "",
      "help": "",
      "options": ["SA","SARL","SUARL","Autre"],
      "value": "",
      "bookmarkIdPerValue": {
        "SA": ["forme_morale_tun_caution"],
		"SARL": ["forme_morale_tun_caution"],
		"SUARL": ["forme_morale_tun_caution"],
		"Autre": ["forme_morale_tun_caution"]
        },
      "visibility": true
    },
	{
      "id": "input_champ_libre_forme_1",
      "type": "text",
      "description": "",
      "name": "input_champ_libre_forme_1",
      "label": "Préciser la forme",
      "placeHolder": "",
      "help": "",
      "options": [],
      "value": "",
      "bookmarkIdPerValue": {
        "text": ["forme_morale_tun_caution"]
        },
      "visibility": false
    },
  {
      "id": "input_denomination_personne_morale_tunisienne_caution",
      "type": "text",
      "description": "",
      "name": "input_denomination_personne_morale_tunisienne_caution",
      "label": "Dénomination sociale",
      "placeHolder": "",
      "help": "",
      "options": [],
      "value": "",
      "bookmarkIdPerValue": {
        "text": ["denomin_morale_tun_caution"]
        },
      "visibility": true
    },
  {
      "id": "input_adresse_personne_physique_etrangere_caution",
      "type": "text",
      "description": "",
      "name": "input_adresse_personne_physique_etrangere_caution",
      "label": "Adresse/Domiciliation",
      "placeHolder": "",
      "help": "",
      "options": [],
      "value": "",
      "bookmarkIdPerValue": {
        "text": ["adresse_phys_etrg_caution"]
        
      },
      "visibility": true
    },
  {
      "id": "input_date_delivrance_passeport_personne_physique_etrangere_caution",
      "type": "date",
      "description": "",
      "name": "input_date_delivrance_passeport_personne_physique_etrangere_caution",
      "label": "Date de délivrance du passeport",
      "placeHolder": "",
      "help": "",
      "options": [],
      "value": "",
      "bookmarkIdPerValue": {
        "text": ["date_passp_phys_etrg_caution"]
        
      },
      "visibility": true
    },
  {
      "id": "input_numero_passeport_personne_physique_etrangere_caution",
      "type": "text",
      "description": "",
      "name": "input_numero_passeport_personne_physique_etrangere_caution",
      "label": "Numéro de passeport",
      "placeHolder": "",
      "help": "",
      "options": [],
      "value": "",
      "bookmarkIdPerValue": {
        "text": ["num_passp_phys_etrg_caution"]
        
      },
      "visibility": true
    },
  {
      "id": "input_pays_emmetteur_passeport_personne_physique_etrangere_caution",
      "type": "country",
      "description": "",
      "name": "input_pays_emmetteur_passeport_personne_physique_etrangere_caution",
      "label": "Pays émetteur du Passeport",
      "placeHolder": "",
      "help": "",
      "options": [],
      "value": "",
      "bookmarkIdPerValue": {
        "text": ["pays_passp_phys_etrg_caution"]
        
      },
      "visibility": true
    },
  {
      "id": "input_nationalité_personne_physique_etrangere_caution",
      "type": "select",
      "description": "",
      "name": "input_nationalité_personne_physique_etrangere_caution",
      "label": "Nationalité",
      "placeHolder": "",
      "help": "",
      "options": ["Afghan-e",
"Sud-Africain-e",
"Albanais-e",
"Algérien-ne",
"Allemand-e",
"Andorran-e",
"Angolais-e",
"Saoudien-ne",
"Argentin-e",
"Arménien-ne",
"Arubain-ne",
"Australien-ne",
"Autrichien-ne",
"Azerbaïdjanais-e",
"Bahamien-ne",
"Bahreïnien-ne",
"Bangladais-e, Bangladeshi-e",
"Barbadien-ne",
"Biélorusse",
"Birman-e",
"Belge",
"Bélizien-ne",
"Béninois-e",
"Bermudien-ne",
"Bhoutanais-e",
"Bolivien-ne",
"Bosniaque, Bosnien-ne",
"Botswanais-e, Botswanéen-ne",
"Brésilien-ne",
"Brunéien-ne",
"Bulgare",
"Burkinabé-e, Burkinais-e",
"Burundais-e",
"Camerounais-e",
"Canadien-ne",
"Cap-Verdien-ne",
"Centrafricain-e",
"Chilien-ne",
"Chinois-e",
"Chypriote, Cypriote",
"Colombien-ne",
"Comorien-ne",
"Congolais-e",
"Congolais-e",
"Nord-Coréen-ne",
"Sud-Coréen-ne",
"Costaricain-e, Costaricien-ne",
"Ivoirien-ne",
"Croate",
"Cubain-e",
"Danois-e",
"Djiboutien-ne",
"Dominiquais-e",
"Égyptien-ne",
"Émirien-ne",
"Équatorien-ne",
"Érythréen-ne",
"Espagnol-e",
"Estonien-ne",
"Américain-e",
"Éthiopien-ne",
"Fidjien-ne",
"Finlandais-e",
"Français-e",
"Gabonais-e",
"Gambien-ne",
"Géorgien-ne",
"Ghanéen-ne",
"Gibraltarien-ne",
"Grec - Grecque",
"Grenadien-ne",
"Guatémaltèque",
"Guinéen-ne",
"Bissau-Guinéen-ne",
"Équato-Guinéen-ne",
"Guyanais-e, Guyanien-ne",
"Haïtien-ne",
"Hondurien-ne",
"Hongrois-e",
"Indien-ne",
"Indonésien-ne",
"Iranien-ne",
"Irakien-ne, Iraquien-ne",
"Irlandais-e",
"Islandais-e",
"Israélien-ne",
"Italien-ne",
"Jamaïcain-e",
"Japonais-e",
"Jordanien-ne",
"Kazakh(-e)",
"Kenyan-e",
"Kirghiz",
"Kiribatien-ne",
"Koweïtien-ne",
"Kosovar-e",
"Laotien-ne",
"Lesothan-e",
"Letton-(n)e",
"Libanais-e",
"Libérien-ne",
"Libyen-ne",
"Liechtensteinois-e",
"Lituanien-ne",
"Luxembourgeois-e",
"Macédonien-ne",
"Malgache",
"Malaisien-ne",
"Malawite, Malawien-ne",
"Maldivien-ne",
"Malien-ne",
"Maltais-e",
"Marocain-e",
"Mauricien-ne",
"Mauritanien-ne",
"Mexicain-e",
"Monégasque",
"Mongol-e",
"Monténégrin-e",
"Mozambicain-e",
"Namibien-ne",
"Népalais-e",
"Nicaraguayen-ne",
"Nigérien-ne",
"Nigérian-e",
"Norvégien-ne",
"Néo-Zélandais-e",
"Omanais-e",
"Ougandais-e",
"Ouzbek",
"Pakistanais-e",
"Panaméen-ne",
"Papouasien-ne",
"Paraguayen-ne",
"Néerlandais-e",
"Péruvien-ne",
"Philippin-e",
"Polonais-e",
"Portoricain-e",
"Portugais-e",
"Qatari-e, Qatarien-ne",
"Dominicain-e",
"Tchèque",
"Roumain-e",
"Britannique",
"Russe",
"Rwandais-e",
"Saint-Vincentais-e, Grenadin-e",
"Salvadorien-ne",
"Sénégalais-e",
"Serbe",
"Sierra-Léonais-e",
"Singapourien-ne",
"Slovaque",
"Slovène",
"Somalien-ne",
"Soudanais-e",
"Sri-Lankais-e",
"Suédois-e",
"Suisse",
"Surinamien-ne",
"Swazi-e",
"Syrien-ne",
"Tadjik",
"Taïwanais-e",
"Tanzanien-ne",
"Tchadien-ne",
"Thaïlandais-e",
"Est-Timorais-e",
"Togolais-e",
"Tunisien-ne",
"Turkmène",
"Turc - Turque",
"Tuvaluan-e",
"Ukrainien-ne",
"Uruguayen-ne",
"Vénézuélien-ne",
"Vietnamien-ne",
"Yéménite",
"Zambien-ne",
"Zimbabwéen-ne"],
      "value": "",
      "bookmarkIdPerValue": {
        "Afghan-e": ["nationalité_phy_etrg_caution"],
"Sud-Africain-e": ["nationalité_phy_etrg_caution"],
"Albanais-e": ["nationalité_phy_etrg_caution"],
"Algérien-ne": ["nationalité_phy_etrg_caution"],
"Allemand-e": ["nationalité_phy_etrg_caution"],
"Andorran-e": ["nationalité_phy_etrg_caution"],
"Angolais-e": ["nationalité_phy_etrg_caution"],
"Saoudien-ne": ["nationalité_phy_etrg_caution"],
"Argentin-e": ["nationalité_phy_etrg_caution"],
"Arménien-ne": ["nationalité_phy_etrg_caution"],
"Arubain-ne": ["nationalité_phy_etrg_caution"],
"Australien-ne": ["nationalité_phy_etrg_caution"],
"Autrichien-ne": ["nationalité_phy_etrg_caution"],
"Azerbaïdjanais-e": ["nationalité_phy_etrg_caution"],
"Bahamien-ne": ["nationalité_phy_etrg_caution"],
"Bahreïnien-ne": ["nationalité_phy_etrg_caution"],
"Bangladais-e, Bangladeshi-e": ["nationalité_phy_etrg_caution"],
"Barbadien-ne": ["nationalité_phy_etrg_caution"],
"Biélorusse": ["nationalité_phy_etrg_caution"],
"Birman-e": ["nationalité_phy_etrg_caution"],
"Belge": ["nationalité_phy_etrg_caution"],
"Bélizien-ne": ["nationalité_phy_etrg_caution"],
"Béninois-e": ["nationalité_phy_etrg_caution"],
"Bermudien-ne": ["nationalité_phy_etrg_caution"],
"Bhoutanais-e": ["nationalité_phy_etrg_caution"],
"Bolivien-ne": ["nationalité_phy_etrg_caution"],
"Bosniaque, Bosnien-ne": ["nationalité_phy_etrg_caution"],
"Botswanais-e, Botswanéen-ne": ["nationalité_phy_etrg_caution"],
"Brésilien-ne": ["nationalité_phy_etrg_caution"],
"Brunéien-ne": ["nationalité_phy_etrg_caution"],
"Bulgare": ["nationalité_phy_etrg_caution"],
"Burkinabé-e, Burkinais-e": ["nationalité_phy_etrg_caution"],
"Burundais-e": ["nationalité_phy_etrg_caution"],
"Camerounais-e": ["nationalité_phy_etrg_caution"],
"Canadien-ne": ["nationalité_phy_etrg_caution"],
"Cap-Verdien-ne": ["nationalité_phy_etrg_caution"],
"Centrafricain-e": ["nationalité_phy_etrg_caution"],
"Chilien-ne": ["nationalité_phy_etrg_caution"],
"Chinois-e": ["nationalité_phy_etrg_caution"],
"Chypriote, Cypriote": ["nationalité_phy_etrg_caution"],
"Colombien-ne": ["nationalité_phy_etrg_caution"],
"Comorien-ne": ["nationalité_phy_etrg_caution"],
"Congolais-e": ["nationalité_phy_etrg_caution"],
"Congolais-e": ["nationalité_phy_etrg_caution"],
"Nord-Coréen-ne": ["nationalité_phy_etrg_caution"],
"Sud-Coréen-ne": ["nationalité_phy_etrg_caution"],
"Costaricain-e, Costaricien-ne": ["nationalité_phy_etrg_caution"],
"Ivoirien-ne": ["nationalité_phy_etrg_caution"],
"Croate": ["nationalité_phy_etrg_caution"],
"Cubain-e": ["nationalité_phy_etrg_caution"],
"Danois-e": ["nationalité_phy_etrg_caution"],
"Djiboutien-ne": ["nationalité_phy_etrg_caution"],
"Dominiquais-e": ["nationalité_phy_etrg_caution"],
"Égyptien-ne": ["nationalité_phy_etrg_caution"],
"Émirien-ne": ["nationalité_phy_etrg_caution"],
"Équatorien-ne": ["nationalité_phy_etrg_caution"],
"Érythréen-ne": ["nationalité_phy_etrg_caution"],
"Espagnol-e": ["nationalité_phy_etrg_caution"],
"Estonien-ne": ["nationalité_phy_etrg_caution"],
"Américain-e": ["nationalité_phy_etrg_caution"],
"Éthiopien-ne": ["nationalité_phy_etrg_caution"],
"Fidjien-ne": ["nationalité_phy_etrg_caution"],
"Finlandais-e": ["nationalité_phy_etrg_caution"],
"Français-e": ["nationalité_phy_etrg_caution"],
"Gabonais-e": ["nationalité_phy_etrg_caution"],
"Gambien-ne": ["nationalité_phy_etrg_caution"],
"Géorgien-ne": ["nationalité_phy_etrg_caution"],
"Ghanéen-ne": ["nationalité_phy_etrg_caution"],
"Gibraltarien-ne": ["nationalité_phy_etrg_caution"],
"Grec - Grecque": ["nationalité_phy_etrg_caution"],
"Grenadien-ne": ["nationalité_phy_etrg_caution"],
"Guatémaltèque": ["nationalité_phy_etrg_caution"],
"Guinéen-ne": ["nationalité_phy_etrg_caution"],
"Bissau-Guinéen-ne": ["nationalité_phy_etrg_caution"],
"Équato-Guinéen-ne": ["nationalité_phy_etrg_caution"],
"Guyanais-e, Guyanien-ne": ["nationalité_phy_etrg_caution"],
"Haïtien-ne": ["nationalité_phy_etrg_caution"],
"Hondurien-ne": ["nationalité_phy_etrg_caution"],
"Hongrois-e": ["nationalité_phy_etrg_caution"],
"Indien-ne": ["nationalité_phy_etrg_caution"],
"Indonésien-ne": ["nationalité_phy_etrg_caution"],
"Iranien-ne": ["nationalité_phy_etrg_caution"],
"Irakien-ne, Iraquien-ne": ["nationalité_phy_etrg_caution"],
"Irlandais-e": ["nationalité_phy_etrg_caution"],
"Islandais-e": ["nationalité_phy_etrg_caution"],
"Israélien-ne": ["nationalité_phy_etrg_caution"],
"Italien-ne": ["nationalité_phy_etrg_caution"],
"Jamaïcain-e": ["nationalité_phy_etrg_caution"],
"Japonais-e": ["nationalité_phy_etrg_caution"],
"Jordanien-ne": ["nationalité_phy_etrg_caution"],
"Kazakh(-e)": ["nationalité_phy_etrg_caution"],
"Kenyan-e": ["nationalité_phy_etrg_caution"],
"Kirghiz": ["nationalité_phy_etrg_caution"],
"Kiribatien-ne": ["nationalité_phy_etrg_caution"],
"Koweïtien-ne": ["nationalité_phy_etrg_caution"],
"Kosovar-e": ["nationalité_phy_etrg_caution"],
"Laotien-ne": ["nationalité_phy_etrg_caution"],
"Lesothan-e": ["nationalité_phy_etrg_caution"],
"Letton-(n)e": ["nationalité_phy_etrg_caution"],
"Libanais-e": ["nationalité_phy_etrg_caution"],
"Libérien-ne": ["nationalité_phy_etrg_caution"],
"Libyen-ne": ["nationalité_phy_etrg_caution"],
"Liechtensteinois-e": ["nationalité_phy_etrg_caution"],
"Lituanien-ne": ["nationalité_phy_etrg_caution"],
"Luxembourgeois-e": ["nationalité_phy_etrg_caution"],
"Macédonien-ne": ["nationalité_phy_etrg_caution"],
"Malgache": ["nationalité_phy_etrg_caution"],
"Malaisien-ne": ["nationalité_phy_etrg_caution"],
"Malawite, Malawien-ne": ["nationalité_phy_etrg_caution"],
"Maldivien-ne": ["nationalité_phy_etrg_caution"],
"Malien-ne": ["nationalité_phy_etrg_caution"],
"Maltais-e": ["nationalité_phy_etrg_caution"],
"Marocain-e": ["nationalité_phy_etrg_caution"],
"Mauritanien-ne": ["nationalité_phy_etrg_caution"],
"Mexicain-e": ["nationalité_phy_etrg_caution"],
"Monégasque": ["nationalité_phy_etrg_caution"],
"Mongol-e": ["nationalité_phy_etrg_caution"],
"Monténégrin-e": ["nationalité_phy_etrg_caution"],
"Mozambicain-e": ["nationalité_phy_etrg_caution"],
"Namibien-ne": ["nationalité_phy_etrg_caution"],
"Népalais-e": ["nationalité_phy_etrg_caution"],
"Nicaraguayen-ne": ["nationalité_phy_etrg_caution"],
"Nigérien-ne": ["nationalité_phy_etrg_caution"],
"Nigérian-e": ["nationalité_phy_etrg_caution"],
"Norvégien-ne": ["nationalité_phy_etrg_caution"],
"Néo-Zélandais-e": ["nationalité_phy_etrg_caution"],
"Omanais-e": ["nationalité_phy_etrg_caution"],
"Ougandais-e": ["nationalité_phy_etrg_caution"],
"Ouzbek": ["nationalité_phy_etrg_caution"],
"Pakistanais-e": ["nationalité_phy_etrg_caution"],
"Panaméen-ne": ["nationalité_phy_etrg_caution"],
"Papouasien-ne": ["nationalité_phy_etrg_caution"],
"Paraguayen-ne": ["nationalité_phy_etrg_caution"],
"Néerlandais-e": ["nationalité_phy_etrg_caution"],
"Péruvien-ne": ["nationalité_phy_etrg_caution"],
"Philippin-e": ["nationalité_phy_etrg_caution"],
"Polonais-e": ["nationalité_phy_etrg_caution"],
"Portoricain-e": ["nationalité_phy_etrg_caution"],
"Portugais-e": ["nationalité_phy_etrg_caution"],
"Qatari-e, Qatarien-ne": ["nationalité_phy_etrg_caution"],
"Dominicain-e": ["nationalité_phy_etrg_caution"],
"Tchèque": ["nationalité_phy_etrg_caution"],
"Roumain-e": ["nationalité_phy_etrg_caution"],
"Britannique": ["nationalité_phy_etrg_caution"],
"Russe": ["nationalité_phy_etrg_caution"],
"Rwandais-e": ["nationalité_phy_etrg_caution"],
"Saint-Vincentais-e, Grenadin-e": ["nationalité_phy_etrg_caution"],
"Salvadorien-ne": ["nationalité_phy_etrg_caution"],
"Sénégalais-e": ["nationalité_phy_etrg_caution"],
"Serbe": ["nationalité_phy_etrg_caution"],
"Sierra-Léonais-e": ["nationalité_phy_etrg_caution"],
"Singapourien-ne": ["nationalité_phy_etrg_caution"],
"Slovaque": ["nationalité_phy_etrg_caution"],
"Slovène": ["nationalité_phy_etrg_caution"],
"Somalien-ne": ["nationalité_phy_etrg_caution"],
"Soudanais-e": ["nationalité_phy_etrg_caution"],
"Sri-Lankais-e": ["nationalité_phy_etrg_caution"],
"Suédois-e": ["nationalité_phy_etrg_caution"],
"Suisse": ["nationalité_phy_etrg_caution"],
"Surinamien-ne": ["nationalité_phy_etrg_caution"],
"Swazi-e": ["nationalité_phy_etrg_caution"],
"Syrien-ne": ["nationalité_phy_etrg_caution"],
"Tadjik": ["nationalité_phy_etrg_caution"],
"Taïwanais-e": ["nationalité_phy_etrg_caution"],
"Tanzanien-ne": ["nationalité_phy_etrg_caution"],
"Tchadien-ne": ["nationalité_phy_etrg_caution"],
"Thaïlandais-e": ["nationalité_phy_etrg_caution"],
"Est-Timorais-e": ["nationalité_phy_etrg_caution"],
"Togolais-e": ["nationalité_phy_etrg_caution"],
"Tunisien-ne": ["nationalité_phy_etrg_caution"],
"Turkmène": ["nationalité_phy_etrg_caution"],
"Turc - Turque": ["nationalité_phy_etrg_caution"],
"Tuvaluan-e": ["nationalité_phy_etrg_caution"],
"Ukrainien-ne": ["nationalité_phy_etrg_caution"],
"Uruguayen-ne": ["nationalité_phy_etrg_caution"],
"Vénézuélien-ne": ["nationalité_phy_etrg_caution"],
"Vietnamien-ne": ["nationalité_phy_etrg_caution"],
"Yéménite": ["nationalité_phy_etrg_caution"],
"Zambien-ne": ["nationalité_phy_etrg_caution"],
"Zimbabwéen-ne": ["nationalité_phy_etrg_caution"]
        
      },
      "visibility": true
    },
  {
      "id": "input_prenom_personne_physique_etrangere_caution",
      "type": "text",
      "description": "",
      "name": "input_prenom_personne_physique_etrangere_caution",
      "label": "Prénom",
      "placeHolder": "",
      "help": "",
      "options": [],
      "value": "",
      "bookmarkIdPerValue": {
        "text": ["prenom_phy_etrangere_caution"]
        
      },
      "visibility": true
    },
   {
      "id": "input_nom_personne_physique_etrangere_caution",
      "type": "text",
      "description": "",
      "name": "input_nom_personne_physique_etrangere_caution",
      "label": "Nom",
      "placeHolder": "",
      "help": "",
      "options": [],
      "value": "",
      "bookmarkIdPerValue": {
        "text": ["nom_phys_etrangere_caution"]
        
      },
      "visibility": true
    },
   {
      "id": "input_date_delivrance_cin_personne_physique_tunisienne_caution",
      "type": "date",
      "description": "",
      "name": "input_date_delivrance_cin_personne_physique_tunisienne_caution",
      "label": "Date de délivrance de la carte d’identité nationale",
      "placeHolder": "",
      "help": "",
      "options": [],
      "value": "",
      "bookmarkIdPerValue": {
        "text": ["date_cin_phy_tun_caution"]
        
      },
      "visibility": true
    },
  {
      "id": "input_adresse_personne_physique_tunisienne_caution",
      "type": "text",
      "description": "",
      "name": "input_adresse_personne_physique_tunisienne_caution",
      "label": "Adresse/Domiciliation",
      "placeHolder": "",
      "help": "",
      "options": [],
      "value": "",
      "bookmarkIdPerValue": {
        "text": ["adresse_phy_tun_caution"]
        
      },
      "visibility": true
    },
  {
      "id": "input_lieu_delivrance_cin_personne_physique_tunisienne_caution",
      "type": "text",
      "description": "",
      "name": "input_lieu_delivrance_cin_personne_physique_tunisienne_caution",
      "label": "Lieu de délivrance de la carte d’identité nationale",
      "placeHolder": "",
      "help": "",
      "options": [],
      "value": "",
      "bookmarkIdPerValue": {
        "text": ["lieu_cin_phys_tun_caution"]
        
      },
      "visibility": true
    },
  {
      "id": "input_numero_cin_personne_physique_tunisienne_caution",
      "type": "number",
      "description": "",
      "name": "input_numero_cin_personne_physique_tunisienne_caution",
      "label": "Numéro de carte d'identité nationale",
      "placeHolder": "",
      "help": "",
      "options": [],
      "value": "",
      "bookmarkIdPerValue": {
        "text": ["nume_cin_phy_tun_caution"]
        
      },
      "visibility": true
    },
  {
      "id": "input_lieu_naissance_personne_physique_tunisienne_caution",
      "type": "text",
      "description": "",
      "name": "input_lieu_naissance_personne_physique_tunisienne_caution",
      "label": "Lieu de naissance",
      "placeHolder": "",
      "help": "",
      "options": [],
      "value": "",
      "bookmarkIdPerValue": {
        "text": ["lieu_naiss_phy_tun_caution"]
        
      },
      "visibility": true
    },
  {
      "id": "input_date_naissance_personne_physique_tunisienne_caution",
      "type": "date",
      "description": "",
      "name": "input_date_naissance_personne_physique_tunisienne_caution",
      "label": "Date de naissance",
      "placeHolder": "",
      "help": "",
      "options": [],
      "value": "",
      "bookmarkIdPerValue": {
        "text": ["date_naiss_phys_tun_caution"]
        
      },
      "visibility": true
    },
   {
      "id": "input_nom_personne_physique_tunisienne_caution",
      "type": "text",
      "description": "",
      "name": "input_nom_personne_physique_tunisienne_caution",
      "label": "Nom",
      "placeHolder": "",
      "help": "",
      "options": [],
      "value": "",
      "bookmarkIdPerValue": {
        "text": ["nom_phys_tun_caution"]
        
      },
      "visibility": true
    },
	 {
      "id": "input_prenom_personne_physique_tunisienne_caution",
      "type": "text",
      "description": "",
      "name": "input_prenom_personne_physique_tunisienne_caution",
      "label": "Prénom",
      "placeHolder": "",
      "help": "",
      "options": [],
      "value": "",
      "bookmarkIdPerValue": {
        "text": ["prenom_phys_tun_caution"]
        
      },
      "visibility": true
    },
  {
      "id": "input_nature_personne_physique_tunisienne_caution",
      "type": "radio",
      "description": "",
      "name": "nature_employeur",
      "label": "Personne physique tunisienne",
      "placeHolder": "",
      "help": "",
      "options": [],
      "value": "physique tunisienne caution",
      "bookmarkIdPerValue": {
        "physique tunisienne caution": [
		                                "personne_physique_etrangere_caution",
										"personne_morale_tunisienne_caution",
										"personne_morale_etrangere_caution"]
      },
      "visibility": true
    },
	 {
      "id": "input_nature_personne_physique_etrangere_caution",
      "type": "radio",
      "description": "",
      "name": "nature_employeur",
      "label": "Personne physique étrangère",
      "placeHolder": "",
      "help": "",
      "options": [],
      "value": "physique etrangere caution",
      "bookmarkIdPerValue": {
        "physique etrangere caution": [
		                               "personne_physique_tunisienne_caution",
									   "personne_morale_tunisienne_caution",
									   "personne_morale_etrangere_caution"]
      },
      "visibility": true
    },
	{
      "id": "input_nature_personne_morale_tunisienne_caution",
      "type": "radio",
      "description": "",
      "name": "nature_employeur",
      "label": "Personne morale tunisienne",
      "placeHolder": "",
      "help": "",
      "options": [],
      "value": "morale tunisienne caution",
      "bookmarkIdPerValue": {
        "morale tunisienne caution": [
		                              "personne_physique_tunisienne_caution",
									  "personne_physique_etrangere_caution",
									  "personne_morale_etrangere_caution"]
      },
      "visibility": true
    },
	{
      "id": "input_nature_personne_morale_etrangere_caution",
      "type": "radio",
      "description": "",
      "name": "nature_employeur",
      "label": "Personne morale étrangère",
      "placeHolder": "",
      "help": "",
      "options": [],
      "value": "morale etrangere caution",
      "bookmarkIdPerValue": {
        "morale etrangere caution": [
		                             "personne_physique_tunisienne_caution",
									 "personne_physique_etrangere_caution",
									 "personne_morale_tunisienne_caution"]
      },
      "visibility": true
    }
  
   ],
  "bookmarks": [
  {
      "bookmarkId": "bookmarks_question_9",
      "value": "",
      "fontFamily": "Times New Roman",
      "color": null,
      "bold": true,
      "italic": false,
      "capitalized": false,
      "type": "USER_INPUT",
      "fontSize": 11
    },
	{
      "bookmarkId": "bookmarks_question_8",
      "value": "",
      "fontFamily": "Times New Roman",
      "color": null,
      "bold": true,
      "italic": false,
      "capitalized": false,
      "type": "USER_INPUT",
      "fontSize": 11
    },
  {
      "bookmarkId": "bookmarks_question_7",
      "value": "",
      "fontFamily": "Times New Roman",
      "color": null,
      "bold": true,
      "italic": false,
      "capitalized": false,
      "type": "USER_INPUT",
      "fontSize": 11
    },
	{
      "bookmarkId": "bookmarks_question_6",
      "value": "",
      "fontFamily": "Times New Roman",
      "color": null,
      "bold": true,
      "italic": false,
      "capitalized": false,
      "type": "USER_INPUT",
      "fontSize": 11
    },
  {
      "bookmarkId": "bookmarks_question_7_1",
      "value": "",
      "fontFamily": "Times New Roman",
      "color": null,
      "bold": true,
      "italic": false,
      "capitalized": false,
      "type": "USER_INPUT",
      "fontSize": 11
    },
  
   {
      "bookmarkId": "denomi_morale_etrg_debiteur",
      "value": "",
      "fontFamily": "Times New Roman",
      "color": null,
      "bold": true,
      "italic": false,
      "capitalized": false,
      "type": "USER_INPUT",
      "fontSize": 11
    },
	{
      "bookmarkId": "denomi_morale_etrg_debiteur",
      "value": "",
      "fontFamily": "Times New Roman",
      "color": null,
      "bold": true,
      "italic": false,
      "capitalized": false,
      "type": "USER_INPUT",
      "fontSize": 11
    },
	{
      "bookmarkId": "forme_morale_etrg_debiteur",
      "value": "",
      "fontFamily": "Times New Roman",
      "color": null,
      "bold": true,
      "italic": false,
      "capitalized": false,
      "type": "USER_INPUT",
      "fontSize": 11
    },
	{
      "bookmarkId": "pays_immat_morale_etrg_debiteur",
      "value": "",
      "fontFamily": "Times New Roman",
      "color": null,
      "bold": true,
      "italic": false,
      "capitalized": false,
      "type": "USER_INPUT",
      "fontSize": 11
    },{
      "bookmarkId": "adress_morale_etrg_debiteur",
      "value": "",
      "fontFamily": "Times New Roman",
      "color": null,
      "bold": true,
      "italic": false,
      "capitalized": false,
      "type": "USER_INPUT",
      "fontSize": 11
    },{
      "bookmarkId": "num_immat_morale_etrg_debiteur",
      "value": "",
      "fontFamily": "Times New Roman",
      "color": null,
      "bold": true,
      "italic": false,
      "capitalized": false,
      "type": "USER_INPUT",
      "fontSize": 11
    },{
      "bookmarkId": "nom_morale_etrg_debiteur",
      "value": "",
      "fontFamily": "Times New Roman",
      "color": null,
      "bold": true,
      "italic": false,
      "capitalized": false,
      "type": "USER_INPUT",
      "fontSize": 11
    },{
      "bookmarkId": "prenom_morale_etrg_debiteur",
      "value": "",
      "fontFamily": "Times New Roman",
      "color": null,
      "bold": true,
      "italic": false,
      "capitalized": false,
      "type": "USER_INPUT",
      "fontSize": 11
    },
	{
      "bookmarkId": "question_5_loyer",
      "value": "",
      "fontFamily": "Times New Roman",
      "color": null,
      "bold": true,
      "italic": false,
      "capitalized": false,
      "type": "USER_INPUT",
      "fontSize": 11
    },
	{
      "bookmarkId": "qustion_3_bailleur",
      "value": "",
      "fontFamily": "Times New Roman",
      "color": null,
      "bold": true,
      "italic": false,
      "capitalized": false,
      "type": "PARAGRAPH_WITH_BOOKMARKS",
      "fontSize": 11
    },
	{
      "bookmarkId": "qustion_3_bailleur_1",
      "value": "",
      "fontFamily": "Times New Roman",
      "color": null,
      "bold": true,
      "italic": false,
      "capitalized": false,
      "type": "PARAGRAPH_WITH_BOOKMARKS",
      "fontSize": 11
    },
	{
      "bookmarkId": "qustion_3_mandataire_bailleur",
      "value": "",
      "fontFamily": "Times New Roman",
      "color": null,
      "bold": true,
      "italic": false,
      "capitalized": false,
      "type": "PARAGRAPH_WITH_BOOKMARKS",
      "fontSize": 11
    },
	{
      "bookmarkId": "qustion_3_mandataire_bailleur_1",
      "value": "",
      "fontFamily": "Times New Roman",
      "color": null,
      "bold": true,
      "italic": false,
      "capitalized": false,
      "type": "PARAGRAPH_WITH_BOOKMARKS",
      "fontSize": 11
    },
	{
      "bookmarkId": "question_3_mandataire_du_bailleur_nom",
      "value": "",
      "fontFamily": "Times New Roman",
      "color": null,
      "bold": true,
      "italic": false,
      "capitalized": false,
      "type": "USER_INPUT",
      "fontSize": 11
    },
	{
      "bookmarkId": "question_3_mandataire_du_bailleur_prenom",
      "value": "",
      "fontFamily": "Times New Roman",
      "color": null,
      "bold": true,
      "italic": false,
      "capitalized": false,
      "type": "USER_INPUT",
      "fontSize": 11
    },
	{
      "bookmarkId": "qustion_4_preneur",
      "value": "",
      "fontFamily": "Times New Roman",
      "color": null,
      "bold": true,
      "italic": false,
      "capitalized": false,
      "type": "PARAGRAPH_WITH_BOOKMARKS",
      "fontSize": 11
    },
	{
      "bookmarkId": "qustion_4_mandataire_preneur",
      "value": "",
      "fontFamily": "Times New Roman",
      "color": null,
      "bold": true,
      "italic": false,
      "capitalized": false,
      "type": "PARAGRAPH_WITH_BOOKMARKS",
      "fontSize": 11
    },
	{
      "bookmarkId": "question_4_mandataire_du_preneur_nom",
      "value": "",
      "fontFamily": "Times New Roman",
      "color": null,
      "bold": true,
      "italic": false,
      "capitalized": false,
      "type": "USER_INPUT",
      "fontSize": 11
    },
	{
      "bookmarkId": "question_4_mandataire_du_preneur_prenom",
      "value": "",
      "fontFamily": "Times New Roman",
      "color": null,
      "bold": true,
      "italic": false,
      "capitalized": false,
      "type": "USER_INPUT",
      "fontSize": 11
    },
  {
      "bookmarkId": "denomin_morale_tun_debiteur",
      "value": "",
      "fontFamily": "Times New Roman",
      "color": null,
      "bold": true,
      "italic": false,
      "capitalized": false,
      "type": "USER_INPUT",
      "fontSize": 11
    },
	{
      "bookmarkId": "forme_morale_tun_debiteur",
      "value": "",
      "fontFamily": "Times New Roman",
      "color": null,
      "bold": true,
      "italic": false,
      "capitalized": false,
      "type": "USER_INPUT",
      "fontSize": 11
    },
	{
      "bookmarkId": "forme_morale_tun_debiteur",
      "value": "",
      "fontFamily": "Times New Roman",
      "color": null,
      "bold": true,
      "italic": false,
      "capitalized": false,
      "type": "USER_INPUT",
      "fontSize": 11
    },{
      "bookmarkId": "capital_morale_tun_debiteur",
      "value": "",
      "fontFamily": "Times New Roman",
      "color": null,
      "bold": true,
      "italic": false,
      "capitalized": false,
      "type": "USER_INPUT",
      "fontSize": 11
    },{
      "bookmarkId": "adresse_morale_tun_debiteur",
      "value": "",
      "fontFamily": "Times New Roman",
      "color": null,
      "bold": true,
      "italic": false,
      "capitalized": false,
      "type": "USER_INPUT",
      "fontSize": 11
    },{
      "bookmarkId": "identi_morale_tun_debiteur",
      "value": "",
      "fontFamily": "Times New Roman",
      "color": null,
      "bold": true,
      "italic": false,
      "capitalized": false,
      "type": "USER_INPUT",
      "fontSize": 11
    },
	{
      "bookmarkId": "nom_morale_tun_debiteur",
      "value": "",
      "fontFamily": "Times New Roman",
      "color": null,
      "bold": true,
      "italic": false,
      "capitalized": false,
      "type": "USER_INPUT",
      "fontSize": 11
    },{
      "bookmarkId": "prenom_morale_tun_debiteur",
      "value": "",
      "fontFamily": "Times New Roman",
      "color": null,
      "bold": true,
      "italic": false,
      "capitalized": false,
      "type": "USER_INPUT",
      "fontSize": 11
    },

  {
      "bookmarkId": "nom_phys_etrangere_debiteur",
      "value": "",
      "fontFamily": "Times New Roman",
      "color": null,
      "bold": true,
      "italic": false,
      "capitalized": false,
      "type": "USER_INPUT",
      "fontSize": 11
    },
	{
      "bookmarkId": "prenom_phy_etrangere_debiteur",
      "value": "",
      "fontFamily": "Times New Roman",
      "color": null,
      "bold": true,
      "italic": false,
      "capitalized": false,
      "type": "USER_INPUT",
      "fontSize": 11
    },
	{
      "bookmarkId": "nationalité_phy_etrg_debiteur",
      "value": "",
      "fontFamily": "Times New Roman",
      "color": null,
      "bold": true,
      "italic": false,
      "capitalized": false,
      "type": "USER_INPUT",
      "fontSize": 11
    },
	{
      "bookmarkId": "pays_passp_phys_etrg_debiteur",
      "value": "",
      "fontFamily": "Times New Roman",
      "color": null,
      "bold": true,
      "italic": false,
      "capitalized": false,
      "type": "USER_INPUT",
      "fontSize": 11
    },
	{
      "bookmarkId": "num_passp_phys_etrg_debiteur",
      "value": "",
      "fontFamily": "Times New Roman",
      "color": null,
      "bold": true,
      "italic": false,
      "capitalized": false,
      "type": "USER_INPUT",
      "fontSize": 11
    },
	{
      "bookmarkId": "date_passp_phys_etrg_debiteur",
      "value": "",
      "fontFamily": "Times New Roman",
      "color": null,
      "bold": true,
      "italic": false,
      "capitalized": false,
      "type": "USER_INPUT",
      "fontSize": 11
    },
	{
      "bookmarkId": "adresse_phys_etrg_debiteur",
      "value": "",
      "fontFamily": "Times New Roman",
      "color": null,
      "bold": true,
      "italic": false,
      "capitalized": false,
      "type": "USER_INPUT",
      "fontSize": 11
    },
  
  {
      "bookmarkId": "prenom_phys_tun_debiteur",
      "value": "",
      "fontFamily": "Times New Roman",
      "color": null,
      "bold": true,
      "italic": false,
      "capitalized": false,
      "type": "USER_INPUT",
      "fontSize": 11
    },
	{
      "bookmarkId": "nom_phys_tun_debiteur",
      "value": "",
      "fontFamily": "Times New Roman",
      "color": null,
      "bold": true,
      "italic": false,
      "capitalized": false,
      "type": "USER_INPUT",
      "fontSize": 11
    },{
      "bookmarkId": "date_naiss_phys_tun_debiteur",
      "value": "",
      "fontFamily": "Times New Roman",
      "color": null,
      "bold": true,
      "italic": false,
      "capitalized": false,
      "type": "USER_INPUT",
      "fontSize": 11
    },{
      "bookmarkId": "lieu_naiss_phy_tun_debiteur",
      "value": "",
      "fontFamily": "Times New Roman",
      "color": null,
      "bold": true,
      "italic": false,
      "capitalized": false,
      "type": "USER_INPUT",
      "fontSize": 11
    },{
      "bookmarkId": "nume_cin_phy_tun_debiteur",
      "value": "",
      "fontFamily": "Times New Roman",
      "color": null,
      "bold": true,
      "italic": false,
      "capitalized": false,
      "type": "USER_INPUT",
      "fontSize": 11
    },{
      "bookmarkId": "lieu_cin_phys_tun_debiteur",
      "value": "",
      "fontFamily": "Times New Roman",
      "color": null,
      "bold": true,
      "italic": false,
      "capitalized": false,
      "type": "USER_INPUT",
      "fontSize": 11
    },{
      "bookmarkId": "adresse_phy_tun_debiteur",
      "value": "",
      "fontFamily": "Times New Roman",
      "color": null,
      "bold": true,
      "italic": false,
      "capitalized": false,
      "type": "USER_INPUT",
      "fontSize": 11
    },{
      "bookmarkId": "date_cin_phy_tun_debiteur",
      "value": "",
      "fontFamily": "Times New Roman",
      "color": null,
      "bold": true,
      "italic": false,
      "capitalized": false,
      "type": "USER_INPUT",
      "fontSize": 11
    },
  {
      "bookmarkId": "denomi_morale_etrg_caution",
      "value": "",
      "fontFamily": "Times New Roman",
      "color": null,
      "bold": true,
      "italic": false,
      "capitalized": false,
      "type": "USER_INPUT",
      "fontSize": 11
    },
	{
      "bookmarkId": "forme_morale_etrg_caution",
      "value": "",
      "fontFamily": "Times New Roman",
      "color": null,
      "bold": true,
      "italic": false,
      "capitalized": false,
      "type": "USER_INPUT",
      "fontSize": 11
    },
	{
      "bookmarkId": "forme_morale_etrg_caution",
      "value": "",
      "fontFamily": "Times New Roman",
      "color": null,
      "bold": true,
      "italic": false,
      "capitalized": false,
      "type": "USER_INPUT",
      "fontSize": 11
    },
	{
      "bookmarkId": "pays_immat_morale_etrg_caution",
      "value": "",
      "fontFamily": "Times New Roman",
      "color": null,
      "bold": true,
      "italic": false,
      "capitalized": false,
      "type": "USER_INPUT",
      "fontSize": 11
    },{
      "bookmarkId": "adress_morale_etrg_caution",
      "value": "",
      "fontFamily": "Times New Roman",
      "color": null,
      "bold": true,
      "italic": false,
      "capitalized": false,
      "type": "USER_INPUT",
      "fontSize": 11
    },{
      "bookmarkId": "num_immat_morale_etrg_caution",
      "value": "",
      "fontFamily": "Times New Roman",
      "color": null,
      "bold": true,
      "italic": false,
      "capitalized": false,
      "type": "USER_INPUT",
      "fontSize": 11
    },{
      "bookmarkId": "nom_morale_etrg_caution",
      "value": "",
      "fontFamily": "Times New Roman",
      "color": null,
      "bold": true,
      "italic": false,
      "capitalized": false,
      "type": "USER_INPUT",
      "fontSize": 11
    },{
      "bookmarkId": "prenom_morale_etrg_caution",
      "value": "",
      "fontFamily": "Times New Roman",
      "color": null,
      "bold": true,
      "italic": false,
      "capitalized": false,
      "type": "USER_INPUT",
      "fontSize": 11
    },
   {
      "bookmarkId": "denomin_morale_tun_caution",
      "value": "",
      "fontFamily": "Times New Roman",
      "color": null,
      "bold": true,
      "italic": false,
      "capitalized": false,
      "type": "USER_INPUT",
      "fontSize": 11
    },
	{
      "bookmarkId": "forme_morale_tun_caution",
      "value": "",
      "fontFamily": "Times New Roman",
      "color": null,
      "bold": true,
      "italic": false,
      "capitalized": false,
      "type": "USER_INPUT",
      "fontSize": 11
    },
	{
      "bookmarkId": "forme_morale_tun_caution",
      "value": "",
      "fontFamily": "Times New Roman",
      "color": null,
      "bold": true,
      "italic": false,
      "capitalized": false,
      "type": "USER_INPUT",
      "fontSize": 11
    },{
      "bookmarkId": "capital_morale_tun_caution",
      "value": "",
      "fontFamily": "Times New Roman",
      "color": null,
      "bold": true,
      "italic": false,
      "capitalized": false,
      "type": "USER_INPUT",
      "fontSize": 11
    },{
      "bookmarkId": "adresse_morale_tun_caution",
      "value": "",
      "fontFamily": "Times New Roman",
      "color": null,
      "bold": true,
      "italic": false,
      "capitalized": false,
      "type": "USER_INPUT",
      "fontSize": 11
    },{
      "bookmarkId": "identi_morale_tun_caution",
      "value": "",
      "fontFamily": "Times New Roman",
      "color": null,
      "bold": true,
      "italic": false,
      "capitalized": false,
      "type": "USER_INPUT",
      "fontSize": 11
    },
	{
      "bookmarkId": "nom_morale_tun_caution",
      "value": "",
      "fontFamily": "Times New Roman",
      "color": null,
      "bold": true,
      "italic": false,
      "capitalized": false,
      "type": "USER_INPUT",
      "fontSize": 11
    },{
      "bookmarkId": "prenom_morale_tun_caution",
      "value": "",
      "fontFamily": "Times New Roman",
      "color": null,
      "bold": true,
      "italic": false,
      "capitalized": false,
      "type": "USER_INPUT",
      "fontSize": 11
    },
  {
      "bookmarkId": "nom_phys_etrangere_caution",
      "value": "",
      "fontFamily": "Times New Roman",
      "color": null,
      "bold": true,
      "italic": false,
      "capitalized": false,
      "type": "USER_INPUT",
      "fontSize": 11
    },
	{
      "bookmarkId": "prenom_phy_etrangere_caution",
      "value": "",
      "fontFamily": "Times New Roman",
      "color": null,
      "bold": true,
      "italic": false,
      "capitalized": false,
      "type": "USER_INPUT",
      "fontSize": 11
    },
	{
      "bookmarkId": "nationalité_phy_etrg_caution",
      "value": "",
      "fontFamily": "Times New Roman",
      "color": null,
      "bold": true,
      "italic": false,
      "capitalized": false,
      "type": "USER_INPUT",
      "fontSize": 11
    },
	{
      "bookmarkId": "pays_passp_phys_etrg_caution",
      "value": "",
      "fontFamily": "Times New Roman",
      "color": null,
      "bold": true,
      "italic": false,
      "capitalized": false,
      "type": "USER_INPUT",
      "fontSize": 11
    },
	{
      "bookmarkId": "num_passp_phys_etrg_caution",
      "value": "",
      "fontFamily": "Times New Roman",
      "color": null,
      "bold": true,
      "italic": false,
      "capitalized": false,
      "type": "USER_INPUT",
      "fontSize": 11
    },
	{
      "bookmarkId": "date_passp_phys_etrg_caution",
      "value": "",
      "fontFamily": "Times New Roman",
      "color": null,
      "bold": true,
      "italic": false,
      "capitalized": false,
      "type": "USER_INPUT",
      "fontSize": 11
    },
	{
      "bookmarkId": "adresse_phys_etrg_caution",
      "value": "",
      "fontFamily": "Times New Roman",
      "color": null,
      "bold": true,
      "italic": false,
      "capitalized": false,
      "type": "USER_INPUT",
      "fontSize": 11
    },
  {
      "bookmarkId": "prenom_phys_tun_caution",
      "value": "",
      "fontFamily": "Times New Roman",
      "color": null,
      "bold": true,
      "italic": false,
      "capitalized": false,
      "type": "USER_INPUT",
      "fontSize": 11
    },
	{
      "bookmarkId": "nom_phys_tun_caution",
      "value": "",
      "fontFamily": "Times New Roman",
      "color": null,
      "bold": true,
      "italic": false,
      "capitalized": false,
      "type": "USER_INPUT",
      "fontSize": 11
    },{
      "bookmarkId": "date_naiss_phys_tun_caution",
      "value": "",
      "fontFamily": "Times New Roman",
      "color": null,
      "bold": true,
      "italic": false,
      "capitalized": false,
      "type": "USER_INPUT",
      "fontSize": 11
    },{
      "bookmarkId": "lieu_naiss_phy_tun_caution",
      "value": "",
      "fontFamily": "Times New Roman",
      "color": null,
      "bold": true,
      "italic": false,
      "capitalized": false,
      "type": "USER_INPUT",
      "fontSize": 11
    },{
      "bookmarkId": "nume_cin_phy_tun_caution",
      "value": "",
      "fontFamily": "Times New Roman",
      "color": null,
      "bold": true,
      "italic": false,
      "capitalized": false,
      "type": "USER_INPUT",
      "fontSize": 11
    },{
      "bookmarkId": "lieu_cin_phys_tun_caution",
      "value": "",
      "fontFamily": "Times New Roman",
      "color": null,
      "bold": true,
      "italic": false,
      "capitalized": false,
      "type": "USER_INPUT",
      "fontSize": 11
    },{
      "bookmarkId": "adresse_phy_tun_caution",
      "value": "",
      "fontFamily": "Times New Roman",
      "color": null,
      "bold": true,
      "italic": false,
      "capitalized": false,
      "type": "USER_INPUT",
      "fontSize": 11
    },{
      "bookmarkId": "date_cin_phy_tun_caution",
      "value": "",
      "fontFamily": "Times New Roman",
      "color": null,
      "bold": true,
      "italic": false,
      "capitalized": false,
      "type": "USER_INPUT",
      "fontSize": 11
    },
   
  {
      "bookmarkId": "personne_physique_tunisienne_caution",
      "value": "",
      "fontFamily": "Times New Roman",
      "color": null,
      "bold": true,
      "italic": false,
      "capitalized": false,
      "type": "PARAGRAPH_WITH_BOOKMARKS",
      "fontSize": 11
    },
	{
      "bookmarkId": "personne_physique_etrangere_caution",
      "value": "",
      "fontFamily": "Times New Roman",
      "color": null,
      "bold": true,
      "italic": false,
      "capitalized": false,
      "type": "PARAGRAPH_WITH_BOOKMARKS",
      "fontSize": 11
    },
	{
      "bookmarkId": "personne_morale_tunisienne_caution",
      "value": "",
      "fontFamily": "Times New Roman",
      "color": null,
      "bold": true,
      "italic": false,
      "capitalized": false,
      "type": "PARAGRAPH_WITH_BOOKMARKS",
      "fontSize": 11
    },
	{
      "bookmarkId": "personne_morale_etrangere_caution",
      "value": "",
      "fontFamily": "Times New Roman",
      "color": null,
      "bold": true,
      "italic": false,
      "capitalized": false,
      "type": "PARAGRAPH_WITH_BOOKMARKS",
      "fontSize": 11
    },
	{
      "bookmarkId": "personne_physique_tunisienne_debiteur",
      "value": "",
      "fontFamily": "Times New Roman",
      "color": null,
      "bold": true,
      "italic": false,
      "capitalized": false,
      "type": "PARAGRAPH_WITH_BOOKMARKS",
      "fontSize": 11
    },
	{
      "bookmarkId": "personne_physique_etrangere_debiteur",
      "value": "",
      "fontFamily": "Times New Roman",
      "color": null,
      "bold": true,
      "italic": false,
      "capitalized": false,
      "type": "PARAGRAPH_WITH_BOOKMARKS",
      "fontSize": 11
    },
	{
      "bookmarkId": "personne_morale_tunisienne_debiteur",
      "value": "",
      "fontFamily": "Times New Roman",
      "color": null,
      "bold": true,
      "italic": false,
      "capitalized": false,
      "type": "PARAGRAPH_WITH_BOOKMARKS",
      "fontSize": 11
    },
	{
      "bookmarkId": "personne_morale_etrangere_debiteur",
      "value": "",
      "fontFamily": "Times New Roman",
      "color": null,
      "bold": true,
      "italic": false,
      "capitalized": false,
      "type": "PARAGRAPH_WITH_BOOKMARKS",
      "fontSize": 11
    }
	
  ]
}